t,frame,offset,heading,steer_cmd,servo_target_deg,servo_actual_deg,throttle,rows_found,lane_width_px,lines_visible
0.1407,1,0.00000,0.00000,0.00000,75.00,75.00,0.0000,0,-1.00,0
0.2147,2,0.00000,0.00000,0.00000,75.00,75.00,0.0000,1,82.00,0
0.2847,3,0.13530,0.79978,0.14865,72.77,72.00,0.1344,8,82.00,1
0.3435,4,0.14134,0.84875,0.16244,72.56,72.00,0.1329,8,81.80,1
0.4024,5,0.14680,0.88093,0.17578,72.36,72.00,0.1315,8,82.52,1
0.4620,6,0.15133,0.89181,0.18336,72.25,72.00,0.1307,8,83.12,1
0.5218,7,0.15401,0.83402,0.18342,72.25,72.00,0.1307,8,82.97,1
0.5814,8,0.15479,0.79496,0.17865,72.32,72.00,0.1312,8,82.84,1
0.6412,9,0.15420,0.77022,0.17203,72.42,72.00,0.1319,8,82.69,1
0.6976,10,0.15412,0.75992,0.17018,72.45,72.00,0.1321,8,82.59,1
0.7555,11,0.15358,0.75808,0.16806,72.48,72.00,0.1324,8,82.50,1
0.8158,12,0.15342,0.76301,0.16867,72.47,72.00,0.1323,8,82.35,1
0.8746,13,0.15199,0.76511,0.16549,72.52,72.00,0.1326,8,82.25,1
0.9382,14,0.15074,0.76562,0.16467,72.53,72.00,0.1327,8,82.15,1
0.9955,15,0.14934,0.76835,0.16381,72.54,72.00,0.1328,8,82.04,1
1.0575,16,0.14822,0.76881,0.16503,72.52,72.00,0.1327,8,82.00,1
1.1156,17,0.14769,0.77398,0.16830,72.48,72.00,0.1323,8,81.93,1
1.1762,18,0.14769,0.77652,0.17346,72.40,72.00,0.1318,8,81.91,1
1.2383,19,0.14714,0.77575,0.17623,72.36,72.00,0.1315,8,81.82,1
1.3016,20,0.14722,0.78002,0.18131,72.28,72.00,0.1310,8,81.67,1
1.3622,21,0.14510,0.78025,0.17800,72.33,72.00,0.1313,8,81.67,1
1.4187,22,0.14565,0.78273,0.18502,72.22,72.00,0.1306,8,81.60,1
1.4712,23,0.14573,0.78381,0.18911,72.16,72.00,0.1301,8,81.51,1
1.5260,24,0.14524,0.78828,0.19101,72.13,72.00,0.1299,8,81.46,1
1.5806,25,0.14581,0.79167,0.19688,72.05,72.00,0.1293,8,81.51,1
1.6427,26,0.14904,0.83613,0.21189,71.82,71.00,0.1278,8,82.16,1
1.6982,27,0.12733,0.73612,0.13579,72.96,72.00,0.1357,12,82.29,1
1.7589,28,0.14389,0.48982,0.21227,71.82,71.00,0.1277,6,83.93,1
1.8179,29,0.13459,0.27851,0.18056,72.29,72.00,0.1310,6,85.54,1
1.8809,30,0.09185,0.39482,0.03962,74.41,74.00,0.1458,11,87.36,1
1.9430,31,0.08569,0.39778,0.05728,74.14,74.00,0.1440,10,87.92,1
2.0077,32,0.08701,0.54400,0.09560,73.57,73.00,0.1400,8,88.63,1
2.0713,33,0.10392,0.61607,0.17748,72.34,72.00,0.1314,6,89.27,1
2.1368,34,0.13038,0.57581,0.27300,70.91,70.00,0.1213,5,89.59,1
2.1980,35,0.12296,0.65900,0.23168,71.52,71.00,0.1257,6,89.88,1
2.2585,36,0.12140,0.71879,0.22099,71.69,71.00,0.1268,6,90.23,1
2.3177,37,0.14155,0.63150,0.28974,70.65,70.00,0.1196,5,90.50,1
2.3794,38,0.12460,0.73343,0.21465,71.78,71.00,0.1275,7,91.02,1
2.4420,39,0.12349,0.77696,0.21341,71.80,71.00,0.1276,6,91.52,1
2.5022,40,0.11139,0.82825,0.17450,72.38,72.00,0.1317,8,92.00,1
2.5623,41,0.11393,0.83630,0.19545,72.07,72.00,0.1295,6,92.37,1
2.6231,42,0.11307,0.80496,0.19996,72.00,72.00,0.1290,6,92.43,1
2.6833,43,0.11367,0.78126,0.20865,71.87,71.00,0.1281,6,92.49,1
2.7440,44,0.11672,0.78208,0.22432,71.64,71.00,0.1264,6,92.81,1
2.8041,45,0.12017,0.79009,0.23845,71.42,71.00,0.1250,6,93.09,1
2.8667,46,0.11252,0.81458,0.21131,71.83,71.00,0.1278,7,93.38,1
2.9281,47,0.11251,0.79562,0.21755,71.74,71.00,0.1272,6,93.29,1
2.9962,48,0.11116,0.80694,0.21851,71.72,71.00,0.1271,9,93.34,1
3.0747,49,0.08261,0.65933,0.12771,73.08,73.00,0.1366,7,94.11,1
3.1381,50,0.08518,0.59993,0.16104,72.58,72.00,0.1331,10,93.60,1
3.2067,51,0.05522,0.65591,0.07636,73.85,73.00,0.1420,11,94.49,1
3.2716,52,0.08535,0.55459,0.21412,71.79,71.00,0.1275,8,94.34,1
3.3393,53,0.11903,0.46060,0.33181,70.02,70.00,0.1152,6,94.14,1
3.4047,54,0.13551,0.47537,0.36225,69.57,69.00,0.1120,7,94.25,1
3.4708,55,0.14868,0.53911,0.37574,69.36,69.00,0.1105,6,94.17,1
3.5442,56,0.15537,0.54720,0.36308,69.55,69.00,0.1119,6,94.46,1
3.6196,57,0.15132,0.58046,0.31993,70.20,70.00,0.1164,6,94.74,1
3.6958,58,0.15006,0.57266,0.29981,70.50,70.00,0.1185,7,95.07,1
3.7613,59,0.16491,0.54684,0.34149,69.88,69.00,0.1141,5,95.23,1
3.8261,60,0.16930,0.57801,0.33955,69.91,69.00,0.1143,5,95.06,1
3.8910,61,0.15559,0.63041,0.27731,70.84,70.00,0.1209,7,95.10,1
3.9562,62,0.15547,0.61519,0.27683,70.85,70.00,0.1209,6,95.26,1
4.0214,63,0.15173,0.59762,0.26407,71.04,71.00,0.1223,7,95.46,1
4.0877,64,0.14942,0.58400,0.25922,71.11,71.00,0.1228,7,95.65,1
4.1488,65,0.14872,0.57667,0.26043,71.09,71.00,0.1227,7,95.85,1
4.2101,66,0.14751,0.57378,0.25936,71.11,71.00,0.1228,7,95.93,1
4.2714,67,0.14356,0.62089,0.24886,71.27,71.00,0.1239,7,95.69,1
4.3308,68,0.14369,0.60246,0.25442,71.18,71.00,0.1233,7,95.89,1
4.3883,69,0.14500,0.59381,0.26250,71.06,71.00,0.1224,7,96.00,1
4.4466,70,0.10396,0.61983,0.12015,73.20,73.00,0.1374,15,94.55,1
4.5078,71,0.08701,0.62841,0.09453,73.58,73.00,0.1401,3,94.55,1
4.5678,72,0.02862,0.79695,-0.07380,77.58,77.00,0.1423,11,96.35,1
4.6281,73,0.00000,0.76985,-0.10025,78.51,78.00,0.1395,14,95.39,1
4.6923,74,-0.04214,0.71948,-0.17638,81.17,81.00,0.1315,14,95.35,1
4.7578,75,-0.05610,0.65350,-0.13844,79.85,79.00,0.1355,10,95.97,1
4.8216,76,-0.04120,0.52988,-0.01861,75.65,75.00,0.1480,9,96.82,1
4.8871,77,-0.05951,0.58527,-0.04485,76.57,76.00,0.1453,9,98.43,1
4.9525,78,-0.06152,0.57402,-0.01234,75.43,75.00,0.1487,11,98.92,1
5.0201,79,-0.05800,0.55002,0.02904,74.56,74.00,0.1470,10,99.73,1
5.0874,80,-0.03866,0.48030,0.11209,73.32,73.00,0.1382,9,100.27,1
5.1535,81,-0.02069,0.43284,0.16994,72.45,72.00,0.1322,9,100.78,1
5.2198,82,0.00000,0.41790,0.20549,71.92,71.00,0.1284,9,101.29,1
5.2894,83,0.00000,0.41078,0.19792,72.03,72.00,0.1292,9,101.75,1
5.3642,84,0.00000,0.53045,0.15973,72.60,72.00,0.1332,10,101.57,1
5.4300,85,-0.02275,0.56966,0.09523,73.57,73.00,0.1400,9,102.09,1
5.4959,86,-0.02613,0.60246,0.08924,73.66,73.00,0.1406,9,102.21,1
5.5604,87,-0.03584,0.61192,0.06193,74.07,74.00,0.1435,9,102.63,1
5.6274,88,-0.04350,0.62054,0.04730,74.29,74.00,0.1450,9,103.01,1
5.6904,89,-0.03225,0.64053,0.09914,73.51,73.00,0.1396,9,102.65,1
5.7532,90,0.00000,0.60788,0.16073,72.59,72.00,0.1331,9,102.75,1
5.8156,91,0.00000,0.57459,0.17224,72.42,72.00,0.1319,9,102.75,1
5.8810,92,0.00000,0.53658,0.19352,72.10,72.00,0.1297,8,102.77,1
5.9445,93,0.00000,0.55487,0.12000,73.20,73.00,0.1374,10,103.15,1
6.0067,94,-0.03227,0.57338,0.06309,74.05,74.00,0.1434,9,103.52,1
6.0730,95,0.00000,0.54523,0.14645,72.80,72.00,0.1346,8,103.47,1
6.1419,96,0.00000,0.54156,0.16693,72.50,72.00,0.1325,9,103.05,1
6.2023,97,0.00000,0.55515,0.19617,72.06,72.00,0.1294,8,103.35,1
6.2674,98,0.00000,0.53835,0.14715,72.79,72.00,0.1345,9,103.66,1
6.3253,99,0.00000,0.52781,0.11862,73.22,73.00,0.1375,9,103.94,1
6.3821,100,0.00000,0.52005,0.10232,73.47,73.00,0.1393,9,104.17,1
6.4385,101,0.00000,0.50893,0.11505,73.27,73.00,0.1379,8,104.37,1
6.4948,102,-0.02027,0.50836,0.09046,73.64,73.00,0.1405,9,104.60,1
6.5512,103,-0.02186,0.51646,0.09052,73.64,73.00,0.1405,9,104.84,1
6.6060,104,-0.02397,0.51579,0.08810,73.68,73.00,0.1407,9,105.01,1
6.6583,105,-0.02024,0.55109,0.10628,73.41,73.00,0.1388,9,105.45,1
6.7138,106,-0.02158,0.54591,0.10250,73.46,73.00,0.1392,9,105.55,1
6.7685,107,0.00000,0.58538,0.14527,72.82,72.00,0.1347,9,105.75,1
6.8254,108,0.00000,0.56797,0.13134,73.03,73.00,0.1362,9,105.82,1
6.8822,109,0.00000,0.55365,0.12452,73.13,73.00,0.1369,9,105.89,1
6.9460,110,-0.02220,0.53979,0.09774,73.53,73.00,0.1397,9,105.96,1
7.0025,111,-0.02322,0.53189,0.09680,73.55,73.00,0.1398,9,106.03,1
7.0572,112,0.00000,0.56174,0.13163,73.03,73.00,0.1362,9,106.37,1
7.1126,113,-0.02038,0.54840,0.10802,73.38,73.00,0.1387,9,106.36,1
7.1682,114,-0.02186,0.53498,0.10278,73.46,73.00,0.1392,9,106.38,1
7.2225,115,-0.02259,0.52493,0.10111,73.48,73.00,0.1394,9,106.37,1
7.2759,116,0.00000,0.56019,0.13406,72.99,72.00,0.1359,9,106.71,1
7.3311,117,0.00000,0.55402,0.12832,73.08,73.00,0.1365,9,106.76,1
7.3877,118,0.00000,0.57930,0.13866,72.92,72.00,0.1354,9,107.03,1
7.4457,119,0.00000,0.59136,0.12285,73.16,73.00,0.1371,9,106.71,1
7.5029,120,-0.03247,0.59350,0.06192,74.07,74.00,0.1435,10,106.68,1
7.5586,121,-0.03448,0.60060,0.06380,74.04,74.00,0.1433,10,106.31,1
7.6188,122,-0.02661,0.56122,0.10011,73.50,73.00,0.1395,8,106.34,1
7.6788,123,-0.02478,0.53831,0.10637,73.40,73.00,0.1388,9,106.34,1
7.7402,124,-0.02345,0.52328,0.10932,73.36,73.00,0.1385,9,106.35,1
7.7996,125,0.00000,0.51034,0.14230,72.87,72.00,0.1351,8,106.36,1
7.8585,126,0.00000,0.51202,0.13657,72.95,72.00,0.1357,9,106.40,1
7.9197,127,0.00000,0.51266,0.12948,73.06,73.00,0.1364,9,106.40,1
7.9795,128,0.00000,0.54060,0.12674,73.10,73.00,0.1367,9,106.07,1
8.0439,129,-0.03312,0.56334,0.06105,74.08,74.00,0.1436,10,106.12,1
8.1073,130,-0.02989,0.55111,0.08137,73.78,73.00,0.1415,9,106.14,1
8.1680,131,-0.03929,0.56912,0.05226,74.22,74.00,0.1445,10,106.13,1
8.2278,132,-0.04216,0.57981,0.05133,74.23,74.00,0.1446,9,106.18,1
8.2864,133,-0.03573,0.55654,0.08204,73.77,73.00,0.1414,9,106.16,1
8.3486,134,-0.03149,0.53943,0.09807,73.53,73.00,0.1397,9,106.16,1
8.4060,135,-0.02191,0.56847,0.12930,73.06,73.00,0.1364,9,106.50,1
8.4636,136,-0.02039,0.55161,0.12582,73.11,73.00,0.1368,9,106.49,1
8.5203,137,0.00000,0.53812,0.13948,72.91,72.00,0.1354,9,106.47,1
8.5788,138,0.00000,0.52919,0.13213,73.02,73.00,0.1361,9,106.45,1
8.6365,139,0.00000,0.52108,0.12812,73.08,73.00,0.1365,9,106.43,1
8.6943,140,-0.02160,0.51545,0.10093,73.49,73.00,0.1394,9,106.39,1
8.7533,141,-0.02194,0.51647,0.09862,73.52,73.00,0.1396,9,106.39,1
8.8122,142,-0.02226,0.51259,0.09685,73.55,73.00,0.1398,9,106.37,1
8.8710,143,-0.02360,0.51426,0.09175,73.62,73.00,0.1404,9,106.35,1
8.9307,144,-0.02379,0.51278,0.09164,73.63,73.00,0.1404,9,106.30,1
8.9865,145,-0.02434,0.51554,0.09008,73.65,73.00,0.1405,9,106.27,1
9.0501,146,-0.02442,0.51797,0.09041,73.64,73.00,0.1405,9,106.26,1
9.1106,147,-0.02340,0.51827,0.09430,73.59,73.00,0.1401,9,106.26,1
9.1680,148,-0.02224,0.51679,0.09771,73.53,73.00,0.1397,9,106.24,1
9.2251,149,0.00000,0.55882,0.12668,73.10,73.00,0.1367,9,106.55,1
9.2825,150,0.00000,0.54617,0.12221,73.17,73.00,0.1372,9,106.50,1
9.3421,151,-0.02005,0.53538,0.09765,73.54,73.00,0.1397,9,106.44,1
9.3995,152,0.00000,0.53095,0.12970,73.05,73.00,0.1364,9,106.05,1
9.4564,153,0.00000,0.56325,0.13140,73.03,73.00,0.1362,9,106.42,1
9.5147,154,0.00000,0.59043,0.12783,73.08,73.00,0.1366,9,106.71,1
9.5732,155,0.00000,0.57635,0.11535,73.27,73.00,0.1379,9,106.72,1
9.6323,156,0.00000,0.55271,0.10869,73.37,73.00,0.1386,9,106.68,1
9.6921,157,0.00000,0.53734,0.10099,73.49,73.00,0.1394,9,106.65,1
9.7593,158,-0.02204,0.52506,0.07977,73.80,73.00,0.1416,9,106.61,1
9.8189,159,-0.02268,0.51953,0.08090,73.79,73.00,0.1415,9,106.57,1
9.8795,160,-0.03590,0.55186,0.03759,74.44,74.00,0.1461,10,106.55,1
9.9431,161,-0.03292,0.54256,0.06010,74.10,74.00,0.1437,9,106.55,1
10.0047,162,-0.02401,0.56978,0.09681,73.55,73.00,0.1398,9,106.83,1
10.0702,163,-0.02995,0.62190,0.07322,73.90,73.00,0.1423,10,107.09,1
10.1314,164,-0.03070,0.61849,0.07287,73.91,73.00,0.1423,10,106.68,1
10.1902,165,-0.02902,0.57627,0.08063,73.79,73.00,0.1415,9,106.58,1
10.2523,166,-0.02654,0.55155,0.08931,73.66,73.00,0.1406,9,106.55,1
10.3103,167,-0.02004,0.57089,0.11021,73.35,73.00,0.1384,9,106.82,1
10.3676,168,0.00000,0.58853,0.13538,72.97,72.00,0.1358,9,107.07,1
10.4257,169,0.00000,0.60360,0.13893,72.92,72.00,0.1354,9,107.42,1
10.4905,170,0.00000,0.57204,0.12018,73.20,73.00,0.1374,9,107.30,1
10.5518,171,0.00000,0.54453,0.11010,73.35,73.00,0.1384,9,107.20,1
10.6131,172,0.00000,0.56954,0.11632,73.26,73.00,0.1378,9,107.40,1
10.6723,173,0.00000,0.54660,0.10397,73.44,73.00,0.1391,9,107.28,1
10.7308,174,0.00000,0.52898,0.10154,73.48,73.00,0.1393,9,107.20,1
10.7885,175,-0.02019,0.52117,0.08015,73.80,73.00,0.1416,9,107.12,1
10.8472,176,0.00000,0.51553,0.11488,73.28,73.00,0.1379,9,106.70,1
10.9060,177,0.00000,0.51277,0.10419,73.44,73.00,0.1391,9,106.61,1
10.9657,178,0.00000,0.55407,0.11018,73.35,73.00,0.1384,9,106.88,1
11.0219,179,0.00000,0.54259,0.10163,73.48,73.00,0.1393,9,106.81,1
11.0791,180,-0.02092,0.53458,0.07797,73.83,73.00,0.1418,9,106.75,1
11.1359,181,0.00000,0.52406,0.11225,73.32,73.00,0.1382,9,106.30,1
11.1962,182,0.00000,0.52288,0.10333,73.45,73.00,0.1392,9,106.31,1
11.2560,183,0.00000,0.56152,0.11067,73.34,73.00,0.1384,9,106.62,1
11.3164,184,0.00000,0.54905,0.10101,73.48,73.00,0.1394,9,106.57,1
11.3749,185,-0.02038,0.53625,0.08107,73.78,73.00,0.1415,9,106.54,1
11.4349,186,0.00000,0.52026,0.10994,73.35,73.00,0.1385,8,106.51,1
11.4922,187,0.00000,0.51316,0.10276,73.46,73.00,0.1392,9,106.48,1
11.5505,188,-0.02025,0.51113,0.08255,73.76,73.00,0.1413,9,106.46,1
11.6103,189,-0.02156,0.51400,0.07892,73.82,73.00,0.1417,9,106.45,1
11.6678,190,-0.02195,0.51351,0.07910,73.81,73.00,0.1417,9,106.43,1
11.7241,191,-0.02271,0.51350,0.07767,73.84,73.00,0.1418,9,106.41,1
11.7818,192,-0.02342,0.51291,0.07647,73.85,73.00,0.1420,9,106.36,1
11.8424,193,-0.02398,0.51488,0.07592,73.86,73.00,0.1420,9,106.34,1
11.9084,194,-0.03691,0.55188,0.03197,74.52,74.00,0.1466,10,106.33,1
11.9665,195,-0.03342,0.53851,0.05391,74.19,74.00,0.1443,9,106.27,1
12.0252,196,-0.02503,0.57394,0.08778,73.68,73.00,0.1408,9,106.60,1
12.0839,197,-0.02422,0.55776,0.08765,73.69,73.00,0.1408,9,106.54,1
12.1424,198,0.00000,0.58250,0.12561,73.12,73.00,0.1368,9,106.87,1
12.2003,199,0.00000,0.56099,0.11641,73.25,73.00,0.1378,9,106.80,1
12.2576,200,0.00000,0.54485,0.11068,73.34,73.00,0.1384,9,106.75,1
12.3154,201,0.00000,0.53370,0.10362,73.45,73.00,0.1391,9,106.70,1
12.3736,202,-0.02046,0.52452,0.08220,73.77,73.00,0.1414,9,106.65,1
12.4304,203,-0.02095,0.51367,0.07998,73.80,73.00,0.1416,9,106.59,1
12.4894,204,-0.02208,0.50970,0.07588,73.86,73.00,0.1420,9,106.52,1
12.5482,205,-0.02141,0.50838,0.07889,73.82,73.00,0.1417,9,106.52,1
12.6128,206,-0.02285,0.50496,0.07363,73.90,73.00,0.1423,9,106.43,1
12.6751,207,-0.02256,0.50833,0.07545,73.87,73.00,0.1421,9,106.41,1
12.7405,208,-0.02313,0.50959,0.07367,73.89,73.00,0.1423,9,106.36,1
12.8071,209,-0.02292,0.51196,0.07483,73.88,73.00,0.1421,9,106.39,1
12.8685,210,-0.02377,0.51636,0.07184,73.92,73.00,0.1425,9,106.35,1
12.9296,211,-0.02369,0.51870,0.07257,73.91,73.00,0.1424,9,106.31,1
12.9915,212,-0.02404,0.51701,0.07143,73.93,73.00,0.1425,9,106.26,1
13.0502,213,-0.02334,0.51531,0.07409,73.89,73.00,0.1422,9,106.22,1
13.1099,214,-0.02259,0.51581,0.07619,73.86,73.00,0.1420,9,106.22,1
13.1670,215,-0.02274,0.51780,0.07462,73.88,73.00,0.1422,9,106.20,1
13.2287,216,-0.02307,0.51661,0.07265,73.91,73.00,0.1424,9,106.17,1
13.2891,217,-0.02286,0.51838,0.07293,73.91,73.00,0.1423,9,106.16,1
13.3540,218,-0.02243,0.52061,0.07374,73.89,73.00,0.1423,9,106.17,1
13.4113,219,-0.02269,0.52062,0.07198,73.92,73.00,0.1424,9,106.15,1
13.4698,220,-0.02236,0.52188,0.07254,73.91,73.00,0.1424,9,106.16,1
13.5269,221,-0.02258,0.51958,0.07101,73.93,73.00,0.1425,9,106.15,1
13.5818,222,-0.02202,0.52089,0.07246,73.91,73.00,0.1424,9,106.17,1
13.6386,223,-0.02161,0.52185,0.07301,73.90,73.00,0.1423,9,106.19,1
13.6969,224,0.00000,0.56118,0.10415,73.44,73.00,0.1391,9,106.53,1
13.7568,225,0.00000,0.54571,0.09783,73.53,73.00,0.1397,9,106.51,1
13.8127,226,0.00000,0.57327,0.10502,73.42,73.00,0.1390,9,106.80,1
13.8712,227,0.00000,0.55305,0.09163,73.63,73.00,0.1404,9,106.70,1
13.9322,228,0.00000,0.54050,0.08616,73.71,73.00,0.1410,9,106.65,1
13.9914,229,0.00000,0.57161,0.09715,73.54,73.00,0.1398,9,106.95,1
14.0583,230,0.00000,0.55234,0.08699,73.70,73.00,0.1409,9,106.83,1
14.1206,231,0.00000,0.53420,0.08376,73.74,73.00,0.1412,9,106.77,1
14.1802,232,-0.02019,0.52057,0.06592,74.01,74.00,0.1431,9,106.73,1
14.2409,233,-0.02191,0.51361,0.06109,74.08,74.00,0.1436,9,106.64,1
14.3005,234,-0.02256,0.51228,0.06076,74.09,74.00,0.1436,9,106.57,1
14.3595,235,-0.02295,0.51338,0.06111,74.08,74.00,0.1436,9,106.52,1
14.4229,236,-0.02359,0.51189,0.06034,74.09,74.00,0.1437,9,106.46,1
14.4846,237,-0.02450,0.51058,0.05845,74.12,74.00,0.1439,9,106.37,1
14.5483,238,-0.02341,0.50817,0.06376,74.04,74.00,0.1433,9,106.36,1
14.6096,239,-0.02293,0.50912,0.06547,74.02,74.00,0.1431,9,106.31,1
14.6696,240,-0.02190,0.50900,0.06861,73.97,73.00,0.1428,9,106.32,1
14.7338,241,-0.02172,0.50813,0.06795,73.98,73.00,0.1429,9,106.30,1
14.8032,242,-0.02305,0.50979,0.06203,74.07,74.00,0.1435,9,106.23,1
14.8752,243,-0.02356,0.51420,0.06030,74.10,74.00,0.1437,9,106.17,1
14.9381,244,-0.02358,0.51766,0.06046,74.09,74.00,0.1437,9,106.15,1
14.9981,245,-0.02328,0.51450,0.06149,74.08,74.00,0.1435,9,106.14,1
15.0595,246,-0.02286,0.51429,0.06264,74.06,74.00,0.1434,9,106.11,1
15.1229,247,-0.02348,0.51394,0.05973,74.10,74.00,0.1437,9,106.08,1
15.1866,248,-0.04228,0.49976,-0.00596,75.21,75.00,0.1494,10,105.27,1
15.2540,249,-0.02335,0.54751,0.07444,73.88,73.00,0.1422,5,105.84,1
15.3225,250,-0.04721,0.61863,-0.01303,75.46,75.00,0.1486,12,105.64,1
15.3938,251,-0.05301,0.62214,-0.01721,75.60,75.00,0.1482,10,105.75,1
15.4602,252,-0.03572,0.59224,0.05543,74.17,74.00,0.1442,8,106.66,1
15.5246,253,-0.02455,0.54712,0.08991,73.65,73.00,0.1406,9,106.12,1
15.5947,254,0.00000,0.44330,0.12536,73.12,73.00,0.1368,11,104.69,1
15.6611,255,0.00000,0.52475,0.10354,73.45,73.00,0.1391,16,103.33,1
15.7270,256,-0.02335,0.61026,0.05796,74.13,74.00,0.1439,17,101.84,1
15.7921,257,-0.03959,0.56061,0.00061,74.99,74.00,0.1499,18,100.27,1
15.8546,258,0.00000,0.52278,0.12847,73.07,73.00,0.1365,13,98.37,1
15.9160,259,0.03569,0.20739,0.25640,71.15,71.00,0.1231,11,96.81,1
15.9735,260,0.03588,0.03216,0.21638,71.75,71.00,0.1273,8,93.83,1
16.0338,261,0.03496,-0.26695,0.18206,72.27,72.00,0.1309,9,89.68,1
16.0924,262,0.03696,-0.43730,0.16849,72.47,72.00,0.1323,10,86.67,1
16.1512,263,0.03586,-0.05578,0.14852,72.77,72.00,0.1344,7,83.28,1
16.2106,264,0.00000,-0.47662,-0.02560,75.90,75.00,0.1473,6,79.67,1
16.2748,265,0.00000,-0.04311,0.00609,74.91,74.00,0.1494,8,76.86,1
16.3463,266,-0.02388,-0.12234,-0.01649,75.58,75.00,0.1483,9,74.70,1
16.4077,267,0.00000,-0.19258,0.06077,74.09,74.00,0.1436,10,73.86,1
16.4711,268,0.00000,-0.26520,0.08565,73.72,73.00,0.1410,11,73.83,1
16.5375,269,0.00000,-0.07259,0.10303,73.45,73.00,0.1392,13,73.93,1
16.5998,270,0.00000,0.25956,0.09317,73.60,73.00,0.1402,15,74.53,1
16.6648,271,-0.02023,0.56150,0.00637,74.90,74.00,0.1493,16,74.39,1
16.7273,272,-0.03311,0.64903,-0.02313,75.81,75.00,0.1476,15,75.41,1
16.7887,273,-0.04927,0.73402,-0.05967,77.09,77.00,0.1437,17,76.07,1
16.8522,274,0.00000,0.50592,0.09093,73.64,73.00,0.1405,14,76.78,1
16.9123,275,0.00000,0.37912,0.11187,73.32,73.00,0.1383,15,77.50,1
16.9748,276,-0.03048,0.41298,0.01686,74.75,74.00,0.1482,17,77.53,1
17.0360,277,-0.02055,0.33974,0.05994,74.10,74.00,0.1437,14,77.88,1
17.0940,278,-0.05337,0.49201,-0.05648,76.98,76.00,0.1441,18,78.14,1
17.1545,279,-0.05222,0.48653,-0.02953,76.03,76.00,0.1469,16,78.68,1
17.2163,280,-0.02242,0.41727,0.09060,73.64,73.00,0.1405,14,79.46,1
17.2783,281,0.00000,0.38926,0.16586,72.51,72.00,0.1326,15,80.25,1
17.3489,282,0.00000,0.35967,0.17678,72.35,72.00,0.1314,14,80.78,1
17.4273,283,0.03836,0.35394,0.21960,71.71,71.00,0.1269,15,80.91,1
17.4912,284,0.00000,0.43034,0.10105,73.48,73.00,0.1394,16,81.45,1
17.5540,285,0.02546,0.40822,0.13513,72.97,72.00,0.1358,15,81.73,1
17.6143,286,0.02835,0.37190,0.13411,72.99,72.00,0.1359,14,82.08,1
17.6756,287,0.03396,0.36557,0.14367,72.85,72.00,0.1349,15,82.46,1
17.7393,288,0.00000,0.42945,0.06268,74.06,74.00,0.1434,16,82.80,1
17.8044,289,0.03196,0.44645,0.12853,73.07,73.00,0.1365,16,83.05,1
17.8705,290,0.03980,0.41590,0.14833,72.78,72.00,0.1344,15,83.07,1
17.9318,291,0.03928,0.38602,0.13621,72.96,72.00,0.1357,15,83.27,1
17.9919,292,0.03734,0.36095,0.12293,73.16,73.00,0.1371,15,83.47,1
18.0535,293,0.03516,0.33845,0.11216,73.32,73.00,0.1382,14,83.68,1
18.1129,294,0.00000,0.41153,0.02693,74.60,74.00,0.1472,16,83.73,1
18.1719,295,0.02441,0.39217,0.08882,73.67,73.00,0.1407,15,83.61,1
18.2306,296,0.02835,0.37484,0.10623,73.41,73.00,0.1388,15,83.81,1
18.2894,297,0.03400,0.36551,0.12599,73.11,73.00,0.1368,15,83.69,1
18.3476,298,0.03277,0.34705,0.11764,73.24,73.00,0.1376,15,83.85,1
18.4059,299,0.03897,0.35106,0.13771,72.93,72.00,0.1355,15,83.77,1
18.4624,300,0.03755,0.34419,0.12723,73.09,73.00,0.1366,15,83.82,1
18.5190,301,0.03219,0.31157,0.10552,73.42,73.00,0.1389,14,83.94,1
18.5826,302,0.02988,0.30816,0.09963,73.51,73.00,0.1395,15,84.27,1
18.6416,303,0.03091,0.31627,0.10658,73.40,73.00,0.1388,15,84.31,1
18.7026,304,0.00000,0.44678,0.03656,74.45,74.00,0.1462,16,84.19,1
18.7639,305,0.02511,0.42928,0.10209,73.47,73.00,0.1393,15,84.11,1
18.8235,306,0.02909,0.40073,0.11774,73.23,73.00,0.1376,15,84.15,1
18.8862,307,0.03269,0.38381,0.12880,73.07,73.00,0.1365,15,84.26,1
18.9471,308,0.03755,0.36925,0.14233,72.87,72.00,0.1351,15,84.24,1
19.0095,309,0.04496,0.36255,0.16215,72.57,72.00,0.1330,15,83.88,1
19.0700,310,0.04360,0.35502,0.14812,72.78,72.00,0.1344,15,84.04,1
19.1310,311,0.04554,0.35077,0.14953,72.76,72.00,0.1343,15,84.00,1
19.1911,312,0.04588,0.34672,0.14581,72.81,72.00,0.1347,15,83.82,1
19.2545,313,0.02287,0.46729,0.06171,74.07,74.00,0.1435,15,83.74,1
19.3225,314,0.02580,0.42403,0.08795,73.68,73.00,0.1408,15,83.69,1
19.3834,315,0.02784,0.39151,0.10332,73.45,73.00,0.1392,15,83.76,1
19.4423,316,0.02685,0.35845,0.10415,73.44,73.00,0.1391,15,83.97,1
19.5020,317,0.02974,0.33720,0.11833,73.23,73.00,0.1376,15,83.88,1
19.5587,318,0.03695,0.36584,0.14457,72.83,72.00,0.1348,16,83.98,1
19.6158,319,0.04012,0.35749,0.15148,72.73,72.00,0.1341,15,83.87,1
19.6731,320,0.04310,0.35012,0.15687,72.65,72.00,0.1335,15,83.79,1
19.7303,321,0.04135,0.34044,0.14503,72.82,72.00,0.1348,15,83.77,1
19.7867,322,0.03899,0.33833,0.13412,72.99,72.00,0.1359,15,83.86,1
19.8441,323,0.04821,0.36528,0.16688,72.50,72.00,0.1325,15,83.84,1
19.9022,324,0.03877,0.44057,0.12698,73.10,73.00,0.1367,16,83.76,1
19.9628,325,0.04307,0.44288,0.14478,72.83,72.00,0.1348,15,83.89,1
20.0272,326,0.03992,0.39997,0.13255,73.01,73.00,0.1361,15,84.05,1
20.0847,327,0.04443,0.40658,0.15009,72.75,72.00,0.1342,15,84.13,1
20.1416,328,0.03699,0.48847,0.12229,73.17,73.00,0.1372,16,83.84,1
20.2003,329,0.02807,0.55207,0.09518,73.57,73.00,0.1400,17,83.55,1
20.2578,330,0.02958,0.48669,0.11028,73.35,73.00,0.1384,15,83.73,1
20.3159,331,0.02994,0.43034,0.11770,73.23,73.00,0.1376,15,83.80,1
20.3746,332,0.03028,0.38611,0.12323,73.15,73.00,0.1371,15,83.89,1
20.4311,333,0.03038,0.35257,0.12658,73.10,73.00,0.1367,15,84.02,1
20.4902,334,0.00000,0.45563,0.02181,74.67,74.00,0.1477,17,84.13,1
20.5481,335,0.00000,0.41161,0.07109,73.93,73.00,0.1425,15,84.19,1
20.6059,336,0.00000,0.49452,0.02063,74.69,74.00,0.1478,17,84.28,1
20.6632,337,0.00000,0.51805,0.03530,74.47,74.00,0.1463,16,84.39,1
20.7272,338,0.00000,0.44791,0.10490,73.43,73.00,0.1390,15,84.43,1
20.7895,339,0.00000,0.46689,0.09113,73.63,73.00,0.1404,16,84.64,1
20.8487,340,0.00000,0.40794,0.13923,72.91,72.00,0.1354,15,84.59,1
20.9060,341,0.00000,0.44739,0.11138,73.33,73.00,0.1383,16,84.63,1
20.9621,342,0.00000,0.47498,0.08958,73.66,73.00,0.1406,16,84.65,1
21.0196,343,0.00000,0.42104,0.13781,72.93,72.00,0.1355,15,84.73,1
21.0762,344,0.00000,0.45192,0.10464,73.43,73.00,0.1390,16,84.71,1
21.1309,345,0.00000,0.48144,0.11049,73.34,73.00,0.1384,16,84.34,1
21.1854,346,0.00000,0.52543,0.10694,73.40,73.00,0.1388,17,84.44,1
21.2419,347,0.00000,0.44820,0.12994,73.05,73.00,0.1364,15,84.53,1
21.2999,348,0.00000,0.45893,0.09504,73.57,73.00,0.1400,16,84.63,1
21.3559,349,0.00000,0.47126,0.07346,73.90,73.00,0.1423,16,84.74,1
21.4152,350,0.00000,0.40738,0.12258,73.16,73.00,0.1371,15,84.88,1
21.4683,351,0.00000,0.48559,0.06587,74.01,74.00,0.1431,17,84.91,1
21.5211,352,-0.02470,0.53873,0.01448,74.78,74.00,0.1485,17,84.83,1
21.5751,353,-0.02451,0.53129,0.03346,74.50,74.00,0.1465,16,84.86,1
21.6306,354,0.00000,0.53364,0.08101,73.78,73.00,0.1415,16,84.87,1
21.6862,355,0.00000,0.46042,0.14853,72.77,72.00,0.1344,15,84.91,1
21.7422,356,0.00000,0.39509,0.17824,72.33,72.00,0.1313,15,84.89,1
21.7994,357,0.00000,0.46003,0.15822,72.63,72.00,0.1334,16,84.94,1
21.8554,358,0.00000,0.47445,0.11994,73.20,73.00,0.1374,16,84.92,1
21.9139,359,0.00000,0.41017,0.14282,72.86,72.00,0.1350,15,85.05,1
21.9707,360,0.02787,0.36960,0.17971,72.30,72.00,0.1311,15,84.98,1
22.0270,361,0.00000,0.41591,0.10597,73.41,73.00,0.1389,16,85.08,1
22.0870,362,0.00000,0.45336,0.07766,73.84,73.00,0.1418,16,85.04,1
22.1404,363,0.00000,0.40550,0.11888,73.22,73.00,0.1375,15,85.07,1
22.1957,364,0.00000,0.42611,0.08304,73.75,73.00,0.1413,16,85.04,1
22.2494,365,0.00000,0.48672,0.09101,73.63,73.00,0.1404,16,85.06,1
22.3046,366,0.00000,0.50551,0.07907,73.81,73.00,0.1417,16,85.05,1
22.3598,367,0.00000,0.51582,0.07312,73.90,73.00,0.1423,16,84.98,1
22.4155,368,0.00000,0.52056,0.07880,73.82,73.00,0.1417,16,85.09,1
22.4707,369,0.00000,0.45350,0.13158,73.03,73.00,0.1362,15,85.10,1
22.5228,370,0.00000,0.50957,0.07387,73.89,73.00,0.1422,17,85.11,1
22.5756,371,0.00000,0.53872,0.09493,73.58,73.00,0.1400,17,85.12,1
22.6298,372,0.00000,0.52270,0.08630,73.71,73.00,0.1409,16,85.11,1
22.6839,373,0.00000,0.45071,0.13811,72.93,72.00,0.1355,15,85.10,1
22.7464,374,0.00000,0.46582,0.12054,73.19,73.00,0.1373,16,85.01,1
22.8024,375,0.00000,0.47123,0.09729,73.54,73.00,0.1398,16,85.24,1
22.8586,376,0.00000,0.48112,0.09082,73.64,73.00,0.1405,16,85.21,1
22.9148,377,0.00000,0.47575,0.08198,73.77,73.00,0.1414,16,85.20,1
22.9716,378,0.00000,0.40986,0.13509,72.97,72.00,0.1358,15,85.24,1
23.0272,379,0.02075,0.37045,0.18151,72.28,72.00,0.1309,15,85.23,1
23.0854,380,0.00000,0.39990,0.11958,73.21,73.00,0.1374,16,85.24,1
23.1430,381,0.00000,0.43758,0.09770,73.53,73.00,0.1397,16,85.14,1
23.1978,382,0.00000,0.47209,0.09041,73.64,73.00,0.1405,16,85.14,1
23.2553,383,0.00000,0.49784,0.08355,73.75,73.00,0.1412,16,85.17,1
23.3130,384,0.00000,0.50975,0.08940,73.66,73.00,0.1406,16,85.12,1
23.3705,385,0.00000,0.51987,0.09064,73.64,73.00,0.1405,16,85.14,1
23.4329,386,0.00000,0.45204,0.14204,72.87,72.00,0.1351,15,85.16,1
23.4899,387,0.03152,0.42902,0.21253,71.81,71.00,0.1277,15,85.20,1
23.5502,388,0.00000,0.45878,0.12831,73.08,73.00,0.1365,16,85.21,1
23.6088,389,0.02370,0.39191,0.15715,72.64,72.00,0.1335,15,85.26,1
23.6706,390,0.02782,0.34658,0.16349,72.55,72.00,0.1328,15,85.29,1
23.7327,391,0.00000,0.42198,0.09947,73.51,73.00,0.1396,17,85.31,1
23.7925,392,0.00000,0.45990,0.07136,73.93,73.00,0.1425,16,85.24,1
23.8517,393,0.00000,0.40040,0.10438,73.43,73.00,0.1390,15,85.25,1
23.9129,394,0.02979,0.40180,0.17607,72.36,72.00,0.1315,15,85.30,1
23.9735,395,0.03280,0.35840,0.17509,72.37,72.00,0.1316,15,85.33,1
24.0380,396,0.04291,0.36635,0.19975,72.00,72.00,0.1290,15,85.24,1
24.1074,397,0.04412,0.35001,0.18797,72.18,72.00,0.1303,15,85.29,1
24.1750,398,0.02517,0.39020,0.11192,73.32,73.00,0.1382,16,85.20,1
24.2354,399,0.00000,0.43806,0.06900,73.97,73.00,0.1428,16,84.96,1
24.2946,400,0.00000,0.39894,0.09448,73.58,73.00,0.1401,14,84.99,1
24.3532,401,0.02516,0.36560,0.13628,72.96,72.00,0.1357,15,84.93,1
24.4132,402,0.02617,0.33108,0.13987,72.90,72.00,0.1353,15,84.99,1
24.4775,403,0.02558,0.31063,0.13718,72.94,72.00,0.1356,15,85.01,1
24.5464,404,0.00000,0.35282,0.08867,73.67,73.00,0.1407,16,84.90,1
24.6230,405,0.00000,0.42085,0.08724,73.69,73.00,0.1408,16,84.98,1
24.6905,406,0.00000,0.47202,0.08958,73.66,73.00,0.1406,16,85.04,1
24.7493,407,0.00000,0.30707,0.08731,73.69,73.00,0.1408,15,84.86,1
24.8147,408,0.00000,0.41323,0.03166,74.53,74.00,0.1467,16,84.79,1
24.8763,409,-0.04020,0.38862,-0.03290,76.15,76.00,0.1465,16,84.67,1
24.9433,410,-0.04212,0.36312,-0.00562,75.20,75.00,0.1494,16,84.70,1
25.0054,411,-0.04377,0.43380,0.01168,74.82,74.00,0.1488,16,84.66,1
25.0641,412,-0.04720,0.61744,0.01606,74.76,74.00,0.1483,15,84.50,1
25.1265,413,-0.07615,0.49130,-0.07018,77.46,77.00,0.1426,15,84.38,1
25.1880,414,-0.05581,0.31502,0.03229,74.52,74.00,0.1466,14,84.82,1
25.2495,415,-0.04267,0.51456,0.08494,73.73,73.00,0.1411,13,85.67,1
25.3109,416,-0.05970,0.34361,0.01997,74.70,74.00,0.1479,17,85.94,1
25.3729,417,-0.06258,0.38478,0.01856,74.72,74.00,0.1481,15,85.89,1
25.4336,418,-0.05185,0.27016,0.06372,74.04,74.00,0.1433,14,86.39,1
25.4920,419,-0.06677,0.22231,0.00875,74.87,74.00,0.1491,15,86.84,1
25.5533,420,-0.05870,0.41437,0.04585,74.31,74.00,0.1452,14,87.66,1
25.6145,421,-0.06006,0.32461,0.04086,74.39,74.00,0.1457,14,87.85,1
25.6760,422,-0.04192,0.37298,0.10480,73.43,73.00,0.1390,13,88.00,1
25.7409,423,-0.02233,0.65677,0.15993,72.60,72.00,0.1332,14,88.91,1
25.8064,424,-0.03034,0.67583,0.10447,73.43,73.00,0.1390,15,88.89,1
25.8820,425,-0.02885,0.80975,0.09682,73.55,73.00,0.1398,14,88.15,1
25.9508,426,-0.03427,0.76926,0.06954,73.96,73.00,0.1427,15,88.00,1
26.0163,427,-0.03933,0.73180,0.05018,74.25,74.00,0.1447,15,87.86,1
26.0801,428,-0.02945,0.55848,0.08608,73.71,73.00,0.1410,15,88.52,1
26.1427,429,-0.02273,0.40520,0.10324,73.45,73.00,0.1392,15,89.37,1
26.2041,430,0.00000,0.33425,0.12786,73.08,73.00,0.1366,15,89.92,1
26.2621,431,0.00000,0.29430,0.12370,73.14,73.00,0.1370,15,90.43,1
26.3206,432,0.00000,0.29033,0.12953,73.06,73.00,0.1364,15,91.08,1
26.3802,433,0.00000,0.27693,0.11891,73.22,73.00,0.1375,15,91.53,1
26.4447,434,0.00000,0.27936,0.10716,73.39,73.00,0.1387,15,91.88,1
26.5062,435,0.00000,0.30072,0.11056,73.34,73.00,0.1384,15,92.01,1
26.5671,436,0.00000,0.29708,0.09970,73.50,73.00,0.1395,15,92.35,1
26.6288,437,0.00000,0.32705,0.10033,73.50,73.00,0.1395,15,92.86,1
26.6876,438,0.00000,0.32354,0.09474,73.58,73.00,0.1401,15,93.08,1
26.7435,439,0.00000,0.31627,0.08750,73.69,73.00,0.1408,15,93.27,1
26.7992,440,0.00000,0.31689,0.08442,73.73,73.00,0.1411,15,93.45,1
26.8567,441,0.00000,0.31241,0.08451,73.73,73.00,0.1411,15,93.58,1
26.9126,442,0.00000,0.33185,0.09237,73.61,73.00,0.1403,15,93.93,1
26.9705,443,0.00000,0.32333,0.09001,73.65,73.00,0.1405,15,94.09,1
27.0264,444,0.00000,0.31649,0.08943,73.66,73.00,0.1406,15,94.16,1
27.0850,445,0.00000,0.31459,0.08824,73.68,73.00,0.1407,15,94.26,1
27.1511,446,-0.02225,0.26675,0.05200,74.22,74.00,0.1445,15,94.36,1
27.2104,447,0.00000,0.30125,0.08579,73.71,73.00,0.1410,15,94.63,1
27.2696,448,-0.02445,0.26707,0.05140,74.23,74.00,0.1446,15,94.73,1
27.3311,449,0.00000,0.30400,0.09277,73.61,73.00,0.1403,15,94.97,1
27.3891,450,0.00000,0.31176,0.09426,73.59,73.00,0.1401,15,94.98,1
27.4510,451,0.00000,0.28055,0.08846,73.67,73.00,0.1407,15,95.15,1
27.5199,452,0.00000,0.28999,0.09378,73.59,73.00,0.1402,15,95.14,1
27.5810,453,0.00000,0.30208,0.08907,73.66,73.00,0.1406,15,95.07,1
27.6383,454,0.00000,0.30495,0.09212,73.62,73.00,0.1403,15,95.04,1
27.6938,455,0.00000,0.30946,0.09679,73.55,73.00,0.1398,15,95.08,1
27.7521,456,0.00000,0.28060,0.09184,73.62,73.00,0.1404,15,95.27,1
27.8114,457,0.00000,0.30477,0.10630,73.41,73.00,0.1388,15,95.42,1
27.8764,458,0.00000,0.30631,0.09733,73.54,73.00,0.1398,15,95.35,1
27.9355,459,0.00000,0.32509,0.10515,73.42,73.00,0.1390,15,95.53,1
27.9933,460,0.00000,0.27431,0.07956,73.81,73.00,0.1416,15,95.57,1
28.0518,461,0.00000,0.27995,0.08563,73.72,73.00,0.1410,15,95.52,1
28.1084,462,-0.03219,0.18275,0.02161,74.68,74.00,0.1477,15,95.02,1
28.1656,463,-0.02994,0.19027,0.04044,74.39,74.00,0.1458,15,95.22,1
28.2238,464,-0.02855,0.20048,0.05150,74.23,74.00,0.1446,15,95.34,1
28.2812,465,0.00000,0.27852,0.10764,73.39,73.00,0.1387,15,95.46,1
28.3366,466,0.00000,0.26562,0.10021,73.50,73.00,0.1395,15,95.58,1
28.3949,467,-0.02246,0.24360,0.06835,73.97,73.00,0.1428,15,95.52,1
28.4523,468,-0.02290,0.24357,0.06675,74.00,73.00,0.1430,15,95.65,1
28.5071,469,0.00000,0.28896,0.10273,73.46,73.00,0.1392,15,95.80,1
28.5686,470,0.00000,0.27191,0.09482,73.58,73.00,0.1400,15,95.82,1
28.6246,471,-0.02397,0.24501,0.05727,74.14,74.00,0.1440,15,95.65,1
28.6810,472,0.00000,0.28915,0.09629,73.56,73.00,0.1399,15,95.78,1
28.7388,473,0.00000,0.30543,0.09763,73.54,73.00,0.1397,15,95.76,1
28.7949,474,0.00000,0.32848,0.10443,73.43,73.00,0.1390,15,95.88,1
28.8530,475,0.00000,0.35021,0.10769,73.38,73.00,0.1387,15,95.98,1
28.9091,476,0.00000,0.34438,0.09877,73.52,73.00,0.1396,15,95.90,1
28.9640,477,0.00000,0.29671,0.08698,73.70,73.00,0.1409,15,95.92,1
29.0203,478,-0.02167,0.25627,0.05019,74.25,74.00,0.1447,15,95.86,1
29.0785,479,-0.02248,0.24277,0.05220,74.22,74.00,0.1445,15,95.96,1
29.1346,480,-0.02288,0.23407,0.05464,74.18,74.00,0.1443,15,96.05,1
29.1909,481,-0.02277,0.23046,0.05798,74.13,74.00,0.1439,15,96.15,1
29.2531,482,-0.02360,0.22283,0.05717,74.14,74.00,0.1440,15,96.22,1
29.3096,483,-0.02100,0.25776,0.06816,73.98,73.00,0.1428,15,96.13,1
29.3669,484,0.00000,0.29114,0.09964,73.51,73.00,0.1395,15,96.12,1
29.4242,485,0.00000,0.31761,0.10778,73.38,73.00,0.1387,15,96.20,1
29.4818,486,0.00000,0.33426,0.10977,73.35,73.00,0.1385,15,96.28,1
29.5381,487,0.00000,0.32994,0.09788,73.53,73.00,0.1397,15,96.21,1
29.5940,488,0.00000,0.32710,0.08938,73.66,73.00,0.1406,15,96.10,1
29.6520,489,0.00000,0.32508,0.08246,73.76,73.00,0.1413,15,96.04,1
29.7087,490,0.00000,0.32260,0.07977,73.80,73.00,0.1416,15,95.94,1
29.7635,491,0.00000,0.33988,0.08721,73.69,73.00,0.1408,15,96.05,1
29.8210,492,0.00000,0.34923,0.08911,73.66,73.00,0.1406,15,96.15,1
29.8780,493,0.00000,0.35694,0.09145,73.63,73.00,0.1404,15,96.26,1
29.9418,494,0.00000,0.34312,0.08427,73.74,73.00,0.1412,15,96.18,1
29.9960,495,0.00000,0.32729,0.07900,73.81,73.00,0.1417,15,96.07,1
30.0505,496,0.00000,0.31974,0.07924,73.81,73.00,0.1417,15,96.03,1
30.1070,497,0.00000,0.31717,0.07704,73.84,73.00,0.1419,15,95.93,1
30.1616,498,0.00000,0.31256,0.08030,73.80,73.00,0.1416,15,95.84,1
30.2185,499,0.00000,0.33005,0.08736,73.69,73.00,0.1408,15,95.96,1
30.2752,500,0.00000,0.33820,0.09253,73.61,73.00,0.1403,15,96.01,1
30.3324,501,0.00000,0.32992,0.08766,73.69,73.00,0.1408,15,95.93,1
30.3917,502,0.00000,0.31958,0.08437,73.73,73.00,0.1411,15,95.88,1
30.4507,503,0.00000,0.33022,0.09082,73.64,73.00,0.1405,15,95.98,1
30.5112,504,0.00000,0.26986,0.07220,73.92,73.00,0.1424,15,95.92,1
30.5707,505,0.00000,0.29950,0.08409,73.74,73.00,0.1412,15,96.06,1
30.6345,506,0.00000,0.30257,0.08387,73.74,73.00,0.1412,15,95.95,1
30.6905,507,0.00000,0.30674,0.08285,73.76,73.00,0.1413,15,95.93,1
30.7474,508,0.00000,0.30689,0.08282,73.76,73.00,0.1413,15,95.87,1
30.8039,509,0.00000,0.30524,0.08608,73.71,73.00,0.1410,15,95.80,1
30.8620,510,0.00000,0.30489,0.08302,73.75,73.00,0.1413,15,95.78,1
30.9214,511,0.00000,0.30896,0.08455,73.73,73.00,0.1411,15,95.74,1
30.9851,512,0.00000,0.31113,0.07920,73.81,73.00,0.1417,15,95.62,1
31.0478,513,0.00000,0.30933,0.08375,73.74,73.00,0.1412,15,95.56,1
31.1081,514,-0.02487,0.25862,0.04299,74.36,74.00,0.1455,15,95.07,1
31.1656,515,-0.02234,0.27429,0.05692,74.15,74.00,0.1440,15,95.10,1
31.2209,516,-0.02013,0.28908,0.06647,74.00,74.00,0.1430,15,95.13,1
31.2776,517,0.00000,0.30207,0.08917,73.66,73.00,0.1406,15,95.15,1
31.3427,518,0.00000,0.30604,0.08873,73.67,73.00,0.1407,15,95.18,1
31.3983,519,0.00000,0.30635,0.08999,73.65,73.00,0.1406,15,95.21,1
31.4542,520,0.00000,0.31003,0.08918,73.66,73.00,0.1406,15,95.23,1
31.5104,521,0.00000,0.31103,0.08964,73.66,73.00,0.1406,15,95.27,1
31.5670,522,0.00000,0.32966,0.09663,73.55,73.00,0.1399,15,95.46,1
31.6241,523,0.00000,0.32224,0.08997,73.65,73.00,0.1406,15,95.46,1
31.6853,524,0.00000,0.27507,0.07155,73.93,73.00,0.1425,15,95.46,1
31.7491,525,0.00000,0.28061,0.07935,73.81,73.00,0.1417,15,95.43,1
31.8100,526,0.00000,0.29180,0.08278,73.76,73.00,0.1413,15,95.40,1
31.8741,527,-0.02213,0.24831,0.05188,74.22,74.00,0.1446,15,95.40,1
31.9347,528,0.00000,0.27846,0.08985,73.65,73.00,0.1406,15,95.52,1
31.9934,529,-0.02262,0.24325,0.05137,74.23,74.00,0.1446,15,95.52,1
32.0583,530,0.00000,0.26620,0.08144,73.78,73.00,0.1414,15,95.51,1
32.1180,531,0.00000,0.30283,0.09488,73.58,73.00,0.1400,15,95.66,1
32.1765,532,0.00000,0.33223,0.09947,73.51,73.00,0.1396,15,95.84,1
32.2386,533,-0.02226,0.28360,0.04791,74.28,74.00,0.1450,15,95.38,1
32.2998,534,0.00000,0.31104,0.08608,73.71,73.00,0.1410,15,95.55,1
32.3601,535,0.00000,0.30846,0.08846,73.67,73.00,0.1407,15,95.49,1
32.4218,536,-0.02413,0.25884,0.04258,74.36,74.00,0.1455,15,95.00,1
32.4865,537,0.00000,0.29865,0.08108,73.78,73.00,0.1415,15,95.15,1
32.5515,538,0.00000,0.30310,0.08616,73.71,73.00,0.1410,15,95.18,1
32.6164,539,0.00000,0.31053,0.08940,73.66,73.00,0.1406,15,95.19,1
32.6788,540,0.00000,0.30716,0.09027,73.65,73.00,0.1405,15,95.22,1
32.7433,541,-0.02988,0.41821,0.02203,74.67,74.00,0.1477,15,94.65,1
32.8141,542,-0.02242,0.41669,0.05840,74.12,74.00,0.1439,15,94.93,1
32.8835,543,-0.02904,0.32728,0.03617,74.46,74.00,0.1462,15,94.54,1
32.9602,544,-0.02410,0.31328,0.05871,74.12,74.00,0.1438,15,94.63,1
33.0232,545,0.00000,0.32650,0.09647,73.55,73.00,0.1399,15,94.89,1
33.0878,546,0.00000,0.32553,0.09455,73.58,73.00,0.1401,15,95.00,1
33.1522,547,0.00000,0.28139,0.08453,73.73,73.00,0.1411,15,95.20,1
33.2182,548,0.00000,0.29125,0.08948,73.66,73.00,0.1406,15,95.20,1
33.2829,549,0.00000,0.29772,0.08897,73.67,73.00,0.1407,15,95.23,1
33.3464,550,0.00000,0.31758,0.09450,73.58,73.00,0.1401,15,95.42,1
33.4159,551,0.00000,0.33429,0.09599,73.56,73.00,0.1399,15,95.60,1
33.4774,552,0.00000,0.34097,0.09282,73.61,73.00,0.1403,15,95.74,1
33.5380,553,0.00000,0.33363,0.08131,73.78,73.00,0.1415,15,95.67,1
33.6082,554,0.00000,0.34466,0.08324,73.75,73.00,0.1413,15,95.81,1
33.6686,555,0.00000,0.33508,0.07509,73.87,73.00,0.1421,15,95.79,1
33.7264,556,0.00000,0.34794,0.07594,73.86,73.00,0.1420,15,95.94,1
33.7882,557,0.00000,0.33574,0.07168,73.92,73.00,0.1425,15,95.91,1
33.8486,558,0.00000,0.32458,0.07234,73.91,73.00,0.1424,15,95.86,1
33.9168,559,0.00000,0.31922,0.07303,73.90,73.00,0.1423,15,95.82,1
33.9747,560,0.00000,0.32485,0.08227,73.77,73.00,0.1414,15,95.94,1
34.0355,561,0.00000,0.31272,0.07904,73.81,73.00,0.1417,15,95.86,1
34.0922,562,0.00000,0.31038,0.07540,73.87,73.00,0.1421,15,95.84,1
34.1494,563,0.00000,0.30582,0.07359,73.90,73.00,0.1423,15,95.83,1
34.2054,564,0.00000,0.31959,0.08144,73.78,73.00,0.1414,15,95.94,1
34.2621,565,0.00000,0.31812,0.07898,73.82,73.00,0.1417,15,95.90,1
34.3258,566,0.00000,0.33349,0.08609,73.71,73.00,0.1410,15,96.02,1
34.3829,567,0.00000,0.33802,0.08909,73.66,73.00,0.1406,15,96.08,1
34.4386,568,0.00000,0.33819,0.08787,73.68,73.00,0.1408,15,96.17,1
34.4952,569,0.00000,0.33370,0.07941,73.81,73.00,0.1417,15,96.15,1
34.5503,570,0.00000,0.34547,0.08030,73.80,73.00,0.1416,15,96.25,1
34.6068,571,0.00000,0.34846,0.08394,73.74,73.00,0.1412,15,96.34,1
34.6631,572,0.00000,0.28265,0.06408,74.04,74.00,0.1433,15,96.22,1
34.7196,573,0.00000,0.28226,0.06853,73.97,73.00,0.1428,15,96.12,1
34.7768,574,0.00000,0.28713,0.07164,73.93,73.00,0.1425,15,96.04,1
34.8323,575,0.00000,0.30377,0.08237,73.76,73.00,0.1414,15,96.16,1
34.8889,576,0.00000,0.32158,0.08725,73.69,73.00,0.1408,15,96.26,1
34.9463,577,0.00000,0.31377,0.08135,73.78,73.00,0.1415,15,96.18,1
35.0115,578,0.00000,0.30402,0.07783,73.83,73.00,0.1418,15,96.07,1
35.0704,579,0.00000,0.30883,0.07463,73.88,73.00,0.1422,15,96.02,1
35.1268,580,0.00000,0.30599,0.07395,73.89,73.00,0.1422,15,95.95,1
35.1846,581,0.00000,0.30711,0.07346,73.90,73.00,0.1423,15,95.90,1
35.2430,582,0.00000,0.30304,0.07669,73.85,73.00,0.1419,15,95.87,1
35.2997,583,0.00000,0.30672,0.07827,73.83,73.00,0.1418,15,95.85,1
35.3572,584,0.00000,0.30962,0.07928,73.81,73.00,0.1417,15,95.80,1
35.4162,585,0.00000,0.30915,0.07767,73.83,73.00,0.1418,15,95.79,1
35.4715,586,0.00000,0.30667,0.07615,73.86,73.00,0.1420,15,95.74,1
35.5273,587,0.00000,0.30936,0.07716,73.84,73.00,0.1419,15,95.74,1
35.5835,588,0.00000,0.30932,0.07768,73.83,73.00,0.1418,15,95.69,1
35.6387,589,0.00000,0.30863,0.07772,73.83,73.00,0.1418,15,95.66,1
35.7003,590,0.00000,0.32688,0.08774,73.68,73.00,0.1408,15,95.81,1
35.7563,591,0.00000,0.32538,0.08088,73.79,73.00,0.1415,15,95.74,1
35.8129,592,0.00000,0.31764,0.08062,73.79,73.00,0.1415,15,95.70,1
35.8703,593,0.00000,0.32656,0.08874,73.67,73.00,0.1407,15,95.84,1
35.9253,594,0.00000,0.32360,0.08389,73.74,73.00,0.1412,15,95.83,1
35.9807,595,0.00000,0.33673,0.08786,73.68,73.00,0.1408,15,95.97,1
36.0376,596,0.00000,0.32312,0.07957,73.81,73.00,0.1416,15,95.91,1
36.0954,597,0.00000,0.31525,0.07499,73.88,73.00,0.1421,15,95.90,1
36.1532,598,0.00000,0.32172,0.08346,73.75,73.00,0.1412,15,96.01,1
36.2104,599,0.00000,0.33673,0.08590,73.71,73.00,0.1410,15,96.13,1
36.2670,600,0.00000,0.32748,0.08006,73.80,73.00,0.1416,15,96.07,1
36.3226,601,0.00000,0.33427,0.08256,73.76,73.00,0.1413,15,96.20,1
36.3855,602,0.00000,0.33504,0.08388,73.74,73.00,0.1412,15,96.29,1
36.4422,603,0.00000,0.33389,0.08507,73.72,73.00,0.1411,15,96.38,1
36.4984,604,0.00000,0.33827,0.08361,73.75,73.00,0.1412,15,96.46,1
36.5562,605,0.00000,0.32959,0.07718,73.84,73.00,0.1419,15,96.35,1
36.6168,606,0.00000,0.32229,0.07090,73.94,73.00,0.1426,15,96.27,1
36.6746,607,0.00000,0.33050,0.07825,73.83,73.00,0.1418,15,96.36,1
36.7305,608,0.00000,0.34228,0.08005,73.80,73.00,0.1416,15,96.46,1
36.7866,609,0.00000,0.34804,0.08068,73.79,73.00,0.1415,15,96.54,1
36.8445,610,0.00000,0.34741,0.08405,73.74,73.00,0.1412,15,96.56,1
36.9028,611,0.00000,0.33709,0.07298,73.91,73.00,0.1423,15,96.47,1
36.9607,612,0.00000,0.32509,0.06969,73.95,73.00,0.1427,15,96.38,1
37.0195,613,0.00000,0.31604,0.07049,73.94,73.00,0.1426,15,96.31,1
37.0835,614,-0.02491,0.25652,0.02738,74.59,74.00,0.1471,15,95.77,1
37.1393,615,-0.02630,0.24009,0.03001,74.55,74.00,0.1468,15,95.92,1
37.1962,616,-0.02018,0.27448,0.05806,74.13,74.00,0.1439,15,96.01,1
37.2538,617,0.00000,0.28012,0.08159,73.78,73.00,0.1414,15,95.93,1
37.3088,618,0.00000,0.31034,0.09018,73.65,73.00,0.1405,15,96.06,1
37.3646,619,0.00000,0.31374,0.08527,73.72,73.00,0.1410,15,95.97,1
37.4216,620,0.00000,0.31556,0.08436,73.73,73.00,0.1411,15,95.93,1
37.4798,621,0.00000,0.31876,0.08234,73.76,73.00,0.1414,15,95.90,1
37.5366,622,0.00000,0.33576,0.08947,73.66,73.00,0.1406,15,96.00,1
37.5953,623,0.00000,0.34518,0.09077,73.64,73.00,0.1405,15,96.10,1
37.6544,624,0.00000,0.35037,0.08890,73.67,73.00,0.1407,15,96.19,1
37.7124,625,0.00000,0.33760,0.07960,73.81,73.00,0.1416,15,96.14,1
37.7758,626,0.00000,0.31845,0.07615,73.86,73.00,0.1420,15,96.04,1
37.8340,627,0.00000,0.30613,0.07291,73.91,73.00,0.1423,15,95.97,1
37.8877,628,0.00000,0.29929,0.07110,73.93,73.00,0.1425,15,95.90,1
37.9423,629,-0.02139,0.25589,0.03704,74.44,74.00,0.1461,15,95.81,1
37.9974,630,-0.02053,0.26376,0.04562,74.32,74.00,0.1452,15,95.73,1
38.0554,631,-0.02535,0.23526,0.03188,74.52,74.00,0.1467,15,95.68,1
38.1129,632,0.00000,0.27045,0.07458,73.88,73.00,0.1422,15,95.83,1
38.1693,633,-0.02370,0.23704,0.04413,74.34,74.00,0.1454,15,95.72,1
38.2256,634,0.00000,0.27709,0.08118,73.78,73.00,0.1415,15,95.86,1
38.2838,635,0.00000,0.26528,0.07790,73.83,73.00,0.1418,15,95.99,1
38.3406,636,0.00000,0.28121,0.07938,73.81,73.00,0.1417,15,95.94,1
38.4007,637,0.00000,0.31477,0.08915,73.66,73.00,0.1406,15,96.03,1
38.4622,638,0.00000,0.33313,0.09388,73.59,73.00,0.1401,15,96.15,1
38.5160,639,0.00000,0.32866,0.08902,73.66,73.00,0.1407,15,96.06,1
38.5715,640,0.00000,0.32454,0.08280,73.76,73.00,0.1413,15,96.00,1
38.6269,641,0.00000,0.32355,0.07769,73.83,73.00,0.1418,15,95.99,1
38.6878,642,0.00000,0.31435,0.07457,73.88,73.00,0.1422,15,95.92,1
38.7486,643,0.00000,0.31370,0.07192,73.92,73.00,0.1424,15,95.88,1
38.8086,644,0.00000,0.30866,0.07277,73.91,73.00,0.1424,15,95.86,1
38.8663,645,0.00000,0.27341,0.06715,73.99,73.00,0.1429,15,95.96,1
38.9240,646,0.00000,0.28220,0.07035,73.94,73.00,0.1426,15,95.86,1
38.9823,647,-0.02694,0.24754,0.02405,74.64,74.00,0.1475,15,95.35,1
39.0459,648,-0.02023,0.28745,0.05559,74.17,74.00,0.1442,15,95.53,1
39.1037,649,-0.02103,0.26659,0.05291,74.21,74.00,0.1444,15,95.68,1
39.1677,650,0.00000,0.29810,0.08669,73.70,73.00,0.1409,15,95.78,1
39.2284,651,0.00000,0.31430,0.09574,73.56,73.00,0.1399,15,95.88,1
39.2848,652,0.00000,0.28021,0.08261,73.76,73.00,0.1413,15,95.98,1
39.3433,653,0.00000,0.28527,0.07973,73.80,73.00,0.1416,15,95.93,1
39.4033,654,0.00000,0.30809,0.08413,73.74,73.00,0.1412,15,96.03,1
39.4703,655,0.00000,0.28220,0.07127,73.93,73.00,0.1425,15,96.11,1
39.5309,656,-0.02038,0.23484,0.04048,74.39,74.00,0.1457,15,96.01,1
39.5941,657,-0.02286,0.22097,0.03617,74.46,74.00,0.1462,15,96.11,1
39.6528,658,0.00000,0.26640,0.07404,73.89,73.00,0.1422,15,96.21,1
39.7137,659,-0.02436,0.23114,0.03520,74.47,74.00,0.1463,15,96.15,1
39.7760,660,-0.03711,0.15598,-0.00486,75.17,75.00,0.1495,15,95.57,1
39.8402,661,-0.02759,0.22874,0.04121,74.38,74.00,0.1457,15,95.77,1
39.9188,662,0.00000,0.28663,0.08867,73.67,73.00,0.1407,15,95.88,1
39.9963,663,-0.02622,0.25203,0.04186,74.37,74.00,0.1456,15,95.37,1
40.0601,664,0.00000,0.30107,0.08651,73.70,73.00,0.1409,15,95.55,1
40.1229,665,-0.02276,0.26308,0.04997,74.25,74.00,0.1448,15,95.50,1
40.1865,666,0.00000,0.29044,0.07715,73.84,73.00,0.1419,15,95.51,1
40.2469,667,0.00000,0.30181,0.07810,73.83,73.00,0.1418,15,95.51,1
40.3065,668,0.00000,0.32556,0.08614,73.71,73.00,0.1410,15,95.68,1
40.3628,669,0.00000,0.34009,0.08917,73.66,73.00,0.1406,15,95.82,1
40.4231,670,0.00000,0.43309,0.14452,72.83,72.00,0.1348,15,96.42,1
40.4826,671,0.00000,0.41130,0.11241,73.31,73.00,0.1382,15,96.47,1
40.5356,672,0.00000,0.34517,0.07423,73.89,73.00,0.1422,15,96.53,1
40.5893,673,0.00000,0.32142,0.06032,74.10,74.00,0.1437,15,96.37,1
40.6496,674,0.00000,0.31183,0.05016,74.25,74.00,0.1447,15,96.28,1
40.7026,675,0.00000,0.32250,0.05517,74.17,74.00,0.1442,15,96.40,1
40.7555,676,0.00000,0.31781,0.05347,74.20,74.00,0.1444,15,96.33,1
40.8090,677,0.00000,0.32943,0.06179,74.07,74.00,0.1435,15,96.40,1
40.8623,678,-0.02382,0.27199,0.01580,74.76,74.00,0.1483,15,95.89,1
40.9150,679,-0.02013,0.29375,0.03733,74.44,74.00,0.1461,15,96.03,1
40.9700,680,-0.02167,0.26998,0.03539,74.47,74.00,0.1463,15,96.09,1
41.0259,681,0.00000,0.27944,0.06334,74.05,74.00,0.1433,15,96.02,1
41.0859,682,0.00000,0.30581,0.07539,73.87,73.00,0.1421,15,96.15,1
41.1451,683,0.00000,0.30376,0.07505,73.87,73.00,0.1421,15,96.07,1
41.2034,684,0.00000,0.32641,0.08313,73.75,73.00,0.1413,15,96.18,1
41.2606,685,0.00000,0.29058,0.07013,73.95,73.00,0.1426,15,95.89,1
41.3223,686,0.00000,0.30012,0.06671,74.00,73.00,0.1430,15,95.87,1
41.3784,687,-0.02243,0.25615,0.03107,74.53,74.00,0.1467,15,95.87,1
41.4342,688,0.00000,0.28885,0.06656,74.00,74.00,0.1430,15,96.03,1
41.4903,689,0.00000,0.31377,0.07560,73.87,73.00,0.1421,15,96.19,1
41.5442,690,0.00000,0.31313,0.07401,73.89,73.00,0.1422,15,96.10,1
41.5982,691,0.00000,0.33155,0.07969,73.80,73.00,0.1416,15,96.18,1
41.6540,692,0.00000,0.34622,0.08155,73.78,73.00,0.1414,15,96.29,1
41.7092,693,0.00000,0.33328,0.07232,73.92,73.00,0.1424,15,96.24,1
41.7650,694,0.00000,0.30333,0.05832,74.13,74.00,0.1439,15,96.39,1
41.8204,695,0.00000,0.31066,0.07075,73.94,73.00,0.1426,15,96.46,1
41.8752,696,0.00000,0.30007,0.07022,73.95,73.00,0.1426,15,96.34,1
41.9302,697,0.00000,0.31792,0.07656,73.85,73.00,0.1420,15,96.08,1
41.9953,698,0.00000,0.32236,0.06876,73.97,73.00,0.1428,15,96.03,1
42.0514,699,0.00000,0.31848,0.06505,74.02,74.00,0.1432,15,96.01,1
42.1109,700,0.00000,0.33321,0.07055,73.94,73.00,0.1426,15,96.14,1
42.1705,701,0.00000,0.34289,0.07583,73.86,73.00,0.1420,15,96.25,1
42.2311,702,0.00000,0.33126,0.06727,73.99,73.00,0.1429,15,96.19,1
42.2899,703,0.00000,0.33855,0.07085,73.94,73.00,0.1426,15,96.32,1
42.3493,704,0.00000,0.32782,0.06528,74.02,74.00,0.1431,15,96.27,1
42.4096,705,0.00000,0.31377,0.06205,74.07,74.00,0.1435,15,96.19,1
42.4730,706,0.00000,0.32888,0.06877,73.97,73.00,0.1428,15,96.31,1
42.5342,707,0.00000,0.33251,0.07250,73.91,73.00,0.1424,15,96.40,1
42.5954,708,0.00000,0.34010,0.07258,73.91,73.00,0.1424,15,96.47,1
42.6570,709,0.00000,0.28066,0.05175,74.22,74.00,0.1446,15,96.38,1
42.7251,710,0.00000,0.29593,0.06686,74.00,73.00,0.1430,15,96.47,1
42.7835,711,0.00000,0.31520,0.07246,73.91,73.00,0.1424,15,96.53,1
42.8461,712,0.00000,0.32901,0.07605,73.86,73.00,0.1420,15,96.62,1
42.9121,713,0.00000,0.33873,0.07595,73.86,73.00,0.1420,15,96.70,1
42.9725,714,0.00000,0.29186,0.06164,74.08,74.00,0.1435,15,96.72,1
43.0311,715,0.00000,0.29055,0.06154,74.08,74.00,0.1435,15,96.60,1
43.0924,716,0.00000,0.26315,0.05560,74.17,74.00,0.1442,15,96.64,1
43.1612,717,-0.02042,0.24510,0.03801,74.43,74.00,0.1460,15,96.67,1
43.2334,718,-0.02146,0.23009,0.03809,74.43,74.00,0.1460,15,96.72,1
43.2958,719,-0.03686,0.33241,-0.01205,75.42,75.00,0.1487,15,96.17,1
43.3596,720,-0.04463,0.46308,-0.02568,75.90,75.00,0.1473,14,95.71,1
43.4233,721,-0.03703,0.67327,0.01557,74.77,74.00,0.1484,14,95.69,1
43.4861,722,-0.04498,0.68165,-0.00768,75.27,75.00,0.1492,15,95.06,1
43.5455,723,-0.03952,0.58436,0.01963,74.71,74.00,0.1479,13,94.96,1
43.6028,724,-0.04540,0.58759,0.00075,74.99,74.00,0.1499,15,94.42,1
43.6603,725,-0.04546,0.59394,0.00579,74.91,74.00,0.1494,15,93.68,1
43.7207,726,-0.04547,0.59639,0.00947,74.86,74.00,0.1490,15,93.04,1
43.7781,727,-0.02986,0.51622,0.06685,74.00,73.00,0.1430,14,92.48,1
43.8348,728,0.00000,0.45909,0.11186,73.32,73.00,0.1383,14,91.99,1
43.8894,729,-0.02739,0.50902,0.05191,74.22,74.00,0.1445,15,91.55,1
43.9475,730,-0.03812,0.55912,0.00854,74.87,74.00,0.1491,14,91.11,1
44.0078,731,-0.05419,0.56980,-0.04426,76.55,76.00,0.1454,13,90.94,1
44.0681,732,-0.05772,0.60729,-0.04198,76.47,76.00,0.1456,14,91.01,1
44.1224,733,-0.04265,0.49331,0.02263,74.66,74.00,0.1476,15,91.44,1
44.1818,734,-0.06607,0.42489,-0.06235,77.18,77.00,0.1435,13,90.83,1
44.2390,735,-0.05356,0.35562,-0.00308,75.11,75.00,0.1497,13,91.13,1
44.2951,736,-0.04681,0.56963,0.02231,74.67,74.00,0.1477,13,91.47,1
44.3513,737,-0.05390,0.59001,-0.00684,75.24,75.00,0.1493,14,91.23,1
44.4063,738,-0.05822,0.60237,-0.02036,75.71,75.00,0.1479,14,91.06,1
44.4611,739,-0.05972,0.59196,-0.02160,75.76,75.00,0.1477,14,90.88,1
44.5170,740,-0.05785,0.60162,-0.01113,75.39,75.00,0.1488,15,90.68,1
44.5735,741,-0.05794,0.62333,-0.01036,75.36,75.00,0.1489,14,90.37,1
44.6313,742,-0.04625,0.71797,0.03179,74.52,74.00,0.1467,14,90.81,1
44.6879,743,-0.02902,0.76289,0.08471,73.73,73.00,0.1411,15,91.26,1
44.7473,744,-0.03174,0.71758,0.05557,74.17,74.00,0.1442,15,90.88,1
44.8077,745,-0.02704,0.53758,0.05991,74.10,74.00,0.1437,14,91.36,1
44.8740,746,-0.04606,0.53089,-0.01987,75.70,75.00,0.1479,13,91.15,1
44.9422,747,-0.04358,0.69545,-0.00535,75.19,75.00,0.1494,13,91.48,1
45.0025,748,-0.04861,0.68696,-0.02125,75.74,75.00,0.1478,14,91.50,1
45.0658,749,-0.03733,0.50688,0.02246,74.66,74.00,0.1476,15,92.00,1
45.1254,750,-0.02891,0.38077,0.04652,74.30,74.00,0.1451,15,92.48,1
45.1850,751,-0.02144,0.32993,0.06251,74.06,74.00,0.1434,14,92.90,1
45.2425,752,0.00000,0.27234,0.07578,73.86,73.00,0.1420,14,93.13,1
45.2996,753,0.00000,0.25460,0.07522,73.87,73.00,0.1421,15,93.33,1
45.3569,754,0.00000,0.22903,0.06489,74.03,74.00,0.1432,15,93.70,1
45.4183,755,0.00000,0.24392,0.05854,74.12,74.00,0.1439,15,93.89,1
45.4799,756,-0.02882,0.15931,-0.01105,75.39,75.00,0.1488,15,93.56,1
45.5391,757,-0.02719,0.17304,0.00061,74.99,74.00,0.1499,15,93.93,1
45.6062,758,-0.02434,0.22478,0.01388,74.79,74.00,0.1485,15,94.08,1
45.6682,759,0.00000,0.28273,0.05489,74.18,74.00,0.1442,15,94.40,1
45.7340,760,0.00000,0.27463,0.04682,74.30,74.00,0.1451,15,94.64,1
45.8005,761,-0.02166,0.24609,0.01365,74.80,74.00,0.1486,15,94.74,1
45.8608,762,-0.02483,0.22331,0.00309,74.95,74.00,0.1497,15,94.80,1
45.9207,763,-0.03023,0.18106,-0.01333,75.47,75.00,0.1486,14,94.87,1
45.9811,764,-0.03165,0.18084,-0.01280,75.45,75.00,0.1487,15,94.91,1
46.0391,765,-0.02651,0.23307,0.00992,74.85,74.00,0.1490,15,94.98,1
46.1023,766,-0.02830,0.22317,0.00309,74.95,74.00,0.1497,15,95.05,1
46.1673,767,0.00000,0.28186,0.05223,74.22,74.00,0.1445,15,95.21,1
46.2285,768,0.00000,0.30871,0.05087,74.24,74.00,0.1447,15,95.22,1
46.2888,769,-0.02452,0.24778,0.00603,74.91,74.00,0.1494,14,95.20,1
46.3584,770,0.00000,0.28815,0.04644,74.30,74.00,0.1451,15,95.41,1
46.4278,771,0.00000,0.31354,0.05388,74.19,74.00,0.1443,15,95.54,1
46.4925,772,0.00000,0.31917,0.04711,74.29,74.00,0.1451,15,95.52,1
46.5562,773,-0.03943,0.38446,-0.06028,77.11,77.00,0.1437,13,95.14,1
46.6196,774,-0.03608,0.35473,-0.03261,76.14,76.00,0.1466,14,95.18,1
46.6841,775,-0.04532,0.48559,-0.05588,76.96,76.00,0.1441,14,94.90,1
46.7477,776,0.00000,0.58823,0.07801,73.83,73.00,0.1418,14,95.03,1
46.8208,777,0.00000,0.59061,0.08870,73.67,73.00,0.1407,15,95.27,1
46.8837,778,0.00000,0.70935,0.10209,73.47,73.00,0.1393,16,95.37,1
46.9487,779,0.00000,0.71167,0.02688,74.60,74.00,0.1472,15,95.02,1
47.0098,780,0.00000,0.78661,0.02056,74.69,74.00,0.1478,14,94.74,1
47.0743,781,-0.02930,0.74688,-0.04129,76.45,76.00,0.1457,15,94.38,1
47.1502,782,-0.02310,0.60483,-0.00549,75.19,75.00,0.1494,15,94.64,1
47.2137,783,-0.04848,0.51483,-0.08891,78.11,78.00,0.1407,13,94.33,1
47.2759,784,-0.04579,0.39060,-0.05947,77.08,77.00,0.1438,14,93.70,1
47.3480,785,-0.03561,0.38932,-0.01034,75.36,75.00,0.1489,14,94.11,1
47.4143,786,-0.04362,0.36389,-0.03734,76.31,76.00,0.1461,15,93.92,1
47.4794,787,-0.04030,0.40500,-0.01983,75.69,75.00,0.1479,14,92.95,1
47.5498,788,-0.04075,0.17929,-0.01985,75.69,75.00,0.1479,14,91.99,1
47.6145,789,-0.02860,0.25520,0.02281,74.66,74.00,0.1476,16,91.27,1
47.6803,790,0.00000,0.32880,0.13081,73.04,73.00,0.1363,18,88.45,1
47.8380,791,-0.12757,0.47637,-0.34901,87.22,81.00,0.1134,8,88.45,1
47.9119,792,-0.14048,0.38142,-0.31650,86.08,86.00,0.1168,9,81.61,1
47.9850,793,-0.05846,-0.31353,0.00960,74.86,78.00,0.1490,7,81.61,1
48.0553,794,0.10885,-0.19226,0.55119,66.73,70.00,0.0921,15,81.61,1
48.1191,795,0.02994,-0.16372,0.15323,72.70,72.00,0.1339,3,81.61,1
48.1803,796,0.10054,-0.05473,0.36495,69.53,69.00,0.1117,6,81.61,1
48.2420,797,0.13032,-0.06321,0.35000,69.75,69.00,0.0000,0,81.61,0
48.3035,798,-0.14850,0.11323,-0.61360,96.48,77.00,0.0856,11,81.61,1
48.3628,799,-0.23596,-0.10224,-0.77843,102.25,85.00,0.0683,13,83.25,1
48.4247,800,-0.27740,-0.21036,-0.76333,101.72,93.00,0.0699,11,84.80,1
48.4853,801,-0.34307,0.09219,-0.85009,104.75,101.00,0.0607,9,86.62,1
48.5417,802,-0.43940,0.00602,-1.00000,110.00,109.00,0.0450,7,86.62,1
48.5987,803,-0.08704,-0.03314,0.36354,69.55,101.00,0.1118,5,86.62,1
48.6551,804,-0.03815,-0.03564,0.37888,69.32,93.00,0.0000,1,86.62,0
48.7088,805,0.00000,-0.03775,0.38132,69.28,85.00,0.0000,0,86.62,0
48.7634,806,0.04103,-0.03968,0.37831,69.33,77.00,0.0000,1,86.62,0
48.8195,807,0.07608,-0.04146,0.37399,69.39,69.00,0.0000,2,86.62,0
48.8766,808,0.06070,0.11460,0.28062,70.79,70.00,0.1205,11,82.75,1
48.9336,809,0.07124,0.11105,0.26490,71.03,71.00,0.1222,9,79.28,1
48.9915,810,0.09067,-0.01761,0.27945,70.81,70.00,0.1207,16,79.01,1
49.0510,811,0.07101,0.03315,0.15932,72.61,72.00,0.1333,13,78.08,1
49.1087,812,0.02304,0.18422,-0.03579,76.25,76.00,0.1462,16,76.70,1
49.1659,813,0.09215,-0.30685,0.23047,71.54,71.00,0.1258,10,73.54,1
49.2231,814,0.06572,-0.25125,0.09739,73.54,73.00,0.1398,6,69.29,1
49.2798,815,0.06897,-0.31248,0.08719,73.69,73.00,0.0000,0,69.29,0
49.3356,816,0.07182,-0.36630,0.08682,73.70,73.00,0.0000,2,69.29,0
49.3928,817,0.00000,-0.81071,-0.13891,79.86,79.00,0.1354,5,64.36,1
49.4493,818,0.00000,-0.06157,-0.06689,77.34,77.00,0.1430,7,60.39,1
49.5071,819,0.00000,0.05578,-0.11775,79.12,79.00,0.1376,10,58.71,1
49.5671,820,-0.06560,-0.17595,-0.28085,84.83,84.00,0.1205,12,57.42,1
49.6261,821,-0.08572,-0.18032,-0.28993,85.15,85.00,0.1196,10,56.93,1
49.6827,822,-0.11144,-0.06228,-0.32403,86.34,86.00,0.1160,10,55.81,1
49.7434,823,-0.11907,-0.02928,-0.28937,85.13,85.00,0.1196,8,53.28,1
49.8011,824,-0.12375,0.09651,-0.25711,84.00,83.00,0.1230,9,51.73,1
49.8597,825,-0.05036,0.40413,0.03941,74.41,75.00,0.1459,10,52.82,1
49.9192,826,-0.03844,0.19957,0.05339,74.20,74.00,0.1444,11,54.10,1
49.9794,827,0.05012,-0.01763,0.33551,69.97,69.00,0.1148,12,56.03,1
50.0427,828,0.09999,-0.48109,0.41940,68.71,68.00,0.1060,12,58.20,1
50.1072,829,0.11470,-0.80845,0.36966,69.46,69.00,0.1112,9,59.92,1
50.1782,830,0.17469,-0.62047,0.48645,67.70,67.00,0.0989,13,59.49,1
50.2400,831,0.18955,-0.62482,0.44383,68.34,68.00,0.1034,14,59.96,1
50.3045,832,0.17421,-0.39021,0.31084,70.34,70.00,0.1174,15,61.23,1
50.3665,833,0.15729,-0.33811,0.21071,71.84,71.00,0.1279,12,61.28,1
50.4288,834,0.08057,-0.61888,-0.07196,77.52,77.00,0.1424,8,61.90,1
50.4920,835,0.00000,-0.51541,-0.34331,87.02,85.00,0.1140,9,63.69,1
50.5580,836,-0.02208,-0.11160,-0.27259,84.54,84.00,0.1214,6,65.82,1
50.6294,837,0.04981,-0.46830,0.06308,74.05,76.00,0.1434,8,64.19,1
50.6919,838,0.10836,-0.24349,0.26306,71.05,71.00,0.1224,18,63.68,1
50.7549,839,0.16185,-0.06802,0.40433,68.94,68.00,0.1075,13,65.46,1
50.8165,840,0.11623,0.11276,0.17738,72.34,72.00,0.1314,19,64.91,1
50.8799,841,0.12116,-0.10419,0.18016,72.30,72.00,0.1311,14,66.45,1
50.9462,842,0.12493,0.16494,0.17977,72.30,72.00,0.1311,16,66.21,1
51.0075,843,0.07256,0.30663,-0.01267,75.44,75.00,0.1487,20,65.52,1
51.0700,844,0.00000,0.46382,-0.25087,83.78,83.00,0.1237,20,65.66,1
51.1367,845,-0.06663,0.64359,-0.37645,88.18,88.00,0.1105,20,65.83,1
51.2031,846,-0.09399,0.78015,-0.36476,87.77,87.00,0.1117,18,66.21,1
51.2766,847,-0.11583,0.91545,-0.33718,86.80,86.00,0.1146,18,66.60,1
51.3580,848,-0.05289,0.81685,-0.03350,76.17,78.00,0.1465,15,66.36,1
51.4279,849,-0.08799,0.93653,-0.15011,80.25,80.00,0.1342,22,66.44,1
51.4919,850,-0.03238,0.73097,0.06349,74.05,74.00,0.1433,22,67.10,1
51.5558,851,-0.02041,0.58061,0.08186,73.77,73.00,0.1414,24,67.04,1
51.6222,852,0.00000,0.25350,0.10410,73.44,73.00,0.1391,19,65.40,1
51.6860,853,0.00000,-0.10020,0.08540,73.72,73.00,0.1410,18,63.68,1
51.7503,854,0.00000,-0.15955,0.09000,73.65,73.00,0.1405,21,62.44,1
51.8153,855,0.00000,-0.33367,0.01315,74.80,74.00,0.1486,18,61.90,1
51.8823,856,0.00000,-0.33982,0.01823,74.73,74.00,0.1481,17,60.42,1
51.9500,857,0.00000,-0.56114,0.07794,73.83,73.00,0.1418,14,59.38,1
52.0146,858,0.00000,-0.42037,0.08436,73.73,73.00,0.1411,20,59.04,1
52.0816,859,0.02980,-0.32417,0.11948,73.21,73.00,0.1375,18,60.64,1
52.1596,860,0.00000,-0.04785,-0.01245,75.44,75.00,0.1487,23,61.67,1
52.2217,861,0.05284,-0.05521,0.17954,72.31,72.00,0.1311,22,63.36,1
52.2813,862,0.08503,0.08549,0.25925,71.11,71.00,0.1228,20,67.08,1
52.3450,863,0.06840,0.35063,0.15346,72.70,72.00,0.1339,22,67.15,1
52.4076,864,0.03852,0.54751,0.02928,74.56,74.00,0.1469,25,67.92,1
52.4738,865,0.00000,0.72784,-0.12944,79.53,79.00,0.1364,26,68.75,1
52.5397,866,-0.02619,0.81708,-0.13928,79.87,79.00,0.1354,24,68.39,1
52.6044,867,0.00000,0.63318,-0.03534,76.24,76.00,0.1463,20,68.99,1
52.6741,868,0.00000,0.52473,0.01888,74.72,74.00,0.1480,20,68.86,1
52.7344,869,-0.02802,0.56685,-0.08476,77.97,77.00,0.1411,25,69.14,1
52.8000,870,0.02829,0.33212,0.13474,72.98,72.00,0.1359,19,67.97,1
52.8720,871,0.03838,0.37452,0.14061,72.89,72.00,0.1352,20,66.30,1
52.9333,872,0.06322,0.29210,0.20266,71.96,71.00,0.1287,18,65.29,1
52.9985,873,0.08011,0.28655,0.22513,71.62,71.00,0.1264,18,64.75,1
53.0660,874,0.00000,0.37429,-0.04498,76.57,76.00,0.1453,22,63.88,1
53.1364,875,-0.07993,0.45802,-0.34076,86.93,84.00,0.1142,24,63.39,1
53.1975,876,-0.15824,0.58719,-0.52726,93.45,92.00,0.0946,24,63.72,1
53.2574,877,-0.20483,0.75195,-0.57606,95.16,95.00,0.0895,20,63.68,1
53.3161,878,-0.21469,0.82281,-0.49856,92.45,92.00,0.0977,19,64.67,1
53.3749,879,-0.20761,0.90795,-0.38608,88.51,88.00,0.1095,22,64.37,1
53.4335,880,-0.16014,0.85832,-0.16222,80.68,80.00,0.1330,26,64.00,1
53.4921,881,-0.08556,0.47592,0.10591,73.41,73.00,0.1389,26,62.47,1
53.5504,882,-0.04258,0.27342,0.20607,71.91,71.00,0.1284,24,62.54,1
53.6110,883,0.00000,0.05021,0.24208,71.37,71.00,0.1246,24,61.82,1
53.6693,884,0.00000,-0.13902,0.23055,71.54,71.00,0.1258,23,61.47,1
53.7298,885,0.03417,-0.28440,0.27161,70.93,70.00,0.1215,23,61.33,1
53.7885,886,0.02530,-0.24214,0.17278,72.41,72.00,0.1319,19,61.06,1
53.8474,887,0.03766,-0.27395,0.17476,72.38,72.00,0.1316,24,60.12,1
53.9081,888,0.04165,-0.38478,0.14992,72.75,72.00,0.1343,21,58.95,1
53.9673,889,0.03216,-0.51488,0.08559,73.72,73.00,0.1410,20,57.90,1
54.0280,890,0.04471,-0.49789,0.11489,73.28,73.00,0.1379,24,57.64,1
54.0869,891,0.05255,-0.46535,0.12349,73.15,73.00,0.1370,24,58.70,1
54.1479,892,0.03775,-0.31299,0.05179,74.22,74.00,0.1446,25,59.07,1
54.2122,893,0.03224,-0.15179,0.02987,74.55,74.00,0.1469,27,62.22,1
54.2746,894,0.00000,0.19727,-0.04680,76.64,76.00,0.1451,27,61.79,1
54.3408,895,-0.02449,0.35429,-0.14735,80.16,80.00,0.1345,27,61.77,1
54.4013,896,-0.06870,0.41482,-0.26351,84.22,84.00,0.1223,25,61.29,1
54.4637,897,-0.07414,0.44485,-0.22061,82.72,82.00,0.1268,23,61.05,1
54.5285,898,-0.07281,0.42857,-0.16816,80.89,80.00,0.1323,21,60.33,1
54.5954,899,-0.04316,0.46224,-0.03316,76.16,76.00,0.1465,22,59.96,1
54.6625,900,0.00000,0.34024,0.10328,73.45,73.00,0.1392,26,58.82,1
54.7270,901,0.06163,0.19734,0.29556,70.57,70.00,0.1190,22,58.02,1
54.7902,902,0.08387,0.19388,0.30314,70.45,70.00,0.1182,25,57.14,1
54.8482,903,0.07895,0.24513,0.22584,71.61,71.00,0.1263,23,56.87,1
54.9140,904,0.02756,0.31627,0.00150,74.98,74.00,0.1498,27,56.56,1
54.9756,905,-0.04613,0.46231,-0.24628,83.62,82.00,0.1241,25,55.29,1
55.0355,906,-0.08269,0.39640,-0.31286,85.95,85.00,0.1171,21,55.35,1
55.1037,907,-0.16185,0.58278,-0.51047,92.87,92.00,0.0964,25,56.26,1
55.1675,908,-0.23909,0.69646,-0.66971,98.44,98.00,0.0797,26,55.74,1
55.2287,909,-0.21117,0.70537,-0.44575,90.60,90.00,0.1032,25,55.84,1
55.2927,910,-0.17336,0.61672,-0.24217,83.48,83.00,0.1246,27,56.64,1
55.3573,911,-0.10046,0.49700,0.03134,74.53,75.00,0.1467,27,58.36,1
55.4183,912,-0.02982,0.10251,0.23615,71.46,71.00,0.1252,25,58.38,1
55.4787,913,0.00000,-0.16350,0.25788,71.13,71.00,0.1229,25,59.09,1
55.5375,914,0.02244,-0.31556,0.26152,71.08,71.00,0.1225,22,59.06,1
55.5991,915,0.02464,-0.43198,0.19384,72.09,72.00,0.1296,25,59.46,1
55.6610,916,0.00000,-0.55640,0.09846,73.52,73.00,0.1397,19,59.78,1
55.7268,917,0.04697,-0.58503,0.18140,72.28,72.00,0.1310,21,62.31,1
55.7953,918,0.03383,-0.52367,0.08714,73.69,73.00,0.1409,25,62.68,1
55.8546,919,0.02356,-0.41706,0.03261,74.51,74.00,0.1466,25,62.73,1
55.9169,920,-0.02423,-0.68308,-0.14026,79.91,79.00,0.1353,10,63.70,1
55.9879,921,-0.02572,-0.88137,-0.11129,78.90,78.00,0.1383,8,64.33,1
56.0562,922,-0.03844,-0.75319,-0.13074,79.58,79.00,0.1363,11,64.60,1
56.1268,923,0.00000,-0.89542,0.04167,74.37,74.00,0.1456,10,64.97,1
56.1991,924,0.00000,-0.98687,0.00376,74.94,74.00,0.1496,8,65.28,1
56.2655,925,0.00000,-1.03315,0.02964,74.56,74.00,0.1469,9,65.42,1
56.3322,926,0.00000,-1.05329,-0.00585,75.20,75.00,0.1494,8,65.57,1
56.3981,927,0.00000,-1.05641,-0.02590,75.91,75.00,0.1473,8,65.72,1
56.4723,928,-0.06511,-0.67818,-0.23431,83.20,83.00,0.1254,9,65.78,1
56.5387,929,-0.10678,-0.41018,-0.32625,86.42,86.00,0.1157,9,65.90,1
56.6107,930,-0.13195,-0.23602,-0.34332,87.02,87.00,0.1140,9,65.94,1
56.6750,931,-0.08308,-0.31583,-0.11830,79.14,79.00,0.1376,18,64.75,1
56.7403,932,-0.07953,-0.41807,-0.10116,78.54,78.00,0.1394,11,65.54,1
56.8056,933,-0.10006,-0.67397,-0.17177,81.01,81.00,0.1320,9,67.09,1
56.8765,934,-0.22463,-0.18435,-0.58542,95.49,89.00,0.0885,8,67.93,1
56.9627,935,-0.32207,0.20704,-0.77600,102.16,97.00,0.0685,8,69.14,1
57.0282,936,-0.31191,-0.28762,-0.61534,96.54,96.00,0.0854,9,70.12,1
57.0890,937,-0.29456,-0.62469,-0.48057,91.82,91.00,0.0995,9,70.38,1
57.1543,938,-0.20562,-0.85896,-0.12945,79.53,83.00,0.1364,11,70.57,1
57.2224,939,-0.27053,-0.28115,-0.39351,88.77,88.00,0.1087,7,70.88,1
57.2889,940,-0.22727,-0.57754,-0.22230,82.78,82.00,0.1267,10,71.09,1
57.3535,941,-0.23319,-0.40590,-0.26229,84.18,84.00,0.1225,13,69.68,1
57.4200,942,-0.21137,-0.26384,-0.19827,81.94,81.00,0.1292,17,69.03,1
57.4853,943,-0.20209,-0.15738,-0.19207,81.72,81.00,0.1298,15,68.49,1
57.5486,944,-0.24168,0.19844,-0.35460,87.41,87.00,0.1128,16,67.57,1
57.6153,945,-0.26555,0.52017,-0.42693,89.94,89.00,0.1052,15,67.35,1
57.6847,946,-0.25893,0.56517,-0.37900,88.27,88.00,0.1102,11,67.88,1
57.7509,947,-0.23829,0.52445,-0.29947,85.48,85.00,0.1186,10,69.07,1
57.8163,948,-0.23005,0.41270,-0.28223,84.88,84.00,0.1204,9,70.14,1
57.8814,949,-0.21102,0.38877,-0.23291,83.15,83.00,0.1255,8,71.49,1
57.9481,950,-0.20202,0.36283,-0.22966,83.04,83.00,0.1259,8,72.69,1
58.0196,951,-0.19890,0.37907,-0.24830,83.69,83.00,0.1239,8,73.29,1
58.0866,952,-0.20237,0.39889,-0.28250,84.89,84.00,0.1203,8,73.73,1
58.1476,953,-0.20797,0.34396,-0.31454,86.01,86.00,0.1170,8,74.48,1
58.2090,954,-0.21801,0.47616,-0.35131,87.30,87.00,0.1131,7,75.23,1
58.2720,955,-0.22723,0.49130,-0.37702,88.20,88.00,0.1104,8,75.83,1
58.3333,956,-0.23769,0.47923,-0.40212,89.07,89.00,0.1078,9,76.40,1
58.3917,957,-0.24267,0.49795,-0.40412,89.14,89.00,0.1076,8,76.99,1
58.4497,958,-0.24454,0.52658,-0.39620,88.87,88.00,0.1084,8,77.29,1
58.5094,959,-0.24671,0.52725,-0.39143,88.70,88.00,0.1089,8,77.86,1
58.5700,960,-0.24511,0.48175,-0.37535,88.14,88.00,0.1106,8,77.95,1
58.6285,961,-0.24351,0.45228,-0.36367,87.73,87.00,0.1118,8,77.98,1
58.6894,962,-0.24372,0.42304,-0.36113,87.64,87.00,0.1121,9,77.94,1
58.7475,963,-0.23959,0.39318,-0.34431,87.05,87.00,0.1138,8,78.02,1
58.8040,964,-0.23757,0.37042,-0.33855,86.85,86.00,0.1145,8,78.07,1
58.8604,965,-0.23545,0.37008,-0.33347,86.67,86.00,0.1150,8,78.05,1
58.9152,966,-0.23465,0.36921,-0.33386,86.69,86.00,0.1149,8,78.07,1
58.9724,967,-0.23967,0.45934,-0.35469,87.41,87.00,0.1128,8,78.33,1
59.0325,968,-0.23880,0.43822,-0.35000,87.25,87.00,0.1132,8,78.40,1
59.0864,969,-0.24313,0.49438,-0.36487,87.77,87.00,0.1117,8,78.86,1
59.1401,970,-0.24158,0.49757,-0.35602,87.46,87.00,0.1126,8,78.69,1
59.1965,971,-0.24522,0.52155,-0.36750,87.86,87.00,0.1114,8,79.13,1
59.2520,972,-0.24859,0.58476,-0.37573,88.15,88.00,0.1105,8,79.21,1
59.3095,973,-0.24551,0.54079,-0.35959,87.59,87.00,0.1122,8,79.07,1
59.3729,974,-0.24626,0.61167,-0.36055,87.62,87.00,0.1121,7,79.50,1
59.4285,975,-0.25192,0.60676,-0.37882,88.26,88.00,0.1102,9,79.52,1
59.4876,976,-0.25297,0.59994,-0.37708,88.20,88.00,0.1104,8,79.80,1
59.5461,977,-0.24949,0.52529,-0.36026,87.61,87.00,0.1122,8,79.65,1
59.6042,978,-0.25143,0.53212,-0.36631,87.82,87.00,0.1115,8,79.92,1
59.6631,979,-0.25188,0.53826,-0.36586,87.80,87.00,0.1116,8,80.16,1
59.7185,980,-0.25277,0.48507,-0.36730,87.86,87.00,0.1114,9,80.04,1
59.7753,981,-0.25074,0.47610,-0.35824,87.54,87.00,0.1124,9,79.80,1
59.8319,982,-0.24624,0.45675,-0.34248,86.99,86.00,0.1140,8,79.60,1
59.8870,983,-0.24339,0.42778,-0.33570,86.75,86.00,0.1148,8,79.49,1
59.9415,984,-0.24200,0.40709,-0.33516,86.73,86.00,0.1148,8,79.39,1
59.9949,985,-0.24154,0.40201,-0.33775,86.82,86.00,0.1145,8,79.33,1
60.0550,986,-0.24019,0.40099,-0.33680,86.79,86.00,0.1146,8,79.21,1
60.1093,987,-0.23824,0.41454,-0.33330,86.67,86.00,0.1150,8,79.07,1
60.1704,988,-0.23988,0.49132,-0.34339,87.02,87.00,0.1139,8,79.21,1
60.2285,989,-0.23825,0.49403,-0.33932,86.88,86.00,0.1144,8,79.05,1
60.2849,990,-0.23997,0.46592,-0.34773,87.17,87.00,0.1135,8,79.02,1
60.3422,991,-0.24382,0.49558,-0.36175,87.66,87.00,0.1120,8,79.35,1
60.3966,992,-0.24666,0.55547,-0.36937,87.93,87.00,0.1112,8,79.39,1
60.4498,993,-0.25092,0.56951,-0.38076,88.33,88.00,0.1100,8,79.72,1
60.5045,994,-0.24607,0.53374,-0.35760,87.52,87.00,0.1125,8,79.51,1
60.5575,995,-0.24401,0.48007,-0.34950,87.23,87.00,0.1133,8,79.51,1
60.6125,996,-0.24215,0.45207,-0.34376,87.03,87.00,0.1139,8,79.40,1
60.6672,997,-0.24470,0.41861,-0.35490,87.42,87.00,0.1127,9,79.38,1
60.7270,998,-0.24204,0.41425,-0.34503,87.08,87.00,0.1138,8,79.24,1
60.7819,999,-0.24123,0.40640,-0.34383,87.03,87.00,0.1139,8,79.14,1
60.8361,1000,-0.23866,0.38350,-0.33649,86.78,86.00,0.1147,8,79.08,1
60.8903,1001,-0.24214,0.38741,-0.35195,87.32,87.00,0.1130,9,79.00,1
60.9566,1002,-0.24465,0.39327,-0.36056,87.62,87.00,0.1121,9,78.90,1
61.0112,1003,-0.23731,0.31636,-0.33296,86.65,86.00,0.1150,8,79.24,1
61.0649,1004,-0.23721,0.35401,-0.33629,86.77,86.00,0.1147,8,79.07,1
61.1175,1005,-0.24266,0.42626,-0.35839,87.54,87.00,0.1124,8,79.43,1
61.1713,1006,-0.24605,0.43185,-0.36871,87.90,87.00,0.1113,9,79.36,1
61.2268,1007,-0.24794,0.55306,-0.37157,88.00,88.00,0.1110,7,79.72,1
61.2826,1008,-0.25311,0.54533,-0.38583,88.50,88.00,0.1095,9,79.95,1
61.3425,1009,-0.25256,0.66868,-0.37647,88.18,88.00,0.1105,7,80.18,1
61.4081,1010,-0.26642,0.78056,-0.41973,89.69,89.00,0.1059,8,80.46,1
61.4700,1011,-0.26143,0.83081,-0.38847,88.60,88.00,0.1092,7,80.57,1
61.5340,1012,-0.25933,0.82056,-0.37500,88.13,88.00,0.1106,8,80.71,1
61.5976,1013,-0.26449,0.92697,-0.39007,88.65,88.00,0.1090,7,81.12,1
61.6657,1014,-0.25168,0.95751,-0.33986,86.90,86.00,0.1143,7,80.81,1
61.7441,1015,-0.24896,1.01121,-0.33774,86.82,86.00,0.1145,7,80.73,1
61.8126,1016,-0.25080,0.90510,-0.34993,87.25,87.00,0.1133,8,80.78,1
61.8792,1017,-0.25035,0.84106,-0.35110,87.29,87.00,0.1131,7,80.95,1
61.9470,1018,-0.24909,0.79094,-0.34907,87.22,87.00,0.1133,7,81.08,1
62.0144,1019,-0.25111,0.79759,-0.35849,87.55,87.00,0.1124,7,81.12,1
62.0815,1020,-0.25608,0.70029,-0.37556,88.14,88.00,0.1106,8,81.31,1
62.1472,1021,-0.25795,0.66173,-0.37818,88.24,88.00,0.1103,8,81.33,1
62.2151,1022,-0.26151,0.57569,-0.38610,88.51,88.00,0.1095,9,81.43,1
62.2793,1023,-0.26445,0.54633,-0.39068,88.67,88.00,0.1090,9,81.51,1
62.3478,1024,-0.24733,0.43057,-0.32573,86.40,86.00,0.1158,8,81.36,1
62.4117,1025,-0.25559,0.65909,-0.36294,87.70,87.00,0.1119,7,81.66,1
62.4735,1026,-0.25483,0.58495,-0.36028,87.61,87.00,0.1122,9,81.47,1
62.5349,1027,-0.25386,0.69550,-0.35745,87.51,87.00,0.1125,7,81.50,1
62.5951,1028,-0.25526,0.59754,-0.36342,87.72,87.00,0.1118,9,81.13,1
62.6567,1029,-0.24851,0.56423,-0.33968,86.89,86.00,0.1143,8,80.71,1
62.7173,1030,-0.24357,0.63095,-0.32740,86.46,86.00,0.1156,7,80.74,1
62.7816,1031,-0.24479,0.72041,-0.33931,86.88,86.00,0.1144,7,80.82,1
62.8430,1032,-0.25451,0.86409,-0.37713,88.20,88.00,0.1104,7,81.22,1
62.9034,1033,-0.25546,0.87541,-0.37607,88.16,88.00,0.1105,7,81.34,1
62.9670,1034,-0.24671,0.89005,-0.34168,86.96,86.00,0.1141,7,80.64,1
63.0290,1035,-0.24477,0.72565,-0.33892,86.86,86.00,0.1144,8,80.48,1
63.0921,1036,-0.24160,0.67639,-0.33233,86.63,86.00,0.1151,8,79.88,1
63.1521,1037,-0.23566,0.50489,-0.31701,86.10,86.00,0.1167,8,79.97,1
63.2116,1038,-0.24053,0.52382,-0.34206,86.97,86.00,0.1141,8,80.07,1
63.2752,1039,-0.23968,0.47640,-0.34149,86.95,86.00,0.1141,8,79.88,1
63.3336,1040,-0.23772,0.52662,-0.33679,86.79,86.00,0.1146,8,79.30,1
63.3944,1041,-0.23770,0.56537,-0.33984,86.89,86.00,0.1143,8,79.27,1
63.4575,1042,-0.24640,0.51930,-0.37239,88.03,88.00,0.1109,9,79.24,1
63.5233,1043,-0.24830,0.55649,-0.37354,88.07,88.00,0.1108,8,79.42,1
63.5907,1044,-0.24763,0.62450,-0.36591,87.81,87.00,0.1116,8,79.45,1
63.6678,1045,-0.24773,0.53330,-0.36268,87.69,87.00,0.1119,9,79.40,1
63.7365,1046,-0.24359,0.61781,-0.34670,87.13,87.00,0.1136,7,79.83,1
63.8038,1047,-0.24555,0.63525,-0.35509,87.43,87.00,0.1127,8,79.75,1
63.8756,1048,-0.24243,0.69255,-0.34428,87.05,87.00,0.1139,7,79.87,1
63.9429,1049,-0.23857,0.69723,-0.33342,86.67,86.00,0.1150,8,79.59,1
64.0138,1050,-0.22430,0.58122,-0.28993,85.15,85.00,0.1196,8,78.98,1
64.0884,1051,-0.23766,0.42409,-0.35063,87.27,87.00,0.1132,7,78.98,1
64.1561,1052,-0.28963,0.21485,-0.52472,93.37,93.00,0.0949,7,79.58,1
64.2276,1053,-0.19682,-0.43109,-0.16825,80.89,85.00,0.1323,14,77.48,1
64.3006,1054,0.00000,-0.43681,0.48275,67.76,77.00,0.0993,23,77.67,1
64.3719,1055,0.17062,-0.27231,0.82033,62.69,69.00,0.0639,19,75.10,1
64.4510,1056,0.26722,-0.20665,0.85945,62.11,62.00,0.0598,20,72.43,1
64.5188,1057,0.29686,-0.10270,0.73220,64.02,64.00,0.0731,17,69.65,1
64.5873,1058,0.26031,-0.10004,0.42685,68.60,68.00,0.1052,22,67.61,1
64.6662,1059,0.17742,-0.05296,0.03884,74.42,74.00,0.1459,23,66.02,1
64.7442,1060,0.05787,0.08382,-0.35739,87.51,82.00,0.1125,22,65.34,1
64.8164,1061,0.00000,0.27389,-0.46256,91.19,90.00,0.1014,23,64.52,1
64.8906,1062,-0.05845,0.17842,-0.53411,93.69,93.00,0.0939,24,64.86,1
64.9604,1063,-0.08286,0.09111,-0.49969,92.49,92.00,0.0975,24,65.18,1
65.0319,1064,-0.03887,-0.14519,-0.24994,83.75,84.00,0.1238,21,65.54,1
65.1102,1065,0.00000,-0.39418,-0.10141,78.55,78.00,0.1394,22,66.11,1
65.1779,1066,0.00000,-0.25356,-0.06067,77.12,77.00,0.1436,21,65.32,1
65.2449,1067,0.00000,-0.08851,-0.09132,78.20,78.00,0.1404,17,64.47,1
65.3165,1068,-0.02264,0.12079,-0.19201,81.72,81.00,0.1298,20,65.15,1
65.3810,1069,-0.09269,0.49399,-0.41556,89.54,89.00,0.1064,12,66.44,1
65.4521,1070,-0.08520,0.83014,-0.32104,86.24,86.00,0.1163,7,65.79,1
65.5192,1071,-0.08090,1.02578,-0.26910,84.42,84.00,0.1217,8,68.21,1
65.5923,1072,-0.05541,1.13256,-0.15853,80.55,80.00,0.1334,9,68.21,1
65.6589,1073,0.00000,1.15989,0.01275,74.81,74.00,0.1487,9,68.52,1
65.7262,1074,-0.02167,1.15256,-0.09128,78.19,78.00,0.1404,12,69.17,1
65.7984,1075,-0.02685,1.09222,-0.12725,79.45,79.00,0.1366,13,69.46,1
65.8778,1076,0.00000,0.94344,-0.05486,76.92,76.00,0.1442,12,69.28,1
65.9508,1077,0.02777,0.96045,0.02453,74.63,74.00,0.1474,11,68.92,1
66.0218,1078,0.00000,0.97525,-0.15751,80.51,80.00,0.1335,15,68.66,1
66.0912,1079,-0.05305,0.98655,-0.27740,84.71,84.00,0.1209,15,68.44,1
66.1625,1080,-0.03186,0.99450,-0.17252,81.04,81.00,0.1319,13,68.71,1
66.2417,1081,-0.05629,0.99976,-0.24946,83.73,83.00,0.1238,15,68.54,1
66.3139,1082,-0.07232,1.00222,-0.28142,84.85,84.00,0.1205,15,68.30,1
66.3799,1083,-0.10218,1.00306,-0.35739,87.51,87.00,0.1125,16,68.10,1
66.4502,1084,-0.13324,1.00313,-0.42167,89.76,89.00,0.1057,17,68.13,1
66.5125,1085,-0.15155,1.00265,-0.43821,90.34,90.00,0.1040,17,67.92,1
66.5745,1086,-0.08812,0.88891,-0.17283,81.05,82.00,0.1319,13,67.43,1
66.6419,1087,-0.02217,0.92160,0.03966,74.41,74.00,0.1458,12,67.17,1
66.7101,1088,0.00000,0.95115,0.07195,73.92,73.00,0.1424,13,67.48,1
66.7827,1089,0.00000,0.87322,-0.00062,75.02,75.00,0.1499,14,67.35,1
66.8646,1090,-0.03027,0.92329,-0.17439,81.10,81.00,0.1317,15,67.33,1
66.9335,1091,-0.03972,0.96064,-0.20491,82.17,82.00,0.1285,14,67.52,1
67.0006,1092,-0.06538,0.98529,-0.28290,84.90,84.00,0.1203,15,67.52,1
67.0650,1093,-0.06141,1.00001,-0.24471,83.56,83.00,0.1243,14,67.43,1
67.1336,1094,-0.07282,1.00831,-0.26826,84.39,84.00,0.1218,16,67.34,1
67.2059,1095,-0.08072,1.01154,-0.27450,84.61,84.00,0.1212,16,67.25,1
67.2724,1096,-0.08357,1.01110,-0.26569,84.30,84.00,0.1221,16,67.13,1
67.3396,1097,-0.08502,1.00942,-0.25477,83.92,83.00,0.1232,16,67.12,1
67.4118,1098,-0.08334,1.00712,-0.23659,83.28,83.00,0.1252,16,66.94,1
67.4825,1099,-0.08230,1.00476,-0.22606,82.91,82.00,0.1263,16,66.81,1
67.5505,1100,-0.08252,1.00281,-0.22322,82.81,82.00,0.1266,16,66.80,1
67.6166,1101,-0.08115,1.00139,-0.21593,82.56,82.00,0.1273,16,66.68,1
67.6787,1102,-0.08017,1.00047,-0.21185,82.41,82.00,0.1278,16,66.57,1
67.7434,1103,-0.07968,0.99989,-0.21042,82.36,82.00,0.1279,16,66.45,1
67.8108,1104,-0.07995,0.99959,-0.21190,82.42,82.00,0.1278,16,66.39,1
67.8803,1105,-0.08081,0.99948,-0.21500,82.52,82.00,0.1274,16,66.33,1
67.9533,1106,-0.08131,0.99951,-0.21609,82.56,82.00,0.1273,16,66.35,1
68.0263,1107,-0.08146,0.99960,-0.21577,82.55,82.00,0.1273,16,66.34,1
68.0875,1108,-0.08280,0.99972,-0.21974,82.69,82.00,0.1269,16,66.36,1
68.1529,1109,-0.08270,0.99981,-0.21790,82.63,82.00,0.1271,16,66.39,1
68.2229,1110,-0.08302,0.99989,-0.21800,82.63,82.00,0.1271,16,66.40,1
68.2852,1111,-0.08364,0.99995,-0.21927,82.67,82.00,0.1270,16,66.41,1
68.3416,1112,-0.08298,0.99998,-0.21601,82.56,82.00,0.1273,16,66.37,1
68.4008,1113,-0.08223,1.00001,-0.21309,82.46,82.00,0.1276,16,66.42,1
68.4684,1114,-0.08205,1.00002,-0.21289,82.45,82.00,0.1276,16,66.44,1
68.5278,1115,-0.08150,1.00002,-0.21136,82.40,82.00,0.1278,16,66.41,1
68.5873,1116,-0.08094,1.00002,-0.21011,82.35,82.00,0.1279,16,66.39,1
68.6468,1117,-0.07944,1.00002,-0.20579,82.20,82.00,0.1284,16,66.53,1
68.7160,1118,-0.07940,1.00001,-0.20770,82.27,82.00,0.1282,16,66.52,1
68.7853,1119,-0.08020,1.00001,-0.21181,82.41,82.00,0.1278,16,66.50,1
68.8477,1120,-0.09375,0.97296,-0.25836,84.04,84.00,0.1229,17,66.39,1
68.9105,1121,-0.09069,0.98095,-0.23789,83.33,83.00,0.1250,16,66.40,1
68.9728,1122,-0.08819,0.98778,-0.22449,82.86,82.00,0.1264,16,66.41,1
69.0372,1123,-0.08450,0.99320,-0.21020,82.36,82.00,0.1279,16,66.33,1
69.1085,1124,-0.08186,0.99728,-0.20323,82.11,82.00,0.1287,16,66.32,1
69.1714,1125,-0.09417,0.98150,-0.24847,83.70,83.00,0.1239,17,66.54,1
69.2351,1126,-0.08984,0.98827,-0.22651,82.93,82.00,0.1262,16,66.57,1
69.2995,1127,-0.08664,0.99354,-0.21384,82.48,82.00,0.1275,16,66.58,1
69.3680,1128,-0.08316,0.99740,-0.20330,82.12,82.00,0.1287,16,66.44,1
69.4300,1129,-0.09503,0.97452,-0.24743,83.66,83.00,0.1240,17,66.45,1
69.5023,1130,-0.09119,0.98349,-0.22687,82.94,82.00,0.1262,16,66.45,1
69.5729,1131,-0.10099,0.96313,-0.25853,84.05,84.00,0.1229,17,66.44,1
69.6376,1132,-0.09292,0.97686,-0.22281,82.80,82.00,0.1266,16,66.47,1
69.6992,1133,-0.08729,0.98711,-0.20375,82.13,82.00,0.1286,16,66.45,1
69.7645,1134,-0.08359,0.99450,-0.19563,81.85,81.00,0.1295,16,66.44,1
69.8251,1135,-0.08093,0.99909,-0.19217,81.73,81.00,0.1298,16,66.43,1
69.8855,1136,-0.07960,1.00173,-0.19360,81.78,81.00,0.1297,16,66.42,1
69.9451,1137,-0.08189,1.00297,-0.20685,82.24,82.00,0.1283,15,66.43,1
70.0065,1138,-0.08324,1.00330,-0.21366,82.48,82.00,0.1276,15,66.47,1
70.0657,1139,-0.11056,1.00306,-0.30944,85.83,85.00,0.1175,18,66.58,1
70.1237,1140,-0.10540,1.00253,-0.27166,84.51,84.00,0.1215,15,66.56,1
70.1830,1141,-0.11273,1.00193,-0.28662,85.03,85.00,0.1199,16,66.72,1
70.2499,1142,-0.12704,0.99879,-0.32164,86.26,86.00,0.1162,18,66.67,1
70.3125,1143,-0.13603,0.99902,-0.33238,86.63,86.00,0.1151,18,66.62,1
70.3750,1144,-0.14135,0.99927,-0.32955,86.53,86.00,0.1154,18,66.64,1
70.4354,1145,-0.14686,0.99951,-0.33011,86.55,86.00,0.1153,18,66.61,1
70.5072,1146,-0.13140,0.97507,-0.25778,84.02,84.00,0.1229,17,66.50,1
70.5787,1147,-0.11733,0.95018,-0.20949,82.33,82.00,0.1280,17,66.43,1
70.6433,1148,-0.09382,0.96720,-0.14025,79.91,79.00,0.1353,15,66.84,1
70.7059,1149,-0.08221,0.98040,-0.12518,79.38,79.00,0.1369,15,66.83,1
70.7689,1150,-0.09159,0.99008,-0.18374,81.43,81.00,0.1307,17,66.79,1
70.8305,1151,-0.06935,0.99660,-0.11812,79.13,79.00,0.1376,14,66.63,1
70.8961,1152,-0.02461,1.00080,0.00987,74.85,74.00,0.1490,12,66.47,1
70.9649,1153,-0.06064,1.00301,-0.17007,80.95,80.00,0.1321,16,66.74,1
71.0303,1154,-0.07014,1.00364,-0.21044,82.37,82.00,0.1279,15,66.73,1
71.0927,1155,-0.10120,1.00346,-0.31503,86.03,86.00,0.1169,16,66.81,1
71.1562,1156,-0.06354,1.00292,-0.16023,80.61,80.00,0.1332,11,67.01,1
71.2231,1157,-0.03757,1.00223,-0.08296,77.90,77.00,0.1413,11,67.91,1
71.2952,1158,-0.02835,0.92537,-0.08268,77.89,77.00,0.1413,12,68.08,1
71.3621,1159,-0.05617,0.94834,-0.20360,82.13,82.00,0.1286,13,69.10,1
71.4301,1160,-0.10120,0.72013,-0.35303,87.36,87.00,0.1129,19,68.92,1
71.4996,1161,0.00000,-0.02153,0.00439,74.93,79.00,0.1495,14,71.51,1
71.5661,1162,-0.04208,-0.36777,-0.15850,80.55,80.00,0.1334,11,73.04,1
71.6363,1163,-0.02577,-0.56225,-0.11006,78.85,78.00,0.1384,9,74.21,1
71.7031,1164,-0.04192,-0.90972,-0.18235,81.38,81.00,0.1309,8,73.44,1
71.7715,1165,-0.04292,-0.88873,-0.18497,81.47,81.00,0.1306,9,71.20,1
71.8365,1166,-0.07664,-1.04060,-0.29862,85.45,85.00,0.1186,7,71.53,1
71.9008,1167,-0.02003,-0.93943,-0.07817,77.74,77.00,0.1418,10,71.91,1
71.9743,1168,0.03391,-1.02267,0.07818,73.83,73.00,0.1418,7,69.32,1
72.0424,1169,0.10124,-1.05900,0.24871,71.27,71.00,0.1239,8,67.19,1
72.1143,1170,0.10523,-1.07054,0.16488,72.53,72.00,0.1327,6,70.60,1
72.1792,1171,0.15817,-1.06399,0.28462,70.73,70.00,0.1201,6,75.79,1
72.2490,1172,0.24284,-1.05242,0.48664,67.70,67.00,0.0989,5,79.91,1
72.3216,1173,0.11295,-0.19394,-0.08519,77.98,75.00,0.1411,8,81.85,1
72.3905,1174,-0.03282,0.51308,-0.56051,94.62,83.00,0.0911,6,81.46,1
72.4533,1175,-0.08800,0.93454,-0.63188,97.12,91.00,0.0837,8,81.79,1
72.5181,1176,-0.07317,0.66223,-0.45287,90.85,90.00,0.1024,10,80.61,1
72.5875,1177,-0.11633,0.92996,-0.51901,93.17,93.00,0.0955,11,79.82,1
72.6504,1178,-0.10237,1.07229,-0.38934,88.63,88.00,0.1091,9,79.50,1
72.7141,1179,-0.10711,1.14092,-0.35853,87.55,87.00,0.1124,10,78.48,1
72.7806,1180,-0.09513,1.16168,-0.27907,84.77,84.00,0.1207,10,77.59,1
72.8449,1181,-0.13049,1.14765,-0.38605,88.51,88.00,0.1095,13,77.52,1
72.9109,1182,-0.11827,1.11999,-0.30552,85.69,85.00,0.1179,11,77.24,1
72.9721,1183,-0.11624,1.08840,-0.28076,84.83,84.00,0.1205,10,77.10,1
73.0340,1184,-0.11394,1.05962,-0.26196,84.17,84.00,0.1225,10,78.71,1
73.1035,1185,-0.13010,1.03532,-0.31085,85.88,85.00,0.1174,7,79.59,1
73.1658,1186,-0.08812,1.01751,-0.15053,80.27,80.00,0.1342,8,81.28,1
73.2285,1187,-0.05959,1.00546,-0.07282,77.55,77.00,0.1424,7,84.65,1
73.2963,1188,-0.02096,0.56689,0.02105,74.68,74.00,0.1478,9,86.02,1
73.3711,1189,-0.06158,0.69463,-0.18004,81.30,81.00,0.1311,10,87.67,1
73.4513,1190,-0.04632,0.16060,-0.13512,79.73,79.00,0.1358,7,90.47,1
73.5200,1191,-0.06157,0.46592,-0.20096,82.03,82.00,0.1289,7,90.86,1
73.5850,1192,0.00000,-0.05199,0.01578,74.76,74.00,0.1483,8,91.95,1
73.6493,1193,0.03806,-0.41105,0.08999,73.65,73.00,0.1406,10,92.08,1
73.7134,1194,0.00000,-0.27385,-0.05229,76.83,76.00,0.1445,9,91.50,1
73.7793,1195,0.00000,-0.32076,-0.14135,79.95,79.00,0.1352,10,91.38,1
73.8522,1196,0.04470,-0.58930,0.02408,74.64,74.00,0.1475,11,91.70,1
73.9164,1197,0.00000,-0.75512,-0.16863,80.90,80.00,0.1323,10,87.53,1
73.9799,1198,-0.04509,-0.71667,-0.31339,85.97,85.00,0.1171,11,84.03,1
74.0466,1199,-0.04231,-0.53555,-0.26422,84.25,84.00,0.1223,16,81.76,1
74.1124,1200,0.00000,-0.44810,-0.12613,79.41,79.00,0.1368,16,81.85,1
74.1829,1201,0.00000,-0.40076,-0.06684,77.34,77.00,0.1430,17,80.81,1
74.2470,1202,0.07399,-0.34322,0.13196,73.02,73.00,0.1361,11,83.26,1
74.3122,1203,0.06591,-0.42966,0.04119,74.38,74.00,0.1457,8,85.88,1
74.3795,1204,0.05837,-0.36518,-0.02244,75.79,75.00,0.1476,8,86.53,1
74.4533,1205,0.09592,-0.49891,0.08481,73.73,73.00,0.1411,9,87.87,1
74.5155,1206,0.02648,0.18222,-0.19075,81.68,81.00,0.1300,8,88.89,1
74.5792,1207,0.04883,-0.06515,-0.09010,78.15,78.00,0.1405,7,89.05,1
74.6429,1208,0.07887,-0.29561,0.01403,74.79,74.00,0.1485,10,89.99,1
74.7070,1209,0.00000,0.28013,-0.26059,84.12,82.00,0.1226,7,88.82,1
74.7696,1210,0.00000,-0.03104,-0.20840,82.29,82.00,0.1281,9,89.65,1
74.8393,1211,0.02201,-0.16943,-0.14394,80.04,80.00,0.1349,9,89.06,1
74.9141,1212,0.02896,-0.37384,-0.10897,78.81,78.00,0.1386,10,89.62,1
74.9959,1213,0.06958,-0.57225,0.02886,74.57,74.00,0.1470,11,88.85,1
75.0674,1214,0.07944,-0.65451,0.03189,74.52,74.00,0.1467,11,87.38,1
75.1366,1215,0.09524,-0.87602,0.05829,74.13,74.00,0.1439,9,86.81,1
75.2033,1216,0.05486,-0.64961,-0.10788,78.78,78.00,0.1387,10,85.49,1
75.2694,1217,0.07265,-0.82724,-0.03615,76.27,76.00,0.1462,9,85.23,1
75.3408,1218,0.11469,-0.81275,0.10183,73.47,73.00,0.1393,10,84.93,1
75.4082,1219,0.14611,-0.74943,0.17422,72.39,72.00,0.1317,10,85.02,1
75.4796,1220,0.16124,-0.73806,0.17522,72.37,72.00,0.1316,10,84.77,1
75.5512,1221,0.14433,-0.77786,0.07275,73.91,73.00,0.1424,9,84.76,1
75.6167,1222,0.15038,-0.76255,0.07965,73.81,73.00,0.1416,10,84.53,1
75.6860,1223,0.10380,-0.71372,-0.09362,78.28,78.00,0.1402,12,84.38,1
75.7590,1224,0.02989,-0.60012,-0.31578,86.05,86.00,0.1168,11,84.17,1
75.8416,1225,0.00000,-0.23593,-0.30475,85.67,85.00,0.1180,16,85.04,1
75.9107,1226,0.00000,-0.12091,-0.27486,84.62,84.00,0.1211,15,84.11,1
75.9773,1227,0.00000,-0.23834,-0.16789,80.88,80.00,0.1324,14,83.76,1
76.0532,1228,0.00000,-0.18781,-0.20032,82.01,82.00,0.1290,15,82.34,1
76.1171,1229,0.00000,-0.17490,-0.18200,81.37,81.00,0.1309,15,82.17,1
76.2104,1230,-0.02353,-0.02809,-0.20373,82.13,82.00,0.1286,15,81.21,1
76.2866,1231,-0.02655,0.13494,-0.18695,81.54,81.00,0.1304,15,80.78,1
76.3505,1232,-0.05741,0.26847,-0.27331,84.57,84.00,0.1213,15,80.70,1
76.4124,1233,-0.02590,0.19911,-0.13248,79.64,79.00,0.1361,15,80.39,1
76.4754,1234,0.00000,0.05820,-0.02098,75.73,75.00,0.1478,15,80.29,1
76.5476,1235,0.02507,-0.33444,0.01676,74.75,74.00,0.1482,14,80.04,1
76.6091,1236,0.02370,-0.50292,-0.01572,75.55,75.00,0.1483,15,80.50,1
76.6865,1237,0.04056,-0.66423,0.01858,74.72,74.00,0.1480,15,80.65,1
76.7591,1238,0.05622,-0.70400,0.04397,74.34,74.00,0.1454,16,81.04,1
76.8241,1239,0.04749,-0.75007,-0.01315,75.46,75.00,0.1486,16,80.99,1
76.8870,1240,0.02496,-0.62286,-0.10259,78.59,78.00,0.1392,13,80.22,1
76.9523,1241,0.00000,-0.49662,-0.20690,82.24,82.00,0.1283,16,79.68,1
77.0154,1242,-0.05395,-0.33714,-0.33530,86.74,86.00,0.1148,15,79.66,1
77.0763,1243,-0.02742,-0.18006,-0.18974,81.64,81.00,0.1301,17,79.80,1
77.1395,1244,-0.02934,-0.10548,-0.17749,81.21,81.00,0.1314,15,80.99,1
77.2016,1245,0.00000,-0.06099,-0.10002,78.50,78.00,0.1395,17,81.65,1
77.2631,1246,-0.06706,0.22856,-0.29538,85.34,85.00,0.1190,18,79.68,1
77.3277,1247,-0.05579,0.53015,-0.21642,82.57,82.00,0.1273,18,78.09,1
77.3915,1248,-0.05669,0.65787,-0.20161,82.06,82.00,0.1288,19,76.46,1
77.4590,1249,-0.04261,0.91349,-0.13930,79.88,79.00,0.1354,19,74.31,1
77.5243,1250,0.00000,0.83085,-0.04217,76.48,76.00,0.1456,20,74.37,1
77.5895,1251,0.00000,0.54226,-0.03722,76.30,76.00,0.1461,19,73.55,1
77.6566,1252,0.00000,0.36130,-0.02765,75.97,75.00,0.1471,18,72.02,1
77.7265,1253,0.00000,0.05982,-0.07468,77.61,77.00,0.1422,20,69.73,1
77.7940,1254,0.00000,-0.05146,-0.08523,77.98,77.00,0.1411,19,67.54,1
77.8594,1255,0.00000,-0.08444,-0.09509,78.33,78.00,0.1400,19,65.86,1
77.9269,1256,0.00000,-0.09580,-0.10805,78.78,78.00,0.1387,18,65.04,1
77.9913,1257,0.00000,-0.11609,-0.10768,78.77,78.00,0.1387,18,63.78,1
78.0606,1258,0.00000,-0.16826,-0.11409,78.99,78.00,0.1380,18,62.77,1
78.1237,1259,0.00000,-0.19399,-0.06766,77.37,77.00,0.1429,17,63.10,1
78.1907,1260,0.02976,-0.13348,0.01177,74.82,74.00,0.1488,16,62.47,1
78.2613,1261,0.02692,-0.24081,-0.02714,75.95,75.00,0.1472,18,61.82,1
78.3342,1262,0.00000,-0.14934,-0.11051,78.87,78.00,0.1384,19,61.79,1
78.4032,1263,0.00000,-0.02459,-0.15823,80.54,80.00,0.1334,19,61.01,1
78.4701,1264,-0.03107,-0.05650,-0.22452,82.86,82.00,0.1264,20,60.98,1
78.5317,1265,-0.03012,-0.11739,-0.19542,81.84,81.00,0.1295,20,60.47,1
78.5944,1266,0.00000,-0.30395,-0.03880,76.36,76.00,0.1459,17,60.30,1
78.6578,1267,0.04603,-0.47165,0.06614,74.01,74.00,0.1431,18,59.37,1
78.7220,1268,0.07874,-0.55469,0.14074,72.89,72.00,0.1352,18,59.62,1
78.7828,1269,0.12576,-0.65802,0.25509,71.17,71.00,0.1232,17,59.49,1
78.8464,1270,0.09035,-0.54685,0.06096,74.09,74.00,0.1436,21,59.55,1
78.9089,1271,0.09463,-0.66598,0.05303,74.20,74.00,0.1444,17,58.62,1
78.9735,1272,0.06555,-0.62969,-0.06662,77.33,77.00,0.1430,16,58.26,1
79.0387,1273,0.07664,-0.62038,-0.01815,75.64,75.00,0.1481,17,57.46,1
79.1022,1274,0.04815,-0.46133,-0.11789,79.13,79.00,0.1376,17,56.99,1
79.1648,1275,0.04526,-0.49338,-0.10721,78.75,78.00,0.1387,19,58.07,1
79.2269,1276,0.05733,-0.49331,-0.04826,76.69,76.00,0.1449,21,59.55,1
79.2905,1277,0.04631,-0.45119,-0.08316,77.91,77.00,0.1413,19,58.83,1
79.3574,1278,0.04447,-0.38558,-0.07799,77.73,77.00,0.1418,21,59.42,1
79.4218,1279,0.06129,-0.40750,-0.01012,75.35,75.00,0.1489,19,58.96,1
79.4873,1280,0.03917,-0.29308,-0.09237,78.23,78.00,0.1403,19,58.08,1
79.5502,1281,0.00000,-0.21487,-0.16411,80.74,80.00,0.1328,20,57.63,1
79.6108,1282,0.00000,-0.17689,-0.16010,80.60,80.00,0.1332,19,57.47,1
79.6766,1283,-0.02705,-0.03763,-0.26371,84.23,84.00,0.1223,24,57.76,1
79.7410,1284,0.00000,-0.00185,-0.16535,80.79,80.00,0.1326,22,57.42,1
79.8067,1285,0.00000,-0.01931,-0.13451,79.71,79.00,0.1359,22,57.15,1
79.8686,1286,0.00000,-0.16062,-0.11905,79.17,79.00,0.1375,21,58.07,1
79.9319,1287,-0.03111,-0.12021,-0.18386,81.43,81.00,0.1307,22,58.80,1
80.0020,1288,0.00000,-0.20156,-0.10037,78.51,78.00,0.1395,19,58.80,1
80.0656,1289,0.00000,-0.28484,-0.01348,75.47,75.00,0.1486,22,59.32,1
80.1312,1290,0.02522,-0.29578,0.01392,74.79,74.00,0.1485,23,59.55,1
80.1956,1291,0.03582,-0.30595,0.02736,74.59,74.00,0.1471,24,60.83,1
80.2676,1292,0.03615,-0.27118,0.00208,74.97,74.00,0.1498,26,62.05,1
80.3345,1293,0.00000,-0.20797,-0.11094,78.88,78.00,0.1384,19,62.98,1
80.4066,1294,0.00000,-0.26216,-0.11223,78.93,78.00,0.1382,26,64.14,1
80.4783,1295,0.02056,-0.30438,-0.05035,76.76,76.00,0.1447,24,65.06,1
80.5424,1296,-0.02680,-0.25302,-0.21609,82.56,82.00,0.1273,23,66.66,1
80.6082,1297,-0.07071,-0.20741,-0.33422,86.70,86.00,0.1149,21,67.74,1
80.6751,1298,-0.16177,0.17228,-0.59093,95.68,94.00,0.0880,15,70.07,1
80.7496,1299,-0.09711,-0.04671,-0.25006,83.75,86.00,0.1237,25,70.86,1
80.8294,1300,-0.13833,0.14853,-0.36522,87.78,87.00,0.1117,19,72.16,1
80.9004,1301,-0.15884,0.34166,-0.38990,88.65,88.00,0.1091,27,73.94,1
80.9756,1302,-0.11548,0.40096,-0.19640,81.87,81.00,0.1294,27,75.31,1
81.0448,1303,-0.04685,0.30050,0.03036,74.54,74.00,0.1468,27,77.44,1
81.1129,1304,0.05509,0.17001,0.32083,70.19,70.00,0.1163,26,82.69,1
81.1783,1305,0.17086,-0.07197,0.60362,65.95,65.00,0.0866,18,85.02,1
81.2521,1306,0.20891,-0.35904,0.54857,66.77,66.00,0.0924,21,81.82,1
81.3141,1307,0.19434,-0.54284,0.37027,69.45,69.00,0.1111,13,81.82,1
81.3822,1308,0.19428,-0.21772,0.28213,70.77,70.00,0.1204,20,87.34,1
81.4531,1309,0.19681,0.09357,0.22942,71.56,71.00,0.1259,17,89.53,1
81.5146,1310,0.17629,0.21061,0.12297,73.16,73.00,0.1371,11,92.00,1
81.5783,1311,0.13275,0.33738,-0.03784,76.32,76.00,0.1460,12,92.90,1
81.6427,1312,0.08347,0.40951,-0.18193,81.37,81.00,0.1309,11,93.63,1
81.7112,1313,0.04541,0.27694,-0.25269,83.84,83.00,0.1235,21,92.35,1
81.7827,1314,0.00000,0.35239,-0.34213,86.97,86.00,0.1141,21,91.99,1
81.8474,1315,0.00000,0.42786,-0.27083,84.48,84.00,0.1216,15,91.99,1
81.9193,1316,0.00000,0.42122,-0.16446,80.76,80.00,0.1327,15,93.19,1
81.9987,1317,0.08913,0.30831,0.14923,72.76,72.00,0.1343,19,95.37,1
82.0622,1318,0.18686,0.18588,0.44136,68.38,68.00,0.1037,11,95.37,1
82.1231,1319,0.23876,-0.11446,0.52544,67.12,67.00,0.0948,12,95.37,1
82.1830,1320,0.13799,-0.29171,0.07396,73.89,73.00,0.1422,10,89.54,1
82.2461,1321,0.07589,-0.26311,-0.14310,80.01,80.00,0.1350,7,83.28,1
82.3083,1322,0.09590,-0.28541,-0.02549,75.89,75.00,0.1473,7,83.28,1
82.3697,1323,0.15581,-0.26226,0.20229,71.97,71.00,0.1288,8,86.94,1
82.4363,1324,0.19614,-0.15134,0.30969,70.35,70.00,0.1175,9,89.08,1
82.5013,1325,0.24210,-0.11058,0.41728,68.74,68.00,0.1062,9,91.64,1
82.5663,1326,0.25114,-0.16639,0.37919,69.31,69.00,0.1102,7,95.34,1
82.6315,1327,0.24719,-0.30135,0.31089,70.34,70.00,0.1174,11,97.14,1
82.6988,1328,0.22880,-0.44071,0.21448,71.78,71.00,0.1275,16,98.95,1
82.7623,1329,0.19789,-0.39823,0.10158,73.48,73.00,0.1393,22,98.95,1
82.8228,1330,0.10130,-0.31176,-0.21390,82.49,81.00,0.1275,27,98.95,1
82.8842,1331,0.00000,-0.25035,-0.44281,90.50,89.00,0.1035,26,97.83,1
82.9440,1332,-0.07945,-0.22523,-0.63691,97.29,97.00,0.0831,27,96.67,1
83.0030,1333,-0.14328,-0.19454,-0.70618,99.72,99.00,0.0759,27,95.30,1
83.0645,1334,-0.14157,-0.21759,-0.53640,93.77,93.00,0.0937,25,95.17,1
83.1244,1335,-0.02282,-0.26858,-0.01030,75.36,85.00,0.1489,26,96.56,1
83.1847,1336,0.09202,-0.23384,0.38310,69.25,77.00,0.1098,15,97.72,1
83.2443,1337,0.05194,0.31334,0.15185,72.72,72.00,0.1341,7,97.72,1
83.3039,1338,0.07785,0.70450,0.20802,71.88,71.00,0.1282,9,97.72,1
83.3647,1339,0.05681,0.15361,0.09020,73.65,73.00,0.1405,11,92.94,1
83.4248,1340,0.00000,0.37369,-0.12022,79.21,79.00,0.1374,8,92.94,1
83.4872,1341,0.00000,0.69172,-0.07223,77.53,77.00,0.1424,7,92.94,1
83.5483,1342,0.03361,0.90705,0.04027,74.40,74.00,0.1458,6,92.94,1
83.6085,1343,0.06176,1.03683,0.13175,73.02,73.00,0.1362,8,92.94,1
83.6696,1344,0.00000,1.10478,-0.11544,79.04,79.00,0.1379,3,92.94,1
83.7343,1345,0.00000,1.13161,-0.09754,78.41,78.00,0.1398,8,92.94,1
83.7948,1346,-0.05820,1.12563,-0.25746,84.01,84.00,0.1230,7,92.94,1
83.8568,1347,-0.04009,1.10682,-0.13900,79.87,79.00,0.1354,7,92.94,1
83.9167,1348,-0.05381,1.08226,-0.16235,80.68,80.00,0.1330,7,92.94,1
83.9778,1349,0.00000,1.05830,0.07104,73.93,73.00,0.1425,7,92.94,1
84.0403,1350,0.03134,1.03734,0.13668,72.95,72.00,0.1356,9,92.94,1
84.1047,1351,0.09374,0.55810,0.31621,70.26,70.00,0.1168,9,92.94,1
84.1654,1352,0.02400,0.13208,0.00368,74.94,74.00,0.1496,11,89.85,1
84.2293,1353,0.00000,-0.02122,-0.08693,78.04,78.00,0.1409,10,87.37,1
84.2956,1354,-0.05014,-0.13251,-0.22957,83.03,83.00,0.1259,14,87.37,1
84.3716,1355,-0.06357,-0.18851,-0.21690,82.59,82.00,0.1272,12,87.37,1
84.4510,1356,-0.09384,-0.19063,-0.26813,84.38,84.00,0.1218,13,83.43,1
84.5173,1357,-0.09585,0.07701,-0.22682,82.94,82.00,0.1262,11,82.89,1
84.5826,1358,-0.08963,0.26127,-0.17120,80.99,80.00,0.1320,11,82.89,1
84.6514,1359,-0.09995,0.09250,-0.18601,81.51,81.00,0.1305,14,82.89,1
84.7190,1360,-0.08795,-0.10271,-0.12423,79.35,79.00,0.1370,11,82.89,1
84.7873,1361,-0.08752,0.06760,-0.11836,79.14,79.00,0.1376,13,82.89,1
84.8618,1362,-0.06028,0.04955,-0.02349,75.82,75.00,0.1475,12,81.60,1
84.9278,1363,-0.07208,0.09368,-0.08334,77.92,77.00,0.1412,12,79.74,1
84.9987,1364,-0.08294,0.13386,-0.12618,79.42,79.00,0.1368,14,78.56,1
85.0626,1365,-0.05899,0.08891,-0.04042,76.41,76.00,0.1458,17,77.11,1
85.1301,1366,-0.08642,0.29426,-0.15086,80.28,80.00,0.1342,13,76.40,1
85.1984,1367,-0.08528,0.29657,-0.13708,79.80,79.00,0.1356,14,74.21,1
85.2601,1368,-0.10527,0.46489,-0.20130,82.05,82.00,0.1289,14,74.19,1
85.3230,1369,-0.09859,0.43433,-0.16076,80.63,80.00,0.1331,18,74.07,1
85.3859,1370,-0.10559,0.40146,-0.17833,81.24,81.00,0.1313,17,74.51,1
85.4550,1371,-0.10347,0.36255,-0.16081,80.63,80.00,0.1331,19,74.51,1
85.5169,1372,-0.09134,0.32810,-0.11505,79.03,79.00,0.1379,20,75.14,1
85.5795,1373,-0.09102,0.26708,-0.12080,79.23,79.00,0.1373,21,77.10,1
85.6414,1374,-0.07515,0.25262,-0.07124,77.49,77.00,0.1425,20,75.24,1
85.7058,1375,-0.04248,0.18042,0.02547,74.62,74.00,0.1473,17,76.22,1
85.7674,1376,0.00000,0.08589,0.09159,73.63,73.00,0.1404,19,77.79,1
85.8311,1377,0.00000,0.01583,0.11784,73.23,73.00,0.1376,20,76.46,1
85.9022,1378,0.02469,0.01011,0.11989,73.20,73.00,0.1374,21,76.92,1
85.9682,1379,0.00000,0.03533,0.02284,74.66,74.00,0.1476,26,77.57,1
86.0357,1380,-0.02922,0.23058,-0.13718,79.80,79.00,0.1356,19,76.38,1
86.1088,1381,-0.02430,0.29102,-0.10257,78.59,78.00,0.1392,21,76.45,1
86.1907,1382,-0.02624,0.32871,-0.10130,78.55,78.00,0.1394,19,76.64,1
86.2567,1383,-0.04253,0.36006,-0.15087,80.28,80.00,0.1342,25,75.55,1
86.3226,1384,-0.04613,0.37545,-0.14777,80.17,80.00,0.1345,27,76.74,1
86.3885,1385,0.00000,0.24281,-0.01938,75.68,75.00,0.1480,26,77.71,1
86.4553,1386,-0.03985,0.11227,-0.12637,79.42,79.00,0.1367,16,79.43,1
86.5324,1387,0.00000,0.01126,0.00032,75.00,74.00,0.1500,22,78.84,1
86.6000,1388,0.00000,0.07258,0.00667,74.90,74.00,0.1493,23,78.41,1
86.6759,1389,0.02618,0.06471,0.06441,74.03,74.00,0.1432,26,77.60,1
86.7405,1390,0.03525,0.03229,0.06517,74.02,74.00,0.1432,27,78.37,1
86.8035,1391,0.00000,-0.45511,-0.05398,76.89,76.00,0.1443,5,81.54,1
86.8746,1392,-0.07350,0.13833,-0.33805,86.83,84.00,0.1145,10,82.58,1
86.9487,1393,-0.06325,0.60110,-0.23162,83.11,83.00,0.1257,9,85.22,1
87.0156,1394,-0.13460,0.82132,-0.44128,90.44,90.00,0.1037,10,87.45,1
87.0762,1395,-0.13200,0.69668,-0.36262,87.69,87.00,0.1119,11,89.51,1
87.1368,1396,-0.06811,0.17442,-0.09277,78.25,79.00,0.1403,9,91.56,1
87.1959,1397,-0.05797,0.49474,-0.06933,77.43,77.00,0.1427,10,90.60,1
87.2559,1398,-0.05757,0.72338,-0.08456,77.96,77.00,0.1411,8,90.64,1
87.3180,1399,-0.06213,0.61125,-0.11350,78.97,78.00,0.1381,10,92.53,1
87.3781,1400,-0.05832,0.75545,-0.10596,78.71,78.00,0.1389,8,94.47,1
87.4391,1401,0.00000,0.15599,0.05054,74.24,74.00,0.1447,9,96.13,1
87.4962,1402,-0.04812,0.45274,-0.11287,78.95,78.00,0.1381,8,95.01,1
87.5521,1403,-0.07367,0.68390,-0.20573,82.20,82.00,0.1284,8,94.81,1
87.6118,1404,-0.10148,0.85632,-0.28742,85.06,85.00,0.1198,10,94.56,1
87.6704,1405,-0.08528,0.97042,-0.19888,81.96,81.00,0.1291,10,94.41,1
87.7323,1406,-0.09738,1.04141,-0.23078,83.08,83.00,0.1258,8,94.17,1
87.7945,1407,-0.06757,0.66332,-0.11031,78.86,78.00,0.1384,11,95.95,1
87.8577,1408,-0.11043,0.78982,-0.27188,84.52,84.00,0.1215,10,97.31,1
87.9184,1409,-0.15701,0.88692,-0.41134,89.40,89.00,0.1068,11,98.62,1
87.9789,1410,-0.16074,0.95482,-0.37492,88.12,88.00,0.1106,9,99.91,1
88.0424,1411,-0.14933,0.62741,-0.29631,85.37,85.00,0.1189,12,101.12,1
88.1021,1412,-0.13341,0.71715,-0.22452,82.86,82.00,0.1264,8,100.04,1
88.1639,1413,-0.12585,0.83209,-0.19892,81.96,81.00,0.1291,9,100.84,1
88.2216,1414,-0.08637,0.78560,-0.06717,77.35,77.00,0.1429,8,101.70,1
88.2803,1415,-0.08138,0.87937,-0.08385,77.93,77.00,0.1412,9,100.83,1
88.3408,1416,-0.12908,0.94774,-0.28108,84.84,84.00,0.1205,11,101.95,1
88.4020,1417,-0.08040,0.66552,-0.09580,78.35,78.00,0.1399,6,102.96,1
88.4631,1418,-0.07469,0.58728,-0.10295,78.60,78.00,0.1392,8,103.66,1
88.5226,1419,-0.07169,0.73641,-0.11578,79.05,79.00,0.1378,7,104.49,1
88.5845,1420,-0.08019,0.85382,-0.16569,80.80,80.00,0.1326,6,105.14,1
88.6436,1421,-0.12745,0.93663,-0.33909,86.87,86.00,0.1144,7,105.78,1
88.7036,1422,-0.13911,0.96714,-0.35161,87.31,87.00,0.1131,8,104.64,1
88.7664,1423,-0.12355,0.83537,-0.26808,84.38,84.00,0.1219,8,105.27,1
88.8277,1424,-0.11559,0.90467,-0.23275,83.15,83.00,0.1256,9,104.18,1
88.8896,1425,-0.12233,0.94372,-0.25771,84.02,84.00,0.1229,8,102.79,1
88.9519,1426,-0.11806,0.98111,-0.23954,83.38,83.00,0.1248,8,101.81,1
89.0159,1427,-0.11911,0.99010,-0.24493,83.57,83.00,0.1243,8,101.03,1
89.0812,1428,-0.09761,0.83368,-0.17162,81.01,81.00,0.1320,8,102.03,1
89.1397,1429,-0.09080,0.89167,-0.16441,80.75,80.00,0.1327,9,101.26,1
89.2041,1430,-0.08337,0.93760,-0.15739,80.51,80.00,0.1335,9,100.60,1
89.2637,1431,-0.09569,0.59709,-0.21651,82.58,82.00,0.1273,12,101.49,1
89.3259,1432,-0.14504,0.72554,-0.39073,88.68,88.00,0.1090,11,102.29,1
89.3909,1433,-0.13987,0.45055,-0.33433,86.70,86.00,0.1149,11,103.26,1
89.4492,1434,-0.17728,0.64266,-0.44444,90.56,90.00,0.1033,11,104.14,1
89.5082,1435,-0.15537,0.79136,-0.32635,86.42,86.00,0.1157,8,102.89,1
89.5687,1436,-0.13197,0.90115,-0.23043,83.07,83.00,0.1258,9,101.73,1
89.6284,1437,-0.07143,0.67697,-0.02677,75.94,75.00,0.1472,8,102.41,1
89.6891,1438,-0.09799,0.80540,-0.17107,80.99,80.00,0.1320,10,101.27,1
89.7508,1439,-0.09104,0.90279,-0.16365,80.73,80.00,0.1328,9,100.44,1
89.8094,1440,-0.05777,0.73716,-0.06396,77.24,77.00,0.1433,8,101.40,1
89.8704,1441,-0.07165,0.80682,-0.15020,80.26,80.00,0.1342,8,100.69,1
89.9358,1442,-0.07715,0.77694,-0.18641,81.52,81.00,0.1304,8,101.52,1
90.0002,1443,-0.07806,0.69162,-0.19656,81.88,81.00,0.1294,7,102.57,1
90.0638,1444,-0.07369,0.69122,-0.18586,81.51,81.00,0.1305,8,103.51,1
90.1262,1445,-0.07463,0.62082,-0.19535,81.84,81.00,0.1295,8,104.36,1
90.1872,1446,-0.07574,0.56911,-0.20280,82.10,82.00,0.1287,8,105.13,1
90.2457,1447,-0.05182,0.45643,-0.12138,79.25,79.00,0.1373,8,105.81,1
90.3059,1448,-0.05739,0.51865,-0.15997,80.60,80.00,0.1332,8,106.43,1
90.3676,1449,-0.06881,0.51443,-0.20945,82.33,82.00,0.1280,8,106.74,1
90.4300,1450,-0.06913,0.57181,-0.20858,82.30,82.00,0.1281,9,107.21,1
90.4915,1451,-0.07880,0.55712,-0.24056,83.42,83.00,0.1247,8,107.69,1
90.5526,1452,-0.09109,0.55588,-0.27468,84.61,84.00,0.1212,8,107.92,1
90.6230,1453,-0.13392,0.76308,-0.40455,89.16,89.00,0.1075,7,108.23,1
90.7027,1454,-0.16211,0.91924,-0.44654,90.63,90.00,0.1031,8,108.36,1
90.7733,1455,-0.16348,0.57264,-0.39915,88.97,88.00,0.1081,11,106.22,1
90.8432,1456,-0.15228,0.69755,-0.32478,86.37,86.00,0.1159,8,104.73,1
90.9199,1457,-0.13130,0.85189,-0.23703,83.30,83.00,0.1251,9,103.59,1
90.9890,1458,-0.11137,0.95111,-0.17628,81.17,81.00,0.1315,9,102.40,1
91.0585,1459,-0.11075,1.00507,-0.19429,81.80,81.00,0.1296,8,101.33,1
91.1319,1460,-0.06898,0.38467,-0.06842,77.39,77.00,0.1428,10,102.14,1
91.2004,1461,-0.07544,0.51500,-0.13261,79.64,79.00,0.1361,7,102.93,1
91.2630,1462,-0.06603,0.60935,-0.12251,79.29,79.00,0.1371,9,103.59,1
91.3292,1463,-0.10053,0.78270,-0.26474,84.27,84.00,0.1222,7,104.28,1
91.3993,1464,-0.12048,0.90970,-0.32157,86.25,86.00,0.1162,7,104.90,1
91.4631,1465,-0.11349,0.98704,-0.27551,84.64,84.00,0.1211,5,105.61,1
91.5343,1466,-0.13590,1.03354,-0.34053,86.92,86.00,0.1142,11,104.32,1
91.6098,1467,-0.12790,1.05330,-0.28578,85.00,85.00,0.1200,9,102.53,1
91.6732,1468,-0.13058,1.01967,-0.28546,84.99,84.00,0.1200,8,100.88,1
91.7344,1469,-0.11947,1.02224,-0.23913,83.37,83.00,0.1249,9,100.13,1
91.7968,1470,-0.10679,1.02119,-0.19755,81.91,81.00,0.1293,9,99.45,1
91.8603,1471,-0.10398,0.98206,-0.19920,81.97,81.00,0.1291,8,98.87,1
91.9198,1472,-0.10630,0.97017,-0.21682,82.59,82.00,0.1272,8,98.35,1
91.9790,1473,-0.10021,0.94793,-0.20072,82.03,82.00,0.1289,8,99.51,1
92.0448,1474,-0.08940,0.95454,-0.17226,81.03,81.00,0.1319,9,100.56,1
92.1130,1475,-0.10789,0.97248,-0.25138,83.80,83.00,0.1236,9,101.51,1
92.1746,1476,-0.10074,0.96916,-0.22250,82.79,82.00,0.1266,8,102.36,1
92.2367,1477,-0.06743,0.75380,-0.11004,78.85,78.00,0.1384,7,103.42,1
92.3059,1478,-0.07717,0.81593,-0.17322,81.06,81.00,0.1318,8,104.28,1
92.3729,1479,-0.09597,0.84647,-0.24893,83.71,83.00,0.1239,7,104.85,1
92.4323,1480,-0.10385,0.91150,-0.26965,84.44,84.00,0.1217,6,105.52,1
92.4946,1481,-0.10194,0.95870,-0.25214,83.82,83.00,0.1235,7,106.16,1
92.5534,1482,-0.12152,0.97474,-0.31433,86.00,86.00,0.1170,8,106.50,1
92.6130,1483,-0.13431,0.63642,-0.33993,86.90,86.00,0.1143,12,107.05,1
92.6777,1484,-0.14825,0.73888,-0.36355,87.72,87.00,0.1118,9,107.39,1
92.7391,1485,-0.15227,0.81903,-0.35043,87.26,87.00,0.1132,8,105.99,1
92.7993,1486,-0.14292,0.90133,-0.29629,85.37,85.00,0.1189,9,104.72,1
92.8587,1487,-0.12223,0.95931,-0.21575,82.55,82.00,0.1273,10,103.62,1
92.9189,1488,-0.10660,0.99694,-0.17077,80.98,80.00,0.1321,9,102.62,1
92.9777,1489,-0.09274,1.01789,-0.14050,79.92,79.00,0.1352,9,101.76,1
93.0408,1490,-0.05571,0.35449,-0.03651,76.28,76.00,0.1462,9,100.88,1
93.1038,1491,-0.09110,0.54930,-0.20575,82.20,82.00,0.1284,10,101.74,1
93.1749,1492,-0.09490,0.58659,-0.22419,82.85,82.00,0.1265,8,102.42,1
93.2462,1493,-0.11790,0.76616,-0.30261,85.59,85.00,0.1182,7,103.23,1
93.3064,1494,-0.11311,0.88914,-0.27015,84.46,84.00,0.1216,6,104.01,1
93.3668,1495,-0.10320,0.96925,-0.22778,82.97,82.00,0.1261,7,104.80,1
93.4269,1496,-0.10068,0.98366,-0.22033,82.71,82.00,0.1269,9,105.27,1
93.4856,1497,-0.12213,0.99405,-0.29790,85.43,85.00,0.1187,9,105.95,1
93.5458,1498,-0.13665,1.00102,-0.33442,86.70,86.00,0.1149,9,106.40,1
93.6037,1499,-0.13783,1.01626,-0.31811,86.13,86.00,0.1166,10,106.81,1
93.6615,1500,-0.12732,0.99507,-0.26562,84.30,84.00,0.1221,8,107.13,1
93.7212,1501,-0.13442,0.99644,-0.28688,85.04,85.00,0.1199,8,105.72,1
93.7894,1502,-0.13899,0.98055,-0.29370,85.28,85.00,0.1192,8,104.45,1
93.8472,1503,-0.13692,0.96036,-0.27812,84.73,84.00,0.1208,8,103.30,1
93.9027,1504,-0.13413,0.96430,-0.26391,84.24,84.00,0.1223,8,102.27,1
93.9615,1505,-0.12882,0.96930,-0.24384,83.53,83.00,0.1244,8,101.34,1
94.0187,1506,-0.12537,0.98245,-0.23461,83.21,83.00,0.1254,8,100.48,1
94.0760,1507,-0.12172,0.99099,-0.22640,82.92,82.00,0.1262,8,99.73,1
94.1360,1508,-0.11629,0.99784,-0.21367,82.48,82.00,0.1276,8,99.06,1
94.1926,1509,-0.10048,0.87294,-0.16630,80.82,80.00,0.1325,7,100.10,1
94.2495,1510,-0.10619,0.91026,-0.20390,82.14,82.00,0.1286,8,99.46,1
94.3085,1511,-0.09396,0.92859,-0.16977,80.94,80.00,0.1322,8,100.51,1
94.3710,1512,-0.13051,0.95803,-0.31386,85.99,85.00,0.1170,12,101.46,1
94.4447,1513,-0.15932,0.98179,-0.39291,88.75,88.00,0.1087,12,102.36,1
94.5098,1514,-0.17235,0.99655,-0.40281,89.10,89.00,0.1077,11,103.18,1
94.5659,1515,-0.14701,1.00405,-0.28658,85.03,85.00,0.1199,9,102.23,1
94.6257,1516,-0.13643,0.99269,-0.24514,83.58,83.00,0.1243,8,101.24,1
94.6824,1517,-0.09246,0.86550,-0.09580,78.35,78.00,0.1399,8,102.06,1
94.7387,1518,-0.08871,0.90527,-0.11726,79.10,79.00,0.1377,8,100.99,1
94.7956,1519,-0.08097,0.93892,-0.11829,79.14,79.00,0.1376,9,100.29,1
94.8538,1520,-0.08789,0.96560,-0.16962,80.94,80.00,0.1322,10,101.31,1
94.9149,1521,-0.09335,0.98540,-0.20342,82.12,82.00,0.1286,6,102.38,1
94.9786,1522,-0.11780,0.99869,-0.29484,85.32,85.00,0.1190,7,103.34,1
95.0410,1523,-0.10548,1.00596,-0.23747,83.31,83.00,0.1251,7,104.06,1
95.1027,1524,-0.09557,1.00921,-0.20223,82.08,82.00,0.1288,7,104.60,1
95.1608,1525,-0.11115,0.99883,-0.26282,84.20,84.00,0.1224,8,103.41,1
95.2232,1526,-0.13954,1.00109,-0.35449,87.41,87.00,0.1128,9,102.43,1
95.2807,1527,-0.13400,1.00210,-0.31016,85.86,85.00,0.1174,10,103.24,1
95.3375,1528,-0.14872,1.00243,-0.34768,87.17,87.00,0.1135,10,103.87,1
95.3941,1529,-0.14297,0.98931,-0.30650,85.73,85.00,0.1178,8,102.75,1
95.4529,1530,-0.12583,0.99254,-0.23472,83.22,83.00,0.1254,9,101.74,1
95.5108,1531,-0.11547,0.99530,-0.20308,82.11,82.00,0.1287,9,100.73,1
95.5696,1532,-0.10254,0.99744,-0.16892,80.91,80.00,0.1323,9,99.79,1
95.6254,1533,-0.10324,0.98210,-0.18841,81.59,81.00,0.1302,8,99.18,1
95.6857,1534,-0.09229,0.84416,-0.16273,80.70,80.00,0.1329,7,100.26,1
95.7453,1535,-0.10500,0.88872,-0.22450,82.86,82.00,0.1264,9,101.24,1
95.8046,1536,-0.14232,0.92771,-0.35777,87.52,87.00,0.1124,8,100.38,1
95.8634,1537,-0.15629,0.95854,-0.38065,88.32,88.00,0.1100,9,99.64,1
95.9330,1538,-0.16734,0.98268,-0.38482,88.47,88.00,0.1096,11,99.04,1
96.0020,1539,-0.14022,0.99821,-0.26070,84.12,84.00,0.1226,8,98.21,1
96.0671,1540,-0.11165,1.00630,-0.16424,80.75,80.00,0.1328,9,97.42,1
96.1273,1541,-0.08949,1.00958,-0.10968,78.84,78.00,0.1385,9,96.91,1
96.1862,1542,-0.07902,1.01017,-0.10428,78.65,78.00,0.1391,9,96.32,1
96.2482,1543,-0.09258,0.99191,-0.18318,81.41,81.00,0.1308,9,97.74,1
96.3099,1544,-0.07513,0.99519,-0.13432,79.70,79.00,0.1359,7,99.01,1
96.3747,1545,-0.05113,0.67969,-0.07390,77.59,77.00,0.1422,7,100.41,1
96.4417,1546,-0.09334,0.77486,-0.25485,83.92,83.00,0.1232,9,101.67,1
96.4983,1547,-0.07887,0.85646,-0.19656,81.88,81.00,0.1294,6,102.70,1
96.5566,1548,-0.08153,0.91810,-0.20999,82.35,82.00,0.1280,7,103.63,1
96.6146,1549,-0.08103,0.96255,-0.20931,82.33,82.00,0.1280,7,104.32,1
96.6755,1550,-0.08260,0.99287,-0.21599,82.56,82.00,0.1273,7,104.99,1
96.7315,1551,-0.10904,1.00974,-0.30841,85.79,85.00,0.1176,8,105.69,1
96.7881,1552,-0.13409,1.01841,-0.37707,88.20,88.00,0.1104,8,106.42,1
96.8436,1553,-0.12360,1.02113,-0.30804,85.78,85.00,0.1177,7,106.73,1
96.8990,1554,-0.11919,0.83761,-0.27678,84.69,84.00,0.1209,7,107.01,1
96.9580,1555,-0.12421,0.88386,-0.28564,85.00,84.00,0.1200,8,105.37,1
97.0168,1556,-0.12880,0.90990,-0.29175,85.21,85.00,0.1194,8,104.07,1
97.0761,1557,-0.13000,0.93173,-0.28523,84.98,84.00,0.1201,8,102.83,1
97.1324,1558,-0.11831,0.96285,-0.23610,83.26,83.00,0.1252,9,101.74,1
97.1895,1559,-0.11659,0.96696,-0.23256,83.14,83.00,0.1256,8,100.80,1
97.2470,1560,-0.11432,0.97304,-0.22772,82.97,82.00,0.1261,8,100.06,1
97.3023,1561,-0.10262,0.98903,-0.19023,81.66,81.00,0.1300,9,99.32,1
97.3656,1562,-0.07479,0.91943,-0.10511,78.68,78.00,0.1390,9,100.49,1
97.4259,1563,-0.08782,0.94488,-0.18057,81.32,81.00,0.1310,8,99.70,1
97.4903,1564,-0.10237,0.96885,-0.24282,83.50,83.00,0.1245,8,99.03,1
97.5503,1565,-0.08378,0.55221,-0.17517,81.13,81.00,0.1316,9,100.18,1
97.6135,1566,-0.13481,0.68791,-0.36401,87.74,87.00,0.1118,11,101.21,1
97.6833,1567,-0.14127,0.79667,-0.35188,87.32,87.00,0.1131,9,102.14,1
97.7445,1568,-0.13589,0.89076,-0.30855,85.80,85.00,0.1176,10,102.98,1
97.8066,1569,-0.12736,0.95618,-0.26504,84.28,84.00,0.1222,8,101.71,1
97.8702,1570,-0.12431,0.98813,-0.25094,83.78,83.00,0.1237,8,100.77,1
97.9297,1571,-0.11910,0.99469,-0.23275,83.15,83.00,0.1256,8,99.96,1
97.9886,1572,-0.10406,1.01238,-0.18415,81.45,81.00,0.1307,9,99.30,1
98.0502,1573,-0.09155,1.02097,-0.15478,80.42,80.00,0.1337,9,98.74,1
98.1218,1574,-0.06539,0.94297,-0.08755,78.06,78.00,0.1408,9,99.91,1
98.1820,1575,-0.07061,0.54205,-0.13723,79.80,79.00,0.1356,10,100.87,1
98.2407,1576,-0.07499,0.52740,-0.17104,80.99,80.00,0.1320,7,101.84,1
98.3047,1577,-0.09949,0.68733,-0.26714,84.35,84.00,0.1220,8,102.60,1
98.3711,1578,-0.09595,0.82099,-0.24287,83.50,83.00,0.1245,7,103.29,1
98.4275,1579,-0.12150,0.91383,-0.32684,86.44,86.00,0.1157,7,104.01,1
98.4861,1580,-0.14878,0.97631,-0.39986,89.00,88.00,0.1080,10,104.46,1
98.5469,1581,-0.14584,1.01550,-0.35200,87.32,87.00,0.1130,10,104.96,1
98.6055,1582,-0.14414,1.01888,-0.32262,86.29,86.00,0.1161,8,103.80,1
98.6645,1583,-0.14179,1.02980,-0.29877,85.46,85.00,0.1186,8,101.97,1
98.7260,1584,-0.13322,1.00934,-0.25898,84.06,84.00,0.1228,8,100.74,1
98.7907,1585,-0.11701,1.01328,-0.20241,82.08,82.00,0.1287,8,99.77,1
98.8602,1586,-0.08572,0.92250,-0.10855,78.80,78.00,0.1386,8,100.69,1
98.9230,1587,-0.08440,0.94780,-0.13576,79.75,79.00,0.1357,9,99.79,1
98.9825,1588,-0.07533,0.96794,-0.12715,79.45,79.00,0.1366,10,99.11,1
99.0426,1589,-0.07354,0.98298,-0.14416,80.05,80.00,0.1349,9,98.40,1
99.1057,1590,-0.10504,0.99370,-0.27236,84.53,84.00,0.1214,9,97.26,1
99.1662,1591,-0.09307,0.85180,-0.21979,82.69,82.00,0.1269,7,98.68,1
99.2286,1592,-0.08316,0.73142,-0.18653,81.53,81.00,0.1304,8,99.86,1
99.2868,1593,-0.08930,0.81773,-0.21584,82.55,82.00,0.1273,10,100.63,1
99.3460,1594,-0.09350,0.88770,-0.23182,83.11,83.00,0.1257,10,102.07,1
99.4095,1595,-0.07992,0.83643,-0.18214,81.37,81.00,0.1309,8,102.96,1
99.4761,1596,-0.09953,0.86310,-0.25952,84.08,84.00,0.1228,9,103.61,1
99.5327,1597,-0.11082,0.92406,-0.29048,85.17,85.00,0.1195,10,104.25,1
99.5949,1598,-0.13449,0.96823,-0.35744,87.51,87.00,0.1125,11,104.78,1
99.6505,1599,-0.12103,0.86641,-0.28425,84.95,84.00,0.1202,7,105.90,1
99.7097,1600,-0.12048,0.91858,-0.27188,84.52,84.00,0.1215,9,101.51,1
99.7664,1601,-0.10016,0.86251,-0.19364,81.78,81.00,0.1297,7,100.01,1
99.8256,1602,-0.09437,0.91636,-0.18363,81.43,81.00,0.1307,9,98.61,1
99.8913,1603,-0.08429,0.95892,-0.16141,80.65,80.00,0.1331,8,97.35,1
99.9517,1604,-0.08917,0.98706,-0.19401,81.79,81.00,0.1296,10,96.85,1
100.0111,1605,-0.10775,1.00411,-0.26602,84.31,84.00,0.1221,9,96.46,1
100.0699,1606,-0.09944,1.01316,-0.22866,83.00,83.00,0.1260,10,97.71,1
100.1310,1607,-0.10254,1.01680,-0.23959,83.39,83.00,0.1248,11,96.69,1
100.1923,1608,-0.08748,1.01447,-0.18483,81.47,81.00,0.1306,10,95.07,1
100.2553,1609,-0.10668,1.01280,-0.26167,84.16,84.00,0.1225,12,95.37,1
100.3172,1610,-0.15045,1.01012,-0.40562,89.20,89.00,0.1074,12,94.86,1
100.3784,1611,-0.10061,0.37518,-0.19430,81.80,81.00,0.1296,23,94.78,1
100.4438,1612,-0.03956,-0.00196,0.00562,74.92,74.00,0.1494,24,93.66,1
100.5085,1613,-0.08580,0.10827,-0.20944,82.33,82.00,0.1280,23,91.28,1
100.5688,1614,-0.07204,0.34221,-0.16425,80.75,80.00,0.1328,21,88.50,1
100.6284,1615,-0.07806,0.19757,-0.19683,81.89,81.00,0.1293,20,84.11,1
100.6908,1616,0.02299,-0.28881,0.15055,72.74,73.00,0.1342,16,81.11,1
100.7473,1617,0.09443,-0.36001,0.32764,70.09,70.00,0.1156,16,79.92,1
100.8077,1618,0.06650,-0.13687,0.11869,73.22,73.00,0.1375,15,78.33,1
100.8688,1619,0.02718,-0.10356,-0.07709,77.70,77.00,0.1419,11,76.75,1
100.9355,1620,0.00000,-0.14814,-0.22429,82.85,82.00,0.1265,15,78.24,1
100.9991,1621,0.00000,-0.12043,-0.16139,80.65,80.00,0.1331,17,74.02,1
101.0599,1622,0.00000,-0.19431,-0.15348,80.37,80.00,0.1339,20,76.71,1
101.1202,1623,0.00000,0.05603,-0.20001,82.00,82.00,0.1290,23,76.01,1
101.1782,1624,-0.02696,0.25610,-0.22535,82.89,82.00,0.1263,22,75.95,1
101.2373,1625,-0.05175,0.40331,-0.29546,85.34,85.00,0.1190,19,76.53,1
101.2984,1626,0.00000,0.16716,-0.07952,77.78,77.00,0.1417,18,76.59,1
101.3599,1627,0.00000,0.04443,-0.07102,77.49,77.00,0.1425,23,76.82,1
101.4244,1628,0.00000,0.06989,-0.16474,80.77,80.00,0.1327,24,75.73,1
101.4880,1629,0.00000,0.04099,-0.12059,79.22,79.00,0.1373,20,74.23,1
101.5517,1630,-0.04372,0.02680,-0.27304,84.56,84.00,0.1213,22,72.58,1
101.6164,1631,-0.05964,0.02842,-0.30075,85.53,85.00,0.1184,15,72.86,1
101.6785,1632,0.02318,-0.35880,0.01555,74.77,77.00,0.1484,19,73.22,1
101.7434,1633,0.03427,-0.35099,0.01212,74.82,74.00,0.1487,8,74.30,1
101.8067,1634,0.11231,-0.13779,0.24580,71.31,71.00,0.1242,18,76.07,1
101.8714,1635,0.08842,-0.19508,0.07720,73.84,73.00,0.1419,17,76.07,1
101.9308,1636,-0.07621,-0.19277,-0.53159,93.61,81.00,0.0942,11,76.07,1
101.9983,1637,-0.15475,0.35187,-0.70220,99.58,89.00,0.0763,3,76.07,1
102.0703,1638,-0.03949,0.16194,-0.16798,80.88,81.00,0.1324,9,72.36,1
102.1356,1639,0.02995,0.27166,0.06601,74.01,74.00,0.1431,17,73.93,1
102.2016,1640,0.03838,0.34208,0.03987,74.40,74.00,0.1458,24,71.53,1
102.2653,1641,0.03561,0.34102,-0.01370,75.48,75.00,0.1486,23,69.80,1
102.3342,1642,0.00000,0.30513,-0.14244,79.99,79.00,0.1350,22,67.40,1
102.3993,1643,-0.02413,0.21646,-0.24926,83.72,83.00,0.1238,23,64.74,1
102.4719,1644,-0.03103,0.22888,-0.24437,83.55,83.00,0.1243,24,61.07,1
102.5428,1645,-0.02388,0.32000,-0.19634,81.87,81.00,0.1294,22,58.27,1
102.6005,1646,0.00000,0.37989,-0.13055,79.57,79.00,0.1363,22,54.95,1
102.6602,1647,0.02881,0.46270,-0.00957,75.33,75.00,0.1490,20,51.89,1
102.7190,1648,0.00000,0.59658,-0.09783,78.42,78.00,0.1397,17,49.23,1
102.7789,1649,0.04331,0.54081,-0.00121,75.04,75.00,0.1499,21,48.59,1
102.8367,1650,0.08054,0.22351,0.10206,73.47,73.00,0.1393,26,48.31,1
102.8959,1651,0.10204,0.01640,0.13027,73.05,73.00,0.1363,27,50.05,1
102.9584,1652,0.11420,-0.10736,0.12095,73.19,73.00,0.1373,23,51.33,1
103.0190,1653,0.11213,-0.26544,0.07033,73.95,73.00,0.1426,22,52.01,1
103.0885,1654,0.12254,-0.22600,0.07399,73.89,73.00,0.1422,22,53.14,1
103.1515,1655,0.09277,-0.00841,-0.05526,76.93,76.00,0.1442,25,54.60,1
103.2147,1656,0.04379,0.00412,-0.22062,82.72,82.00,0.1268,25,54.51,1
103.2823,1657,0.00000,0.17168,-0.36097,87.63,87.00,0.1121,27,55.89,1
103.3429,1658,-0.09094,0.47455,-0.57736,95.21,95.00,0.0894,26,57.28,1
103.4040,1659,-0.09261,0.71628,-0.47791,91.73,91.00,0.0998,24,59.09,1
103.4648,1660,-0.09536,0.91581,-0.41241,89.43,89.00,0.1067,20,60.85,1
103.5254,1661,-0.10332,1.03283,-0.38530,88.49,88.00,0.1095,19,62.42,1
103.5867,1662,-0.12403,0.92097,-0.41282,89.45,89.00,0.1067,19,64.19,1
103.6501,1663,-0.10738,0.94014,-0.30659,85.73,85.00,0.1178,20,65.39,1
103.7122,1664,-0.07286,0.72493,-0.16677,80.84,80.00,0.1325,18,66.18,1
103.7718,1665,-0.03126,0.40495,-0.03375,76.18,76.00,0.1465,12,67.81,1
103.8325,1666,-0.03693,0.60914,-0.09296,78.25,78.00,0.1402,16,68.02,1
103.8928,1667,-0.09975,0.77326,-0.33630,86.77,86.00,0.1147,11,69.00,1
103.9572,1668,-0.11281,0.89603,-0.34928,87.22,87.00,0.1133,17,69.33,1
104.0193,1669,-0.18488,0.58511,-0.56630,94.82,94.00,0.0905,5,66.20,1
104.0800,1670,-0.21415,0.53773,-0.54300,94.00,94.00,0.0000,2,66.20,0
104.1410,1671,-0.26407,0.68170,-0.64779,97.67,97.00,0.0820,14,66.68,1
104.2021,1672,-0.29702,0.68785,-0.62441,96.85,96.00,0.0000,2,66.68,0
104.2693,1673,-0.33410,0.12676,-0.67470,98.61,98.00,0.0792,7,69.71,1
104.3300,1674,-0.32948,-0.40319,-0.59920,95.97,95.00,0.0871,6,71.84,1
104.3899,1675,-0.33621,-0.18309,-0.57735,95.21,95.00,0.0894,5,74.66,1
104.4519,1676,-0.30172,-0.20732,-0.41868,89.65,89.00,0.1060,7,76.79,1
104.5102,1677,-0.26176,-0.22330,-0.27768,84.72,84.00,0.1208,7,78.41,1
104.5690,1678,-0.24064,0.24680,-0.23175,83.11,83.00,0.1257,6,79.67,1
104.6276,1679,-0.23283,0.22100,-0.23781,83.32,83.00,0.1250,5,81.00,1
104.6886,1680,-0.26076,0.26430,-0.36693,87.84,87.00,0.1115,6,82.30,1
104.7511,1681,-0.25529,0.62502,-0.34794,87.18,87.00,0.1135,6,83.27,1
104.8111,1682,-0.25159,0.87002,-0.33925,86.87,86.00,0.1144,6,84.35,1
104.8682,1683,-0.24890,1.01794,-0.33536,86.74,86.00,0.1148,6,85.21,1
104.9236,1684,-0.24742,1.09823,-0.33596,86.76,86.00,0.1147,6,85.99,1
104.9815,1685,-0.24279,1.13560,-0.32521,86.38,86.00,0.1159,6,86.69,1
105.0383,1686,-0.22126,1.13971,-0.25662,83.98,83.00,0.1231,5,87.42,1
105.0942,1687,-0.20623,1.12516,-0.22421,82.85,82.00,0.1265,5,87.98,1
105.1505,1688,-0.21434,1.10291,-0.27924,84.77,84.00,0.1207,6,88.48,1
105.2061,1689,-0.22240,1.07814,-0.32102,86.24,86.00,0.1163,6,89.03,1
105.2630,1690,-0.25526,0.87076,-0.44092,90.43,90.00,0.1037,6,89.03,1
105.3222,1691,-0.25539,0.90024,-0.41855,89.65,89.00,0.1061,6,89.63,1
105.3793,1692,-0.27914,0.73593,-0.48663,92.03,92.00,0.0989,6,89.63,1
105.4339,1693,-0.28777,0.62022,-0.48959,92.14,92.00,0.0986,6,90.07,1
105.4922,1694,-0.27078,0.73807,-0.40148,89.05,89.00,0.1078,6,90.26,1
105.5496,1695,-0.27528,0.67145,-0.41024,89.36,89.00,0.1069,6,90.53,1
105.6075,1696,-0.27771,0.64333,-0.41018,89.36,89.00,0.1069,6,90.68,1
105.6633,1697,-0.26416,0.77702,-0.35477,87.42,87.00,0.1127,6,90.81,1
105.7200,1698,-0.27003,0.73231,-0.37975,88.29,88.00,0.1101,6,90.93,1
105.7795,1699,-0.26277,0.65219,-0.35286,87.35,87.00,0.1129,5,91.14,1
105.8381,1700,-0.26920,0.65569,-0.38000,88.30,88.00,0.1101,6,91.22,1
105.8970,1701,-0.26052,0.60697,-0.34800,87.18,87.00,0.1135,5,91.30,1
105.9539,1702,-0.25517,0.57327,-0.33446,86.71,86.00,0.1149,5,91.57,1
106.0122,1703,-0.25039,0.56037,-0.32555,86.39,86.00,0.1158,5,91.61,1
106.0704,1704,-0.26226,0.60118,-0.37643,88.18,88.00,0.1105,6,91.65,1
106.1246,1705,-0.27088,0.62043,-0.40472,89.17,89.00,0.1075,6,91.89,1
106.1833,1706,-0.27502,0.63207,-0.41111,89.39,89.00,0.1068,6,92.10,1
106.2397,1707,-0.25616,0.79212,-0.33591,86.76,86.00,0.1147,6,92.19,1
106.2955,1708,-0.24238,0.90678,-0.29458,85.31,85.00,0.1191,6,92.37,1
106.3492,1709,-0.23307,0.98260,-0.27667,84.68,84.00,0.1209,6,92.43,1
106.4036,1710,-0.22624,1.02856,-0.27019,84.46,84.00,0.1216,6,92.49,1
106.4575,1711,-0.24234,0.91540,-0.34544,87.09,87.00,0.1137,6,92.54,1
106.5128,1712,-0.23459,0.95959,-0.31947,86.18,86.00,0.1165,6,92.49,1
106.5692,1713,-0.25332,0.87078,-0.39299,88.75,88.00,0.1087,6,92.64,1
106.6262,1714,-0.20745,0.71356,-0.22161,82.76,82.00,0.1267,11,92.22,1
106.6869,1715,-0.09122,0.80927,0.15808,72.63,74.00,0.1334,11,89.20,1
106.7442,1716,-0.05146,0.80081,0.17480,72.38,72.00,0.0000,2,89.20,0
106.8036,1717,-0.12239,0.04310,-0.14654,80.13,80.00,0.1346,8,88.38,1
106.8622,1718,-0.05399,0.40817,0.05359,74.20,74.00,0.1444,5,88.38,1
106.9226,1719,-0.07502,0.29986,-0.08033,77.81,77.00,0.1416,10,89.94,1
106.9827,1720,-0.09476,0.17657,-0.18161,81.36,81.00,0.1309,6,92.45,1
107.0424,1721,-0.17316,0.08453,-0.46633,91.32,89.00,0.1010,5,94.20,1
107.1032,1722,-0.13174,0.44136,-0.27101,84.49,84.00,0.1215,3,94.20,1
107.1628,1723,-0.13110,0.28879,-0.26562,84.30,84.00,0.1221,8,94.20,1
107.2221,1724,-0.05452,0.34515,0.00508,74.92,76.00,0.1495,9,94.53,1
107.2802,1725,0.00000,0.28618,0.09189,73.62,73.00,0.1404,3,94.53,1
107.3377,1726,0.03689,0.38218,0.20744,71.89,71.00,0.1282,5,94.53,1
107.3941,1727,0.04659,0.04114,0.15582,72.66,72.00,0.1336,8,98.08,1
107.4512,1728,0.07327,-0.04079,0.17378,72.39,72.00,0.0000,0,98.08,0
107.5088,1729,0.08858,-0.04295,0.16813,72.48,72.00,0.1323,4,97.17,1
107.5680,1730,0.04451,-0.41153,-0.03002,76.05,76.00,0.1468,6,97.17,1
107.6284,1731,0.03966,-0.27292,-0.05854,77.05,77.00,0.1439,4,97.17,1
107.6883,1732,0.05709,-0.30782,-0.00395,75.14,75.00,0.1496,5,97.17,1
107.7541,1733,0.07410,0.06710,0.03753,74.44,74.00,0.1461,7,100.56,1
107.8119,1734,0.03487,0.16568,-0.12180,79.26,79.00,0.1372,16,98.90,1
107.8734,1735,0.00000,0.19709,-0.21726,82.60,82.00,0.1272,6,98.90,1
107.9334,1736,0.00000,0.37448,-0.20411,82.14,82.00,0.1286,9,98.90,1
107.9953,1737,0.00000,0.45374,-0.15292,80.35,80.00,0.1339,4,98.90,1
108.0625,1738,0.04503,0.46529,-0.00403,75.14,75.00,0.1496,6,98.90,1
108.1263,1739,0.05291,-0.17116,0.00390,74.94,74.00,0.1496,5,98.90,1
108.1982,1740,0.00000,-0.65176,-0.17604,81.16,81.00,0.1315,4,98.90,1
108.2635,1741,0.00000,-0.94438,-0.21310,82.46,82.00,0.1276,3,98.90,1
108.3311,1742,-0.08785,-0.38645,-0.44730,90.66,90.00,0.1030,5,98.90,1
108.3954,1743,-0.02522,-0.67447,-0.15634,80.47,82.00,0.1336,4,98.90,1
108.4629,1744,0.09860,-0.52268,0.27655,70.85,74.00,0.1210,4,98.90,1
108.5352,1745,0.11815,-0.59555,0.24489,71.33,71.00,0.1243,6,98.90,1
108.5988,1746,0.20907,-0.80183,0.48517,67.72,67.00,0.0991,5,98.90,1
108.6673,1747,0.26006,-0.89257,0.51278,67.31,67.00,0.0000,2,98.90,0
108.7401,1748,0.30873,-0.97918,0.54398,66.84,66.00,0.0000,2,98.90,0
108.8675,1749,0.38473,-1.11444,0.62155,65.68,65.00,0.0000,0,98.90,0
108.9445,1750,0.42666,-1.18906,0.63282,65.51,65.00,0.0000,0,98.90,0
109.0202,1751,0.46323,-1.25414,0.63737,65.44,65.00,0.0000,2,98.90,0
109.0996,1752,0.49826,-1.31650,0.64328,65.35,65.00,0.0000,0,98.90,0
109.1697,1753,0.52560,-1.36515,0.64500,65.32,65.00,0.0000,0,98.90,0
109.2436,1754,0.55147,-1.41118,0.64763,65.29,65.00,0.0000,2,102.71,0
109.3150,1755,0.12457,0.20210,-0.12613,79.41,73.00,0.1368,3,102.71,1
109.3825,1756,0.09550,0.34991,-0.13069,79.57,79.00,0.0000,1,102.71,0
109.4503,1757,0.06927,0.45179,-0.13190,79.62,79.00,0.0000,2,102.71,0
109.5138,1758,0.04722,0.53742,-0.13165,79.61,79.00,0.0000,1,102.71,0
109.5822,1759,0.00000,0.30012,-0.20986,82.35,82.00,0.1280,3,102.71,1
109.6425,1760,0.03182,0.28956,-0.07835,77.74,77.00,0.1418,3,102.71,1
109.7038,1761,0.02004,0.29906,-0.07849,77.75,77.00,0.0000,2,102.71,0
109.7666,1762,0.00000,0.30789,-0.08608,78.01,78.00,0.0000,1,102.71,0
109.8322,1763,0.00000,0.31626,-0.07747,77.71,77.00,0.0000,1,106.94,0
109.8967,1764,0.03400,0.19642,0.03212,74.52,74.00,0.1466,4,106.94,1
109.9647,1765,0.02598,0.25533,0.00923,74.86,74.00,0.1490,6,106.94,1
110.0354,1766,0.02413,0.25449,0.00767,74.88,74.00,0.0000,2,106.94,0
110.1029,1767,0.02254,0.25376,0.00761,74.89,74.00,0.0000,2,106.94,0
110.1709,1768,0.02110,0.25310,0.00754,74.89,74.00,0.0000,2,106.94,0
110.2385,1769,0.00000,0.25251,-0.00947,75.33,75.00,0.0000,2,106.94,0
110.3100,1770,0.00000,0.25195,-0.00852,75.30,75.00,0.0000,2,106.94,0
110.3709,1771,0.00000,0.25152,-0.00767,75.27,75.00,0.0000,1,106.94,0
110.4303,1772,0.00000,0.25115,-0.00690,75.24,75.00,0.0000,2,106.94,0
110.4901,1773,0.00000,0.25080,-0.00621,75.22,75.00,0.0000,2,106.94,0
110.5532,1774,0.00000,0.25047,-0.00559,75.20,75.00,0.0000,2,106.94,0
110.6141,1775,0.00000,0.25019,-0.00503,75.18,75.00,0.0000,2,106.94,0
110.6752,1776,0.00000,0.24993,-0.00453,75.16,75.00,0.0000,2,106.94,0
110.7324,1777,0.00000,0.24972,-0.00407,75.14,75.00,0.0000,2,106.94,0
110.7952,1778,0.00000,0.24951,-0.00367,75.13,75.00,0.0000,2,106.94,0
110.8498,1779,0.00000,0.24934,-0.00330,75.12,75.00,0.0000,1,106.94,0
110.9061,1780,0.00000,0.24919,-0.00297,75.10,75.00,0.0000,2,106.94,0
110.9651,1781,0.00000,0.24904,-0.00267,75.09,75.00,0.0000,1,106.94,0
111.0220,1782,0.00000,0.24892,-0.00241,75.08,75.00,0.0000,2,106.94,0
111.0793,1783,0.00000,0.24880,-0.00217,75.08,75.00,0.0000,2,106.94,0
111.1373,1784,0.00000,0.24870,-0.00195,75.07,75.00,0.0000,2,106.94,0
111.1935,1785,0.00000,0.24861,-0.00175,75.06,75.00,0.0000,2,106.94,0
111.2500,1786,0.00000,0.24852,-0.00158,75.06,75.00,0.0000,2,106.94,0
111.3076,1787,0.00000,0.24845,-0.00142,75.05,75.00,0.0000,2,106.94,0
111.3656,1788,0.00000,0.24838,-0.00128,75.04,75.00,0.0000,2,106.94,0
111.4234,1789,0.00000,0.24832,-0.00115,75.04,75.00,0.0000,2,106.94,0
111.4875,1790,0.00000,0.24826,-0.00104,75.04,75.00,0.0000,1,106.94,0
111.5521,1791,0.13803,-0.99503,0.17958,72.31,72.00,0.1311,3,106.94,1
111.6139,1792,0.08899,-1.02552,0.03022,74.55,74.00,0.1468,5,106.94,1
111.6761,1793,0.11847,-1.04045,0.16660,72.50,72.00,0.1325,3,106.94,1
111.7396,1794,0.07171,-0.65784,-0.04085,76.43,76.00,0.1457,7,106.94,1
111.8060,1795,0.00000,-0.31197,-0.25431,83.90,83.00,0.1233,9,105.74,1
111.8688,1796,0.00000,-0.56457,-0.23696,83.29,83.00,0.1251,4,105.74,1
111.9314,1797,0.00000,-0.62288,-0.13347,79.67,79.00,0.1360,8,104.47,1
111.9908,1798,0.00000,-0.78809,-0.05280,76.85,76.00,0.1445,5,104.47,1
112.0512,1799,0.03000,-0.90300,0.04510,74.32,74.00,0.1453,4,104.47,1
112.1108,1800,0.08817,-0.97796,0.24624,71.31,71.00,0.1241,3,104.47,1
112.1713,1801,0.07784,-0.81038,0.16612,72.51,72.00,0.1326,6,104.47,1
112.2302,1802,0.08887,-0.35548,0.18236,72.26,72.00,0.1309,17,102.84,1
112.2930,1803,0.08484,-0.09278,0.14299,72.86,72.00,0.1350,23,100.42,1
112.3556,1804,0.08209,0.08551,0.11957,73.21,73.00,0.1374,20,97.94,1
112.4167,1805,0.03248,0.02588,-0.06049,77.12,77.00,0.1436,18,96.16,1
112.4752,1806,-0.12279,-0.26595,-0.57279,95.05,85.00,0.0899,7,98.45,1
112.5323,1807,-0.10475,0.18089,-0.37885,88.26,88.00,0.1102,4,97.40,1
112.5917,1808,-0.14045,0.45913,-0.41961,89.69,89.00,0.1059,6,91.86,1
112.6483,1809,-0.07927,0.70063,-0.12174,79.26,81.00,0.1372,7,91.86,1
112.7054,1810,0.00000,0.07355,0.17681,72.35,73.00,0.1314,3,91.86,1
112.7619,1811,0.05516,-0.25355,0.32540,70.12,70.00,0.1158,4,91.86,1
112.8191,1812,0.02663,-0.40415,0.15129,72.73,72.00,0.1341,5,91.86,1
112.8777,1813,0.07149,-0.67680,0.27772,70.83,70.00,0.1208,7,91.86,1
112.9351,1814,-0.10663,-0.33034,-0.40726,89.25,78.00,0.1072,3,91.86,1
112.9904,1815,-0.05562,-0.63058,-0.14027,79.91,79.00,0.1353,3,91.86,1
113.0444,1816,0.00000,-0.76806,0.03810,74.43,74.00,0.1460,5,94.37,1
113.1009,1817,-0.06182,-0.52175,-0.14425,80.05,80.00,0.1349,5,94.37,1
113.1561,1818,-0.08182,-0.35234,-0.18955,81.63,81.00,0.1301,4,96.74,1
113.2129,1819,-0.10369,-0.22295,-0.23389,83.19,83.00,0.1254,5,98.76,1
113.2691,1820,-0.07410,0.01942,-0.08949,78.13,78.00,0.1406,5,98.76,1
113.3237,1821,0.00000,-0.26306,0.17215,72.42,72.00,0.1319,4,100.59,1
113.3787,1822,0.00000,-0.25888,0.15124,72.73,72.00,0.0000,2,100.59,0
113.4334,1823,-0.06541,-0.05108,-0.13739,79.81,79.00,0.1356,4,100.59,1
113.4892,1824,-0.04131,-0.37743,-0.03854,76.35,76.00,0.1460,3,100.59,1
113.5448,1825,-0.09085,-0.31596,-0.20769,82.27,82.00,0.1282,3,100.59,1
113.6048,1826,0.06352,-0.62437,0.36296,69.56,74.00,0.1119,3,100.59,1
113.6598,1827,-0.04620,-0.50181,-0.10485,78.67,78.00,0.1390,3,100.59,1
113.7155,1828,-0.05249,-0.53619,-0.10058,78.52,78.00,0.0000,2,100.59,0
113.7717,1829,-0.05817,-0.56722,-0.09988,78.50,78.00,0.0000,2,100.59,0
113.8300,1830,-0.09398,-0.44143,-0.19898,81.96,81.00,0.1291,6,101.53,1
113.8887,1831,-0.10658,-0.43469,-0.19615,81.87,81.00,0.0000,2,101.53,0
113.9457,1832,-0.11745,-0.42887,-0.19497,81.82,81.00,0.0000,2,101.53,0
114.0063,1833,-0.12784,-0.42331,-0.19442,81.80,81.00,0.0000,2,101.53,0
114.0732,1834,-0.04126,-0.39661,0.04444,74.33,74.00,0.1453,7,103.08,1
114.1350,1835,0.00000,-0.17312,0.12114,73.18,73.00,0.1373,4,103.08,1
114.1946,1836,0.12109,-0.53283,0.50229,67.47,67.00,0.0973,5,103.08,1
114.2509,1837,0.14912,-0.66489,0.49675,67.55,67.00,0.0978,4,103.08,1
114.3123,1838,0.19678,-0.85603,0.56031,66.60,66.00,0.0912,3,103.08,1
114.3686,1839,0.18729,-0.92773,0.42444,68.63,68.00,0.1054,7,103.07,1
114.4267,1840,0.17909,-0.94981,0.32769,70.08,70.00,0.1156,6,101.66,1
114.4837,1841,0.07135,-0.70587,-0.09649,78.38,78.00,0.1399,3,103.40,1
114.5436,1842,0.02370,-0.73524,-0.21281,82.45,82.00,0.1277,7,103.96,1
114.6046,1843,-0.05937,-0.45498,-0.43058,90.07,90.00,0.1048,3,103.96,1
114.6624,1844,-0.10120,-0.37520,-0.44388,90.54,90.00,0.0000,2,103.96,0
114.7203,1845,-0.15461,-0.24581,-0.53107,93.59,93.00,0.0942,6,103.96,1
114.7775,1846,-0.17512,-0.20994,-0.50269,92.59,92.00,0.0972,3,103.96,1
114.8358,1847,-0.16051,-0.05780,-0.36530,87.79,87.00,0.1116,15,98.59,1
114.8942,1848,-0.06175,-0.41771,0.03285,74.51,79.00,0.1466,14,95.78,1
114.9582,1849,0.00000,-0.69673,0.18261,72.26,72.00,0.1308,21,93.20,1
115.0236,1850,0.02622,-0.67175,0.24911,71.26,71.00,0.1238,23,92.05,1
115.0977,1851,0.06843,-0.85624,0.31351,70.30,70.00,0.1171,18,91.65,1
115.1758,1852,0.04361,-0.48853,0.13795,72.93,72.00,0.1355,24,91.58,1
115.2434,1853,0.03009,-0.04824,0.05997,74.10,74.00,0.1437,21,90.09,1
115.3128,1854,0.00000,0.32207,-0.01583,75.55,75.00,0.1483,22,87.60,1
115.3793,1855,0.00000,0.38392,-0.02960,76.04,76.00,0.1469,20,87.08,1
115.4546,1856,0.00000,0.40172,-0.07665,77.68,77.00,0.1420,22,85.60,1
115.5217,1857,0.00000,0.43353,-0.06407,77.24,77.00,0.1433,20,84.82,1
115.5917,1858,-0.02587,0.31581,-0.09247,78.24,78.00,0.1403,21,84.20,1
115.6508,1859,0.00000,0.20375,-0.01618,75.57,75.00,0.1483,21,83.06,1
115.7113,1860,0.00000,0.15672,-0.02034,75.71,75.00,0.1479,22,83.12,1
115.7718,1861,0.00000,0.13563,0.01264,74.81,74.00,0.1487,20,82.19,1
115.8367,1862,0.00000,0.09060,0.03188,74.52,74.00,0.1467,21,81.34,1
115.8986,1863,0.00000,0.13052,0.01359,74.80,74.00,0.1486,22,80.92,1
115.9626,1864,0.00000,0.18391,-0.01703,75.60,75.00,0.1482,21,80.20,1
116.0272,1865,0.00000,0.23419,-0.01392,75.49,75.00,0.1485,22,79.94,1
116.0853,1866,0.00000,0.17227,-0.04683,76.64,76.00,0.1451,23,79.71,1
116.1446,1867,0.00000,0.06608,-0.02630,75.92,75.00,0.1472,22,79.14,1
116.2028,1868,0.00000,0.11593,0.00185,74.97,74.00,0.1498,19,78.97,1
116.2609,1869,0.00000,0.11537,-0.01138,75.40,75.00,0.1488,23,78.98,1
116.3185,1870,-0.02163,0.09319,-0.06085,77.13,77.00,0.1436,22,78.83,1
116.3761,1871,-0.03601,0.03501,-0.10259,78.59,78.00,0.1392,23,78.75,1
116.4345,1872,-0.04578,-0.00807,-0.12027,79.21,79.00,0.1374,23,78.63,1
116.4995,1873,-0.03594,0.09832,-0.06450,77.26,77.00,0.1432,22,78.41,1
116.5624,1874,-0.03210,0.12736,-0.04505,76.58,76.00,0.1453,22,77.58,1
116.6222,1875,-0.02527,0.20258,-0.02021,75.71,75.00,0.1479,20,77.23,1
116.6799,1876,-0.02907,0.17821,-0.03773,76.32,76.00,0.1460,20,77.25,1
116.7346,1877,-0.03046,0.14054,-0.04312,76.51,76.00,0.1455,22,77.26,1
116.7905,1878,0.00000,0.34309,0.01320,74.80,74.00,0.1486,19,76.59,1
116.8507,1879,0.00000,0.27758,0.04002,74.40,74.00,0.1458,20,76.62,1
116.9097,1880,0.00000,0.26040,0.01548,74.77,74.00,0.1484,21,76.32,1
116.9671,1881,0.00000,0.26061,0.00607,74.91,74.00,0.1494,22,75.80,1
117.0238,1882,0.00000,0.19736,-0.02400,75.84,75.00,0.1475,22,75.62,1
117.0828,1883,-0.02589,0.15769,-0.05939,77.08,77.00,0.1438,22,75.42,1
117.1397,1884,-0.02198,0.15404,-0.03966,76.39,76.00,0.1458,22,75.34,1
117.1998,1885,-0.02397,0.14909,-0.04526,76.58,76.00,0.1452,22,75.49,1
117.2664,1886,-0.03720,0.07961,-0.08905,78.12,78.00,0.1407,21,75.66,1
117.3230,1887,-0.02554,0.11289,-0.03769,76.32,76.00,0.1460,23,75.84,1
117.3769,1888,-0.03318,0.08883,-0.06515,77.28,77.00,0.1432,22,75.61,1
117.4337,1889,-0.04271,0.04112,-0.09409,78.29,78.00,0.1401,21,75.79,1
117.4910,1890,-0.03300,0.13725,-0.04944,76.73,76.00,0.1448,22,75.56,1
117.5468,1891,-0.02927,0.13985,-0.03605,76.26,76.00,0.1462,23,75.09,1
117.6029,1892,0.00000,0.13856,0.03341,74.50,74.00,0.1465,22,75.32,1
117.6590,1893,0.00000,0.13947,0.05020,74.25,74.00,0.1447,20,75.19,1
117.7161,1894,0.00000,0.22332,0.02878,74.57,74.00,0.1470,21,74.53,1
117.7737,1895,0.00000,0.28073,-0.00375,75.13,75.00,0.1496,21,75.20,1
117.8309,1896,-0.02063,0.20737,-0.05892,77.06,77.00,0.1438,22,75.33,1
117.8898,1897,0.00000,0.22579,-0.03276,76.15,76.00,0.1466,22,75.49,1
117.9551,1898,-0.02386,0.20517,-0.06022,77.11,77.00,0.1437,22,75.60,1
118.0210,1899,-0.03355,0.12107,-0.08831,78.09,78.00,0.1407,23,76.08,1
118.0789,1900,-0.02226,0.14982,-0.03910,76.37,76.00,0.1459,22,76.42,1
118.1360,1901,-0.02345,0.13869,-0.04404,76.54,76.00,0.1454,22,76.78,1
118.1895,1902,-0.02675,0.13829,-0.05555,76.94,76.00,0.1442,21,76.47,1
118.2483,1903,-0.02940,0.13184,-0.06254,77.19,77.00,0.1434,22,76.19,1
118.3040,1904,-0.02565,0.16676,-0.04585,76.60,76.00,0.1452,23,76.26,1
118.3583,1905,-0.02284,0.18852,-0.03619,76.27,76.00,0.1462,22,76.69,1
118.4145,1906,-0.02833,0.15339,-0.05819,77.04,77.00,0.1439,24,76.41,1
118.4720,1907,-0.02867,0.13442,-0.05728,77.00,77.00,0.1440,23,76.03,1
118.5283,1908,-0.03093,0.11787,-0.06375,77.23,77.00,0.1433,22,76.55,1
118.5847,1909,-0.03442,0.09298,-0.07358,77.58,77.00,0.1423,21,76.65,1
118.6475,1910,-0.03425,0.05784,-0.06834,77.39,77.00,0.1428,22,76.90,1
118.7044,1911,-0.03050,0.08614,-0.05253,76.84,76.00,0.1445,22,76.90,1
118.7601,1912,-0.02815,0.10087,-0.04518,76.58,76.00,0.1453,22,76.90,1
118.8165,1913,-0.02104,0.18890,-0.02251,75.79,75.00,0.1476,22,77.34,1
118.8770,1914,0.00000,0.23859,-0.00141,75.05,75.00,0.1499,21,77.49,1
118.9317,1915,-0.02491,0.36163,-0.05092,76.78,76.00,0.1447,22,77.49,1
118.9897,1916,-0.05744,0.27157,-0.16665,80.83,80.00,0.1325,24,77.03,1
119.0485,1917,-0.05081,0.19861,-0.11946,79.18,79.00,0.1375,20,76.69,1
119.1086,1918,-0.03847,0.19576,-0.06412,77.24,77.00,0.1433,22,76.33,1
119.1707,1919,0.00000,0.23857,0.03445,74.48,74.00,0.1464,20,76.11,1
119.2292,1920,-0.02010,0.28632,-0.01934,75.68,75.00,0.1480,20,75.48,1
119.2907,1921,-0.05095,0.28033,-0.13692,79.79,79.00,0.1356,23,75.61,1
119.3568,1922,-0.04602,0.25477,-0.10233,78.58,78.00,0.1393,24,75.27,1
119.4205,1923,-0.09084,0.35359,-0.25040,83.76,83.00,0.1237,24,75.19,1
119.4792,1924,-0.09192,0.39344,-0.21851,82.65,82.00,0.1271,20,75.01,1
119.5417,1925,-0.04489,0.14688,-0.02665,75.93,75.00,0.1472,20,74.99,1
119.6073,1926,-0.02633,0.04559,0.02086,74.69,74.00,0.1478,21,75.38,1
119.6779,1927,0.00000,-0.02504,0.03729,74.44,74.00,0.1461,21,75.35,1
119.7398,1928,-0.05604,0.09616,-0.13216,79.63,79.00,0.1361,24,75.72,1
119.8033,1929,-0.07947,0.21028,-0.20179,82.06,82.00,0.1288,24,76.51,1
119.8630,1930,-0.03420,0.41772,-0.02080,75.73,75.00,0.1478,17,75.63,1
119.9286,1931,-0.04725,0.36294,-0.08345,77.92,77.00,0.1412,25,76.40,1
119.9986,1932,-0.04952,0.38287,-0.09331,78.27,78.00,0.1402,22,76.75,1
120.0887,1933,-0.03105,0.31307,-0.03113,76.09,76.00,0.1467,20,76.36,1
120.1563,1934,0.00000,0.16033,0.03127,74.53,74.00,0.1467,21,77.30,1
120.2179,1935,0.00000,-0.06297,-0.00898,75.31,75.00,0.1491,21,77.87,1
120.2816,1936,0.00000,-0.07022,0.04713,74.29,74.00,0.1451,22,77.24,1
120.3480,1937,-0.03297,0.02452,-0.11723,79.10,79.00,0.1377,24,78.43,1
120.4113,1938,-0.07360,0.05187,-0.24674,83.64,83.00,0.1241,25,78.73,1
120.4722,1939,-0.09534,0.14211,-0.28545,84.99,84.00,0.1200,23,78.13,1
120.5358,1940,-0.08252,0.14847,-0.19738,81.91,81.00,0.1293,23,77.69,1
120.6024,1941,-0.10301,0.13058,-0.24767,83.67,83.00,0.1240,26,77.05,1
120.6766,1942,-0.11289,0.10894,-0.24915,83.72,83.00,0.1238,23,77.77,1
120.7406,1943,-0.11036,0.15186,-0.21554,82.54,82.00,0.1274,24,76.99,1
120.8038,1944,-0.09386,0.03751,-0.14405,80.04,80.00,0.1349,25,77.34,1
120.8706,1945,-0.08944,0.06924,-0.13121,79.59,79.00,0.1362,24,77.64,1
120.9376,1946,-0.09312,-0.06165,-0.14980,80.24,80.00,0.1343,23,77.93,1
121.0097,1947,-0.04578,0.08712,0.01035,74.84,74.00,0.1489,20,78.58,1
121.0877,1948,0.00000,0.22438,0.12347,73.15,73.00,0.1370,20,78.61,1
121.1535,1949,0.00000,0.08219,0.11385,73.29,73.00,0.1380,20,77.62,1
121.2202,1950,0.04250,0.25187,0.15174,72.72,72.00,0.1341,17,77.37,1
121.2886,1951,0.06665,0.34006,0.17730,72.34,72.00,0.1314,17,77.69,1
121.3592,1952,0.06992,0.25028,0.12887,73.07,73.00,0.1365,16,77.18,1
121.4355,1953,0.08389,0.13855,0.13141,73.03,73.00,0.1362,19,76.52,1
121.5024,1954,0.07636,-0.11763,0.07089,73.94,73.00,0.1426,18,75.60,1
121.5685,1955,0.05024,-0.52104,-0.03707,76.30,76.00,0.1461,16,75.03,1
121.6372,1956,0.05485,-0.48836,-0.01371,75.48,75.00,0.1486,21,75.29,1
122.7476,1957,0.04479,-0.24689,-0.00847,75.30,75.00,0.1491,18,75.82,1
122.8400,1958,0.04276,-0.20662,-0.01081,75.38,75.00,0.1489,20,74.54,1
122.9128,1959,0.06714,-0.09371,0.07953,73.81,73.00,0.1416,15,74.89,1
122.9871,1960,0.02952,-0.28769,-0.07795,77.73,77.00,0.1418,18,74.02,1
128.0611,1961,0.08460,0.53875,0.22725,71.59,71.00,0.1261,14,74.58,1
128.1564,1962,0.08612,0.54943,0.21342,71.80,71.00,0.1276,14,75.12,1
128.2317,1963,0.04110,0.72454,0.01109,74.83,74.00,0.1488,14,75.64,1
128.2954,1964,-0.03708,0.65810,-0.24653,83.63,82.00,0.1241,16,75.18,1
128.3714,1965,-0.04401,0.71851,-0.14454,80.06,80.00,0.1348,18,75.57,1
131.3396,1966,0.00000,0.13560,0.21973,71.70,72.00,0.1269,15,75.77,1
131.4271,1967,0.00000,0.03502,0.21237,71.81,71.00,0.1277,14,76.43,1
131.5014,1968,0.00000,0.03202,0.14832,72.78,72.00,0.1344,15,76.91,1
131.5725,1969,0.00000,0.39433,0.13989,72.90,72.00,0.1353,13,78.31,1
131.6429,1970,0.00000,0.55327,0.09153,73.63,73.00,0.1404,18,78.75,1
131.7159,1971,-0.04779,0.43291,-0.03713,76.30,76.00,0.1461,14,79.43,1
131.7843,1972,-0.06065,0.41941,-0.04623,76.62,76.00,0.1451,12,80.88,1
131.8592,1973,-0.02842,0.03473,0.09818,73.53,73.00,0.1397,12,81.35,1
131.9297,1974,0.00000,-0.43350,0.15491,72.68,72.00,0.1337,13,82.19,1
132.0051,1975,0.02285,-0.83228,0.25497,71.18,71.00,0.1232,13,81.61,1
132.2619,1976,0.02152,-0.72456,0.15545,72.67,72.00,0.1337,18,81.95,1
132.3449,1977,0.05737,-0.37828,0.25339,71.20,71.00,0.1234,18,80.35,1
132.4169,1978,0.06228,-0.13062,0.24530,71.32,71.00,0.1242,17,79.52,1
132.4877,1979,0.00000,0.16297,0.06465,74.03,74.00,0.1432,19,78.77,1
132.5688,1980,0.04629,0.08326,0.19372,72.09,72.00,0.1297,23,75.91,1
132.6330,1981,0.04901,0.12227,0.19502,72.07,72.00,0.1295,19,74.89,1
132.6947,1982,0.05995,0.21006,0.22554,71.62,71.00,0.1263,17,79.30,1
132.7606,1983,0.06269,0.22019,0.22148,71.68,71.00,0.1267,20,80.97,1
132.8251,1984,0.09752,0.12513,0.33133,70.03,70.00,0.1152,22,81.57,1
132.8872,1985,0.08499,0.20959,0.25532,71.17,71.00,0.1232,21,80.05,1
132.9552,1986,0.07599,0.16287,0.21006,71.85,71.00,0.1279,23,79.44,1
133.0195,1987,0.03449,0.34056,0.06496,74.03,74.00,0.1432,20,78.26,1
133.0915,1988,0.03462,0.20347,0.09916,73.51,73.00,0.1396,18,77.38,1
133.1586,1989,0.09770,-0.36575,0.33600,69.96,69.00,0.1147,15,77.64,1
133.2321,1990,0.06404,-0.30424,0.18541,72.22,72.00,0.1305,16,78.66,1
133.3007,1991,0.04623,-0.51648,0.12919,73.06,73.00,0.1364,14,80.12,1
133.3659,1992,0.00000,-0.43564,0.03697,74.45,74.00,0.1461,21,83.06,1
133.4380,1993,-0.08458,-0.14635,-0.26739,84.36,82.00,0.1219,14,87.79,1
133.5056,1994,-0.15560,0.22324,-0.41187,89.42,89.00,0.1068,16,84.11,1
133.5742,1995,-0.14451,0.53633,-0.24159,83.46,83.00,0.1246,8,81.10,1
133.6422,1996,-0.11867,0.54778,-0.07988,77.80,77.00,0.1416,10,80.79,1
133.7097,1997,-0.17186,0.52877,-0.23112,83.09,83.00,0.1257,11,78.41,1
133.7722,1998,-0.23169,0.79015,-0.38020,88.31,88.00,0.1101,6,76.17,1
133.8347,1999,-0.26933,0.75292,-0.42744,89.96,89.00,0.1051,7,74.65,1
133.8970,2000,-0.20234,0.91038,-0.10976,78.84,81.00,0.1385,3,74.65,1
133.9628,2001,-0.26356,0.65247,-0.31362,85.98,85.00,0.1171,11,81.29,1
134.0271,2002,-0.24077,0.56195,-0.18428,81.45,81.00,0.1307,9,81.29,1
134.0941,2003,-0.16966,0.74868,0.07953,73.81,73.00,0.1416,5,81.29,1
134.1672,2004,-0.15242,0.78873,0.05531,74.17,74.00,0.0000,2,81.29,0
134.2388,2005,-0.06789,-0.14228,0.27822,70.83,70.00,0.1208,3,81.29,1
134.3051,2006,-0.03499,-0.37056,0.25523,71.17,71.00,0.0000,2,81.29,0
134.3644,2007,0.00000,-0.45947,0.23938,71.41,71.00,0.0000,1,81.29,0
134.4273,2008,-0.02945,0.06768,0.12654,73.10,73.00,0.1367,9,82.91,1
134.4884,2009,-0.07765,0.16533,-0.04761,76.67,76.00,0.1450,6,82.91,1
134.5488,2010,-0.13691,0.17202,-0.24136,83.45,83.00,0.1247,5,82.91,1
134.6084,2011,-0.16442,0.24919,-0.30062,85.52,85.00,0.1184,17,84.24,1
134.6658,2012,-0.18649,0.36250,-0.33478,86.72,86.00,0.1148,14,85.27,1
134.7292,2013,-0.22854,0.51800,-0.43270,90.14,90.00,0.1046,10,87.37,1
134.7914,2014,-0.21788,0.67883,-0.32915,86.52,86.00,0.1154,14,89.49,1
134.8522,2015,-0.19291,0.59161,-0.20553,82.19,82.00,0.1284,10,89.49,1
134.9144,2016,-0.12060,0.52466,0.05252,74.21,74.00,0.1445,13,89.49,1
134.9728,2017,0.00000,0.45887,0.37798,69.33,69.00,0.1103,23,87.88,1
135.0322,2018,0.09348,0.50440,0.64303,65.35,65.00,0.0825,19,88.04,1
135.0911,2019,0.20909,0.46458,0.89131,61.63,61.00,0.0564,21,87.34,1
135.1499,2020,0.28124,0.40272,0.94680,60.80,60.00,0.0506,18,87.34,1
135.2083,2021,0.27368,0.50189,0.72669,64.10,64.00,0.0737,16,87.34,1
135.2682,2022,0.19258,0.49494,0.30765,70.39,70.00,0.1177,19,88.30,1
135.3270,2023,0.03821,0.50832,-0.26894,84.41,78.00,0.1218,20,90.65,1
135.3861,2024,-0.09295,0.48161,-0.64102,97.44,86.00,0.0827,14,92.43,1
135.4466,2025,-0.14505,0.71000,-0.65942,98.08,94.00,0.0808,7,92.43,1
135.5047,2026,-0.20275,0.77341,-0.66192,98.17,98.00,0.0000,2,92.43,0
135.5662,2027,-0.22457,0.81900,-0.60816,96.29,96.00,0.0861,5,92.43,1
135.6267,2028,-0.26994,0.87454,-0.60095,96.03,96.00,0.0000,2,90.48,0
135.6918,2029,-0.22162,-0.07596,-0.36625,87.82,88.00,0.1115,8,91.90,1
135.7553,2030,-0.18383,0.07894,-0.20641,82.22,82.00,0.1283,21,92.95,1
135.8250,2031,-0.11137,0.22689,0.03974,74.40,74.00,0.1458,27,96.85,1
135.8864,2032,0.04691,0.31097,0.53428,66.99,66.00,0.0939,26,93.67,1
135.9508,2033,0.13602,0.51370,0.68968,64.65,64.00,0.0776,25,91.75,1
136.0199,2034,0.17640,0.59984,0.64461,65.33,65.00,0.0823,21,91.75,1
136.0884,2035,0.18245,0.54997,0.51063,67.34,67.00,0.0964,26,88.77,1
136.1478,2036,0.04959,0.59978,-0.04241,76.48,75.00,0.1455,27,88.77,1
136.2065,2037,-0.07273,0.66300,-0.44315,90.51,83.00,0.1035,25,90.25,1
136.2676,2038,-0.12241,0.31116,-0.50748,92.76,91.00,0.0967,13,93.52,1
136.3276,2039,-0.12455,-0.09632,-0.40269,89.09,89.00,0.1077,9,95.81,1
136.3858,2040,0.02513,-0.28766,0.20216,71.97,81.00,0.1288,4,95.81,1
136.4456,2041,-0.07843,0.13874,-0.21530,82.54,82.00,0.1274,7,97.25,1
136.5030,2042,-0.13624,0.51218,-0.38146,88.35,88.00,0.1099,8,100.16,1
136.5635,2043,-0.15681,0.78673,-0.38249,88.39,88.00,0.1098,13,101.55,1
136.6288,2044,-0.14720,0.96621,-0.27892,84.76,84.00,0.1207,16,101.69,1
136.6872,2045,-0.13124,0.98511,-0.18811,81.58,81.00,0.1302,19,101.69,1
136.7472,2046,-0.06028,1.01767,0.07388,73.89,73.00,0.1422,21,98.22,1
136.8082,2047,-0.04686,1.03920,0.07724,73.84,73.00,0.1419,20,98.22,1
136.8695,2048,-0.03686,1.02293,0.07091,73.94,73.00,0.1426,23,98.22,1
136.9312,2049,0.00000,1.03948,0.21044,71.84,71.00,0.1279,21,98.22,1
136.9906,2050,0.07844,0.94914,0.37218,69.42,69.00,0.1109,26,98.22,1
137.0482,2051,0.07652,0.88800,0.27604,70.86,70.00,0.1210,26,98.22,1
137.1082,2052,0.07254,0.86595,0.19770,72.03,72.00,0.1292,24,93.20,1
137.1690,2053,0.02920,0.85968,0.00253,74.96,74.00,0.1497,26,93.20,1
137.2289,2054,0.00000,0.84597,-0.14365,80.03,80.00,0.1349,24,88.98,1
137.2871,2055,-0.09260,0.85600,-0.38704,88.55,88.00,0.1094,21,85.28,1
137.3505,2056,-0.15255,0.90897,-0.51160,92.91,92.00,0.0963,18,85.28,1
137.4194,2057,-0.15662,0.95747,-0.41295,89.45,89.00,0.1066,8,85.28,1
137.4804,2058,-0.18507,0.97932,-0.44212,90.47,90.00,0.1036,19,83.95,1
137.5399,2059,-0.18783,0.99993,-0.38429,88.45,88.00,0.1096,21,84.26,1
137.5988,2060,-0.15122,0.92237,-0.20718,82.25,82.00,0.1282,26,83.33,1
137.6573,2061,-0.11360,0.72241,-0.06657,77.33,77.00,0.1430,25,80.65,1
137.7150,2062,-0.03536,0.53072,0.18739,72.19,72.00,0.1303,25,79.12,1
137.7758,2063,0.00000,0.18044,0.28137,70.78,70.00,0.1205,24,80.71,1
137.8398,2064,0.07309,-0.22278,0.39417,69.09,69.00,0.1086,25,75.94,1
137.8992,2065,0.09479,-0.44726,0.36789,69.48,69.00,0.1114,23,73.39,1
137.9584,2066,0.10466,-0.43437,0.31331,70.30,70.00,0.1171,24,70.15,1
138.0208,2067,0.09178,-0.25149,0.19358,72.10,72.00,0.1297,26,70.40,1
138.0790,2068,0.04547,0.18467,-0.00788,75.28,75.00,0.1492,26,69.46,1
138.1384,2069,-0.03378,0.52972,-0.28079,84.83,83.00,0.1205,27,69.52,1
138.2028,2070,-0.11905,0.78137,-0.51255,92.94,91.00,0.0962,27,68.87,1
138.2669,2071,-0.19278,0.98586,-0.65800,98.03,98.00,0.0809,24,69.75,1
138.3230,2072,-0.23866,1.06643,-0.70156,99.55,99.00,0.0763,23,68.28,1
138.3815,2073,-0.24785,1.12488,-0.61082,96.38,96.00,0.0859,25,68.30,1
138.4378,2074,-0.20769,1.09064,-0.37938,88.28,88.00,0.1102,26,68.07,1
138.4956,2075,-0.11226,0.55463,-0.00462,75.16,80.00,0.1495,25,67.56,1
138.5509,2076,-0.03541,0.05288,0.22567,71.61,72.00,0.1263,26,67.47,1
138.6072,2077,0.00000,-0.27863,0.29320,70.60,70.00,0.1192,25,68.07,1
138.6662,2078,0.00000,-0.07551,0.14905,72.76,72.00,0.1344,26,72.06,1
138.7245,2079,0.07161,0.10283,0.36104,69.58,69.00,0.1121,15,76.26,1
138.7838,2080,0.08396,0.23972,0.30415,70.44,70.00,0.1181,10,80.48,1
138.8471,2081,0.06052,0.58861,0.13745,72.94,72.00,0.1356,9,84.13,1
138.9151,2082,0.03794,0.73358,0.01646,74.75,74.00,0.1483,9,86.32,1
138.9769,2083,0.05278,0.60298,0.05876,74.12,74.00,0.1438,9,86.09,1
139.0378,2084,0.00000,0.55764,-0.14055,79.92,79.00,0.1352,14,86.18,1
139.0982,2085,0.00000,0.16374,-0.15358,80.38,80.00,0.1339,10,85.84,1
139.1614,2086,-0.03628,0.01687,-0.21092,82.38,82.00,0.1279,16,85.84,1
139.2237,2087,0.00000,-0.21296,0.00164,74.98,74.00,0.1498,10,85.84,1
139.2850,2088,-0.02503,-0.30248,-0.14939,80.23,80.00,0.1343,10,84.38,1
139.3425,2089,-0.05104,-0.09741,-0.22002,82.70,82.00,0.1269,23,80.24,1
139.4005,2090,0.04819,-0.07766,0.16309,72.55,74.00,0.1329,14,80.02,1
139.4595,2091,0.10965,-0.21471,0.33179,70.02,70.00,0.1152,11,82.21,1
139.5174,2092,0.18943,-0.24581,0.53562,66.97,66.00,0.0938,9,82.21,1
139.5753,2093,0.25284,-0.29063,0.64680,65.30,65.00,0.0821,8,82.21,1
139.6345,2094,0.25462,-0.34161,0.52484,67.13,67.00,0.0949,14,82.24,1
139.6947,2095,0.22783,-0.38611,0.33685,69.95,69.00,0.1146,13,82.72,1
139.7532,2096,0.05077,-0.31757,-0.32953,86.53,77.00,0.1154,5,82.72,1
139.8130,2097,0.07236,-0.35360,-0.15369,80.38,80.00,0.1339,5,83.95,1
139.8707,2098,-0.07501,-0.41183,-0.62005,96.70,88.00,0.0849,15,83.95,1
139.9285,2099,-0.04714,0.03491,-0.37279,88.05,88.00,0.1109,4,83.95,1
139.9862,2100,-0.05134,-0.12139,-0.30392,85.64,85.00,0.1181,6,78.35,1
140.0463,2101,0.03113,0.15252,0.05149,74.23,77.00,0.1446,3,78.35,1
140.1034,2102,0.00000,-0.04438,-0.06093,77.13,77.00,0.1436,14,78.35,1
140.1647,2103,-0.08161,-0.21272,-0.35098,87.28,85.00,0.1131,3,78.35,1
140.2292,2104,-0.09613,-0.22199,-0.32675,86.44,86.00,0.1157,14,78.35,1
140.2862,2105,-0.11058,-0.16902,-0.32189,86.27,86.00,0.1162,6,78.35,1
140.3437,2106,-0.07901,-0.17181,-0.16043,80.62,80.00,0.1332,11,78.35,1
140.4017,2107,-0.08521,0.07025,-0.16842,80.89,80.00,0.1323,13,83.32,1
140.4625,2108,0.00000,0.08575,0.10320,73.45,73.00,0.1392,21,85.65,1
140.5183,2109,0.06367,0.10974,0.33313,70.00,70.00,0.1150,9,85.65,1
140.5741,2110,0.16068,-0.01468,0.59382,66.09,66.00,0.0876,13,85.65,1
140.6333,2111,0.15093,0.18265,0.42045,68.69,68.00,0.1059,4,85.65,1
140.6920,2112,0.19365,0.10297,0.48279,67.76,67.00,0.0993,5,88.98,1
140.7527,2113,0.21671,-0.13438,0.46793,67.98,67.00,0.1009,5,88.98,1
140.8098,2114,0.18518,-0.07807,0.27759,70.84,70.00,0.1209,13,88.98,1
140.8676,2115,0.10344,-0.15517,-0.04521,76.58,76.00,0.1453,11,88.48,1
140.9327,2116,0.07124,0.04666,-0.11935,79.18,79.00,0.1375,9,86.93,1
141.0046,2117,-0.05700,0.26834,-0.50568,92.70,87.00,0.0969,8,84.34,1
141.0677,2118,0.12456,-0.21992,0.24728,71.29,79.00,0.1240,3,84.34,1
141.1323,2119,0.15705,-0.62472,0.31563,70.27,71.00,0.1169,5,82.11,1
141.2014,2120,0.11331,-0.39464,0.10837,73.37,73.00,0.1386,11,81.93,1
141.2641,2121,0.09273,-0.08942,0.03459,74.48,74.00,0.1464,5,81.93,1
141.3304,2122,0.10478,0.15289,0.09080,73.64,73.00,0.1405,5,80.74,1
141.3982,2123,0.09085,0.11748,0.04431,74.34,74.00,0.1453,6,80.74,1
141.4624,2124,0.07903,-0.02154,0.01566,74.77,74.00,0.1484,4,80.74,1
141.5285,2125,0.09740,-0.10841,0.09749,73.54,73.00,0.1398,6,80.74,1
141.5863,2126,0.11538,-0.35372,0.15913,72.61,72.00,0.1333,4,80.74,1
141.6446,2127,0.05739,-0.47343,-0.05632,76.97,76.00,0.1441,7,80.74,1
141.7041,2128,0.04958,-0.49946,-0.05009,76.75,76.00,0.1447,4,80.74,1
141.7627,2129,0.03127,-0.47909,-0.08506,77.98,77.00,0.1411,8,80.74,1
141.8228,2130,-0.03953,-0.19223,-0.29908,85.47,85.00,0.1186,8,80.74,1
141.8802,2131,-0.09118,0.18881,-0.40589,89.21,89.00,0.1074,8,80.74,1
141.9397,2132,-0.11898,0.48726,-0.41014,89.35,89.00,0.1069,6,80.74,1
141.9992,2133,-0.19658,0.61482,-0.59896,95.96,95.00,0.0871,5,80.74,1
142.0578,2134,-0.22036,0.29040,-0.56285,94.70,94.00,0.0909,7,82.36,1
142.1197,2135,-0.14419,-0.17753,-0.19043,81.67,86.00,0.1300,5,82.36,1
142.1819,2136,-0.02308,-0.18434,0.24762,71.29,78.00,0.1240,8,82.36,1
142.2436,2137,0.17509,-0.33303,0.85736,62.14,70.00,0.0600,16,85.29,1
142.3052,2138,0.15953,-0.50424,0.59853,66.02,66.00,0.0872,6,82.66,1
142.3693,2139,0.23474,0.10917,0.72352,64.15,64.00,0.0740,7,82.66,1
142.4323,2140,0.19285,0.19143,0.42944,68.56,68.00,0.1049,6,82.66,1
142.4950,2141,0.12230,0.16321,0.11284,73.31,73.00,0.1382,13,82.50,1
142.5561,2142,0.05905,0.24649,-0.10377,78.63,78.00,0.1391,15,82.67,1
142.6161,2143,0.06702,0.11436,-0.02673,75.94,75.00,0.1472,14,82.67,1
142.6741,2144,-0.10544,-0.04592,-0.60298,96.10,83.00,0.0867,4,82.31,1
142.7320,2145,-0.10994,0.08624,-0.47457,91.61,91.00,0.1002,7,79.57,1
142.7912,2146,0.00000,-0.03556,0.06576,74.01,83.00,0.1431,11,79.57,1
142.8493,2147,0.12315,-0.04855,0.44097,68.39,75.00,0.1037,4,77.22,1
142.9091,2148,0.12324,0.11555,0.35189,69.72,69.00,0.1131,7,77.22,1
142.9705,2149,0.10302,0.19432,0.21439,71.78,71.00,0.1275,7,77.22,1
143.0306,2150,0.14853,-0.11064,0.34488,69.83,69.00,0.1138,7,77.22,1
143.0963,2151,0.13185,-0.21426,0.22883,71.57,71.00,0.1260,7,74.60,1
143.1634,2152,0.22500,-0.43118,0.52556,67.12,67.00,0.0948,17,79.40,1
143.2230,2153,0.17893,-0.43714,0.28555,70.72,70.00,0.1200,20,74.86,1
143.2824,2154,0.00000,-0.01553,-0.34004,86.90,78.00,0.1143,18,72.48,1
143.3468,2155,0.00000,0.13785,-0.25986,84.09,84.00,0.1227,15,72.48,1
143.4153,2156,-0.07639,0.26607,-0.41917,89.67,89.00,0.1060,6,72.48,1
143.4823,2157,-0.12309,0.37228,-0.44470,90.56,90.00,0.0000,1,72.48,0
143.5482,2158,-0.16463,0.46678,-0.45258,90.84,90.00,0.0000,2,72.48,0
143.6100,2159,-0.07810,0.05118,-0.13418,79.70,82.00,0.1359,10,74.43,1
143.6741,2160,-0.08580,0.01675,-0.13247,79.64,79.00,0.0000,1,74.43,0
143.7406,2161,-0.02825,-0.14723,0.04576,74.31,74.00,0.1452,15,70.59,1
143.8087,2162,0.05100,-0.27678,0.26897,70.97,70.00,0.1218,11,70.59,1
143.8714,2163,0.14688,-0.27753,0.52386,67.14,67.00,0.0950,10,70.03,1
143.9333,2164,0.17308,-0.35747,0.50276,67.46,67.00,0.0972,6,71.22,1
143.9954,2165,0.15795,-0.22629,0.35153,69.73,69.00,0.1131,9,67.80,1
144.0607,2166,0.06547,-0.18801,-0.03332,76.17,76.00,0.1465,8,70.12,1
144.1240,2167,-0.14748,0.18891,-0.74458,101.06,84.00,0.0718,3,70.12,1
144.1944,2168,-0.16344,0.56881,-0.59626,95.87,92.00,0.0874,10,70.12,1
144.2604,2169,-0.21885,0.76940,-0.60285,96.10,96.00,0.0000,2,70.12,0
144.3319,2170,-0.20991,0.93374,-0.45860,91.05,91.00,0.1018,4,70.12,1
144.3982,2171,-0.12248,1.00482,-0.11159,78.91,83.00,0.1383,10,70.12,1
144.4682,2172,0.00000,0.67485,0.24396,71.34,75.00,0.1244,10,68.51,1
144.5307,2173,-0.03909,0.28924,0.08497,73.73,73.00,0.1411,10,68.51,1
144.5908,2174,-0.07019,0.06010,-0.05926,77.07,77.00,0.1438,9,68.06,1
144.6576,2175,-0.15851,0.10934,-0.37247,88.04,85.00,0.1109,5,68.06,1
144.7210,2176,-0.26290,0.19309,-0.67262,98.54,93.00,0.0794,4,68.06,1
144.7842,2177,-0.31222,0.15201,-0.65162,97.81,97.00,0.0000,0,68.06,0
144.8428,2178,-0.17096,0.28201,-0.10529,78.69,89.00,0.1389,7,67.65,1
144.9042,2179,-0.09268,0.34412,0.13313,73.00,81.00,0.1360,8,69.29,1
144.9644,2180,0.02134,0.30768,0.45348,68.20,73.00,0.1024,12,69.29,1
145.0238,2181,0.06862,0.31338,0.45509,68.17,68.00,0.0000,2,74.06,0
145.0828,2182,0.03906,0.03049,0.25959,71.11,71.00,0.1227,5,74.06,1
145.1422,2183,-0.11638,0.08731,-0.30586,85.71,79.00,0.1179,3,74.06,1
145.2023,2184,-0.13156,0.15399,-0.30351,85.62,85.00,0.1181,4,74.06,1
145.2613,2185,-0.03060,-0.11382,0.09439,73.58,77.00,0.1401,3,74.06,1
145.3187,2186,0.00000,-0.33413,0.15782,72.63,72.00,0.1334,4,74.06,1
145.3785,2187,0.00000,-0.30881,0.12155,73.18,73.00,0.1372,8,74.06,1
145.4371,2188,-0.08284,0.22114,-0.20933,82.33,81.00,0.1280,4,74.06,1
145.4965,2189,0.00000,-0.11461,0.12158,73.18,73.00,0.1372,4,74.06,1
145.5548,2190,0.06033,-0.25587,0.29579,70.56,70.00,0.1189,4,74.06,1
145.6158,2191,0.10590,-0.42628,0.38414,69.24,69.00,0.1097,8,74.06,1
145.6740,2192,0.10580,-0.61374,0.30392,70.44,70.00,0.1181,6,74.06,1
145.7320,2193,0.06059,-0.51063,0.08657,73.70,73.00,0.1409,6,74.06,1
145.7932,2194,0.06445,-0.56917,0.08628,73.71,73.00,0.0000,1,74.06,0
145.8635,2195,0.06842,-0.62920,0.08656,73.70,73.00,0.0000,1,74.06,0
145.9340,2196,0.07200,-0.68341,0.08683,73.70,73.00,0.0000,1,74.06,0
145.9958,2197,0.07483,-0.72624,0.08673,73.70,73.00,0.0000,0,74.06,0
146.0603,2198,0.07750,-0.76658,0.08675,73.70,73.00,0.0000,1,74.06,0
146.1233,2199,0.07983,-0.80181,0.08670,73.70,73.00,0.0000,1,74.06,0
146.1876,2200,0.08196,-0.83409,0.08669,73.70,73.00,0.0000,2,74.06,0
146.2562,2201,0.08404,-0.86552,0.08681,73.70,73.00,0.0000,1,74.06,0
146.3232,2202,0.08585,-0.89290,0.08687,73.70,73.00,0.0000,1,74.06,0
146.3959,2203,0.08759,-0.91934,0.08703,73.69,73.00,0.0000,1,74.06,0
146.4681,2204,0.08919,-0.94349,0.08719,73.69,73.00,0.0000,1,74.06,0
146.5314,2205,0.09043,-0.96226,0.08717,73.69,73.00,0.0000,1,74.06,0
146.5917,2206,0.09150,-0.97847,0.08711,73.69,73.00,0.0000,1,74.06,0
146.6499,2207,0.09244,-0.99272,0.08704,73.69,73.00,0.0000,1,74.06,0
146.7080,2208,0.09328,-1.00539,0.08696,73.70,73.00,0.0000,1,74.06,0
146.7665,2209,0.09404,-1.01682,0.08690,73.70,73.00,0.0000,1,74.06,0
146.8286,2210,0.09476,-1.02776,0.08688,73.70,73.00,0.0000,1,74.06,0
146.8853,2211,0.09535,-1.03673,0.08681,73.70,73.00,0.0000,1,74.06,0
146.9421,2212,0.09588,-1.04480,0.08675,73.70,73.00,0.0000,1,74.06,0
147.0006,2213,0.09638,-1.05235,0.08671,73.70,73.00,0.0000,1,74.06,0
147.0594,2214,0.09683,-1.05915,0.08667,73.70,73.00,0.0000,1,74.06,0
147.1180,2215,0.09723,-1.06522,0.08664,73.70,73.00,0.0000,1,74.06,0
147.1759,2216,0.09759,-1.07067,0.08660,73.70,73.00,0.0000,1,74.06,0
147.2339,2217,0.09792,-1.07557,0.08657,73.70,73.00,0.0000,1,74.06,0
147.2914,2218,0.09820,-1.07991,0.08654,73.70,73.00,0.0000,1,74.06,0
147.3524,2219,0.00000,0.00000,0.00000,75.00,75.00,0.0000,1,74.06,0
147.4144,2220,0.00000,0.00000,0.00000,75.00,75.00,0.0000,1,74.06,0
147.4754,2221,0.00000,0.00000,0.00000,75.00,75.00,0.0000,1,74.06,0
147.5423,2222,0.00000,0.00000,0.00000,75.00,75.00,0.0000,1,74.06,0
147.6015,2223,0.00000,0.00000,0.00000,75.00,75.00,0.0000,1,74.06,0
147.6595,2224,0.00000,0.00000,0.00000,75.00,75.00,0.0000,1,74.06,0
147.7180,2225,0.00000,0.00000,0.00000,75.00,75.00,0.0000,1,74.06,0
147.7746,2226,0.00000,0.00000,0.00000,75.00,75.00,0.0000,1,74.06,0
147.8334,2227,0.00000,0.00000,0.00000,75.00,75.00,0.0000,1,74.06,0
147.8926,2228,0.00000,0.00000,0.00000,75.00,75.00,0.0000,1,74.06,0
147.9500,2229,0.00000,0.00000,0.00000,75.00,75.00,0.0000,1,74.06,0
148.0064,2230,0.00000,0.00000,0.00000,75.00,75.00,0.0000,1,74.06,0
148.0622,2231,0.00000,0.00000,0.00000,75.00,75.00,0.0000,1,74.06,0
148.1193,2232,0.00000,0.00000,0.00000,75.00,75.00,0.0000,1,74.06,0
148.1780,2233,0.00000,0.00000,0.00000,75.00,75.00,0.0000,1,74.06,0
148.2410,2234,0.00000,0.00000,0.00000,75.00,75.00,0.0000,1,74.06,0
148.3045,2235,0.00000,0.00000,0.00000,75.00,75.00,0.0000,1,74.06,0
148.3622,2236,0.00000,0.00000,0.00000,75.00,75.00,0.0000,1,74.06,0
148.4189,2237,0.00000,0.00000,0.00000,75.00,75.00,0.0000,1,74.06,0
148.4751,2238,0.00000,0.00000,0.00000,75.00,75.00,0.0000,1,74.06,0
148.5317,2239,0.00000,0.00000,0.00000,75.00,75.00,0.0000,1,74.06,0
148.5894,2240,0.00000,0.00000,0.00000,75.00,75.00,0.0000,1,74.06,0
148.6470,2241,0.00000,0.00000,0.00000,75.00,75.00,0.0000,1,74.06,0
148.7084,2242,0.00000,0.00000,0.00000,75.00,75.00,0.0000,1,74.06,0
148.7657,2243,0.00000,0.00000,0.00000,75.00,75.00,0.0000,1,74.06,0
148.8270,2244,0.00000,0.00000,0.00000,75.00,75.00,0.0000,1,74.06,0
148.8874,2245,0.00000,0.00000,0.00000,75.00,75.00,0.0000,1,74.06,0
148.9567,2246,0.00000,0.00000,0.00000,75.00,75.00,0.0000,1,74.06,0
149.0181,2247,0.00000,0.00000,0.00000,75.00,75.00,0.0000,1,74.06,0
149.0799,2248,0.00000,0.00000,0.00000,75.00,75.00,0.0000,1,74.06,0
149.1441,2249,0.00000,0.00000,0.00000,75.00,75.00,0.0000,1,74.06,0
149.2042,2250,0.00000,0.00000,0.00000,75.00,75.00,0.0000,1,74.06,0
149.2653,2251,0.00000,0.00000,0.00000,75.00,75.00,0.0000,1,74.06,0
149.3307,2252,0.00000,0.00000,0.00000,75.00,75.00,0.0000,1,74.06,0
149.3928,2253,0.00000,0.00000,0.00000,75.00,75.00,0.0000,1,74.06,0
149.4558,2254,0.00000,0.00000,0.00000,75.00,75.00,0.0000,1,74.06,0
149.5188,2255,0.00000,0.00000,0.00000,75.00,75.00,0.0000,1,74.06,0
149.5846,2256,0.00000,0.00000,0.00000,75.00,75.00,0.0000,1,74.06,0
149.6549,2257,-0.16751,0.97102,-0.15484,80.42,80.00,0.1337,3,74.06,1
149.7234,2258,-0.16843,0.97633,-0.15071,80.27,80.00,0.0000,0,74.06,0
149.7964,2259,-0.13323,0.99374,-0.04933,76.73,76.00,0.1448,3,74.06,1
149.8631,2260,-0.12499,1.00142,-0.04560,76.60,76.00,0.0000,2,74.06,0
149.9320,2261,0.26518,0.42752,1.00000,60.00,68.00,0.0450,3,74.06,1
150.0044,2262,0.09313,0.13463,0.33247,70.01,70.00,0.1151,4,74.06,1
150.0701,2263,0.12178,-0.05226,0.32363,70.15,70.00,0.0000,2,74.06,0
150.1391,2264,0.00000,-0.70384,-0.15163,80.31,78.00,0.1341,5,74.06,1
150.2103,2265,0.11721,-0.59162,0.30264,70.46,70.00,0.1182,17,74.06,1
150.2828,2266,0.00000,-0.23869,-0.16129,80.65,78.00,0.1331,11,74.06,1
150.3608,2267,0.00000,0.09558,-0.12031,79.21,79.00,0.1374,8,74.06,1
150.4305,2268,-0.07159,0.05672,-0.28570,85.00,84.00,0.1200,9,70.75,1
150.4992,2269,-0.07424,0.15988,-0.22543,82.89,82.00,0.1263,7,70.75,1
150.5629,2270,-0.08753,0.07483,-0.22459,82.86,82.00,0.1264,8,72.48,1
150.6326,2271,-0.08602,-0.42199,-0.17409,81.09,81.00,0.1317,8,69.73,1
150.7064,2272,-0.03138,-0.06124,0.04269,74.36,74.00,0.1455,11,69.09,1
150.7688,2273,0.00000,-0.15491,0.13014,73.05,73.00,0.1363,9,67.58,1
150.8334,2274,0.00000,-0.20203,0.08365,73.75,73.00,0.1412,10,66.35,1
150.8962,2275,0.00000,-0.02245,0.00938,74.86,74.00,0.1490,10,65.91,1
150.9616,2276,0.09527,-0.36416,0.38653,69.20,69.00,0.1094,3,65.91,1
151.0266,2277,0.08726,-0.28645,0.26717,70.99,70.00,0.1219,11,66.56,1
151.0892,2278,0.12737,-0.24616,0.35103,69.73,69.00,0.1131,16,62.60,1
151.1512,2279,0.09857,-0.23454,0.18359,72.25,72.00,0.1307,10,60.64,1
151.2149,2280,0.05688,0.18707,0.01211,74.82,74.00,0.1487,12,60.33,1
151.2819,2281,0.00000,-0.27983,-0.22075,82.73,82.00,0.1268,10,60.69,1
151.3429,2282,0.00000,-0.32383,-0.14458,80.06,80.00,0.1348,11,60.72,1
151.4022,2283,0.00000,-0.05810,-0.10168,78.56,78.00,0.1393,12,58.83,1
151.4600,2284,-0.02886,0.04208,-0.13426,79.70,79.00,0.1359,13,58.63,1
151.5182,2285,-0.04667,0.33180,-0.16586,80.81,80.00,0.1326,12,58.46,1
151.5789,2286,0.00000,0.58264,-0.01120,75.39,75.00,0.1488,13,57.34,1
151.6388,2287,-0.02903,0.41470,-0.06265,77.19,77.00,0.1434,11,57.13,1
151.6972,2288,0.00000,0.42175,0.05231,74.22,74.00,0.1445,12,57.22,1
151.7567,2289,0.03367,0.40629,0.15464,72.68,72.00,0.1338,10,57.22,1
151.8163,2290,0.07581,0.64531,0.26852,70.97,70.00,0.1218,7,57.22,1
151.8788,2291,0.12374,0.66613,0.37904,69.31,69.00,0.1102,10,57.56,1
151.9428,2292,0.08198,0.40941,0.15591,72.66,72.00,0.1336,12,59.01,1
152.0048,2293,0.06226,0.11324,0.06709,73.99,73.00,0.1430,14,59.11,1
152.0650,2294,0.04690,0.22527,0.01416,74.79,74.00,0.1485,13,58.70,1
152.1290,2295,0.06260,0.03469,0.08132,73.78,73.00,0.1415,11,59.00,1
152.1918,2296,0.03581,-0.10109,-0.01473,75.52,75.00,0.1485,11,58.74,1
152.2584,2297,0.00000,-0.21916,-0.11877,79.16,79.00,0.1375,15,59.81,1
152.3197,2298,0.00000,-0.22225,-0.02972,76.04,76.00,0.1469,15,57.98,1
152.3819,2299,0.00000,-0.16109,-0.05654,76.98,76.00,0.1441,14,57.45,1
152.4423,2300,0.00000,0.01957,-0.02364,75.83,75.00,0.1475,13,58.14,1
152.5040,2301,-0.03881,0.35409,-0.17209,81.02,81.00,0.1319,10,59.92,1
152.5634,2302,-0.03990,0.33987,-0.13349,79.67,79.00,0.1360,10,62.28,1
152.6251,2303,-0.04852,0.20374,-0.13207,79.62,79.00,0.1361,16,60.25,1
152.6920,2304,-0.04689,0.22321,-0.09569,78.35,78.00,0.1400,13,60.18,1
152.7620,2305,-0.05615,0.19115,-0.10672,78.74,78.00,0.1388,16,61.26,1
152.8286,2306,-0.04426,0.32253,-0.04622,76.62,76.00,0.1451,15,60.37,1
152.8979,2307,0.00000,0.27394,0.09770,73.53,73.00,0.1397,16,58.28,1
152.9721,2308,0.05579,0.15642,0.26815,70.98,70.00,0.1218,15,58.05,1
153.0352,2309,0.02610,-0.04712,0.10711,73.39,73.00,0.1388,16,58.08,1
153.0979,2310,0.07132,-0.01641,0.24153,71.38,71.00,0.1246,11,59.44,1
153.1673,2311,0.05551,-0.17282,0.13404,72.99,72.00,0.1359,13,61.36,1
153.2297,2312,0.02982,-0.10300,0.02521,74.62,74.00,0.1474,17,63.62,1
153.2950,2313,0.00000,-0.01526,-0.12144,79.25,79.00,0.1372,8,69.76,1
153.3567,2314,-0.04165,-0.17140,-0.17789,81.23,81.00,0.1313,9,72.78,1
153.4169,2315,-0.03532,-0.06758,-0.11243,78.93,78.00,0.1382,18,73.55,1
153.4831,2316,0.00000,-0.00928,0.04886,74.27,74.00,0.1449,14,73.87,1
153.5499,2317,-0.03026,0.21035,-0.07687,77.69,77.00,0.1419,16,73.66,1
153.6124,2318,-0.02623,0.10778,-0.04541,76.59,76.00,0.1452,16,72.54,1
153.6716,2319,0.00000,0.16211,0.03014,74.55,74.00,0.1468,15,72.94,1
153.7311,2320,0.00000,0.18565,0.04741,74.29,74.00,0.1450,14,72.50,1
153.7923,2321,-0.03834,0.25955,-0.09569,78.35,78.00,0.1400,17,70.91,1
153.8560,2322,-0.03969,0.12545,-0.07922,77.77,77.00,0.1417,18,70.59,1
153.9275,2323,-0.05060,0.20612,-0.09980,78.49,78.00,0.1395,15,71.93,1
153.9892,2324,-0.02303,0.23489,0.01265,74.81,74.00,0.1487,16,70.34,1
154.0547,2325,-0.04529,0.36713,-0.07238,77.53,77.00,0.1424,18,69.92,1
154.1199,2326,-0.06127,0.31315,-0.11636,79.07,79.00,0.1378,19,69.27,1
154.1829,2327,-0.06276,0.00460,-0.10270,78.59,78.00,0.1392,10,69.27,1
154.2478,2328,-0.10817,-0.14129,-0.24531,83.59,83.00,0.1242,4,69.27,1
154.3062,2329,-0.10201,-0.03641,-0.18409,81.44,81.00,0.1307,14,69.77,1
154.3667,2330,-0.07022,0.09079,-0.04754,76.66,76.00,0.1450,9,69.77,1
154.4281,2331,-0.09730,0.08012,-0.14846,80.20,80.00,0.1344,8,72.90,1
154.4914,2332,-0.13698,0.01879,-0.27122,84.49,84.00,0.1215,6,72.90,1
154.5485,2333,-0.10275,0.28448,-0.11453,79.01,79.00,0.1380,6,72.90,1
154.6144,2334,-0.04930,0.13220,0.07505,73.87,73.00,0.1421,7,72.90,1
154.6760,2335,-0.13217,0.04931,-0.25270,83.84,81.00,0.1235,9,72.90,1
154.7354,2336,-0.16351,-0.09202,-0.32955,86.53,86.00,0.1154,8,72.90,1
154.7949,2337,-0.15145,-0.03683,-0.24233,83.48,83.00,0.1246,6,72.90,1
154.8593,2338,-0.18930,-0.09087,-0.35000,87.25,87.00,0.1132,6,72.90,1
154.9202,2339,-0.14362,0.01066,-0.14764,80.17,80.00,0.1345,7,72.90,1
154.9818,2340,-0.16415,-0.08686,-0.22361,82.83,82.00,0.1265,6,72.90,1
155.0433,2341,-0.13303,-0.33375,-0.10358,78.63,78.00,0.1391,6,72.90,1
155.1057,2342,-0.15340,-0.33199,-0.19114,81.69,81.00,0.1299,9,72.90,1
155.1636,2343,-0.17157,-0.29187,-0.25204,83.82,83.00,0.1235,7,72.90,1
155.2221,2344,-0.19949,-0.27496,-0.33612,86.76,86.00,0.1147,5,72.90,1
155.2825,2345,-0.20862,-0.26182,-0.33822,86.84,86.00,0.1145,7,72.90,1
155.3448,2346,-0.20685,-0.22845,-0.30420,85.65,85.00,0.1181,7,72.90,1
155.4155,2347,-0.16177,-0.06885,-0.12915,79.52,79.00,0.1364,6,72.90,1
155.4817,2348,-0.16415,-0.12260,-0.16249,80.69,80.00,0.1329,8,72.90,1
155.5434,2349,-0.12540,-0.01182,-0.04451,76.56,76.00,0.1453,7,72.90,1
155.6039,2350,-0.15262,-0.08143,-0.17859,81.25,81.00,0.1312,7,72.90,1
155.6668,2351,-0.17425,-0.13788,-0.26387,84.24,84.00,0.1223,7,72.90,1
155.7260,2352,-0.19232,-0.18876,-0.31914,86.17,86.00,0.1165,7,72.90,1
155.7840,2353,-0.21916,-0.21157,-0.39599,88.86,88.00,0.1084,6,72.90,1
155.8459,2354,-0.23239,-0.24450,-0.41025,89.36,89.00,0.1069,6,72.90,1
155.9108,2355,-0.20495,-0.23643,-0.28127,84.84,84.00,0.1205,7,72.90,1
155.9764,2356,-0.20906,-0.12124,-0.29620,85.37,85.00,0.1189,8,72.90,1
156.0389,2357,-0.19958,-0.03296,-0.26216,84.18,84.00,0.1225,10,68.91,1
156.0996,2358,-0.18662,0.14299,-0.22446,82.86,82.00,0.1264,9,68.91,1
156.1631,2359,-0.18174,0.01357,-0.22417,82.85,82.00,0.1265,8,68.91,1
156.2209,2360,-0.18432,0.06757,-0.24834,83.69,83.00,0.1239,10,68.91,1
156.2818,2361,-0.19298,0.10593,-0.28920,85.12,85.00,0.1196,8,68.91,1
156.3404,2362,-0.18444,-0.04180,-0.26162,84.16,84.00,0.1225,7,68.91,1
156.4003,2363,-0.21371,-0.04398,-0.37367,88.08,88.00,0.1108,7,68.91,1
156.4599,2364,-0.22583,-0.14737,-0.40256,89.09,89.00,0.1077,5,68.91,1
156.5219,2365,-0.21689,-0.22040,-0.35320,87.36,87.00,0.1129,6,68.91,1
156.5919,2366,-0.19999,-0.10127,-0.28958,85.14,85.00,0.1196,10,65.32,1
156.6547,2367,-0.21785,-0.06397,-0.36033,87.61,87.00,0.1122,10,62.08,1
156.7180,2368,-0.23740,-0.04216,-0.41863,89.65,89.00,0.1060,10,59.18,1
156.7823,2369,-0.22275,0.10583,-0.34670,87.13,87.00,0.1136,10,56.56,1
156.8524,2370,-0.21960,0.14244,-0.33196,86.62,86.00,0.1151,10,54.20,1
156.9151,2371,-0.22700,0.05837,-0.35731,87.51,87.00,0.1125,9,52.08,1
156.9776,2372,-0.22072,-0.10938,-0.33011,86.55,86.00,0.1153,7,50.17,1
157.0389,2373,-0.22222,-0.13003,-0.33612,86.76,86.00,0.1147,9,48.36,1
157.0996,2374,-0.25605,-0.09281,-0.45287,90.85,90.00,0.1024,9,46.82,1
157.1593,2375,-0.28312,-0.06317,-0.52160,93.26,93.00,0.0952,9,45.44,1
157.2192,2376,-0.29986,-0.04250,-0.54147,93.95,93.00,0.0931,8,44.10,1
157.2778,2377,-0.31283,-0.04737,-0.54689,94.14,94.00,0.0926,8,44.10,1
157.3446,2378,-0.31823,-0.14948,-0.52261,93.29,93.00,0.0951,7,44.10,1
157.4070,2379,-0.32683,-0.25053,-0.52099,93.23,93.00,0.0953,8,44.10,1
157.4754,2380,-0.32878,-0.09219,-0.49665,92.38,92.00,0.0979,7,44.10,1
157.5388,2381,-0.26295,-0.31968,-0.24983,83.74,84.00,0.1238,6,44.10,1
157.6031,2382,-0.24498,-0.31468,-0.22408,82.84,82.00,0.1265,7,44.10,1
157.6718,2383,-0.24153,-0.39883,-0.25384,83.88,83.00,0.1233,7,44.10,1
157.7317,2384,-0.14728,-0.65723,0.04299,74.36,75.00,0.1455,6,42.99,1
157.7987,2385,-0.17763,-0.54216,-0.16063,80.62,80.00,0.1331,9,42.99,1
157.8631,2386,-0.08663,-0.60440,0.11097,73.34,73.00,0.1383,7,42.99,1
157.9296,2387,-0.18057,-0.39464,-0.31334,85.97,81.00,0.1171,11,42.99,1
158.0035,2388,-0.23215,-0.15627,-0.48355,91.92,89.00,0.0992,9,42.99,1
158.0826,2389,-0.25740,-0.02312,-0.51815,93.14,93.00,0.0956,8,42.99,1
158.1555,2390,-0.25855,-0.10658,-0.47131,91.50,91.00,0.1005,9,42.99,1
158.2278,2391,-0.25433,-0.32991,-0.42302,89.81,89.00,0.1056,7,42.99,1
158.3112,2392,-0.29616,-0.30928,-0.53831,93.84,93.00,0.0935,8,42.99,1
158.3801,2393,-0.28162,-0.12078,-0.44643,90.62,90.00,0.1031,9,41.79,1
158.4494,2394,-0.29868,-0.14325,-0.48438,91.95,91.00,0.0991,9,40.71,1
158.5140,2395,-0.31714,-0.17333,-0.52171,93.26,93.00,0.0952,8,39.74,1
158.5807,2396,-0.30602,-0.07033,-0.45095,90.78,90.00,0.1027,8,39.74,1
158.6473,2397,-0.31351,-0.10554,-0.46269,91.19,91.00,0.1014,7,39.74,1
158.7203,2398,-0.29916,-0.03048,-0.39684,88.89,88.00,0.1083,8,39.74,1
158.7838,2399,-0.28794,0.01997,-0.35966,87.59,87.00,0.1122,8,39.74,1
158.8460,2400,-0.30084,-0.09093,-0.41274,89.45,89.00,0.1067,9,39.74,1
158.9090,2401,-0.30772,-0.16256,-0.43308,90.16,90.00,0.1045,9,38.86,1
158.9792,2402,-0.31722,-0.21900,-0.45731,91.01,91.00,0.1020,9,38.86,1
159.0501,2403,-0.32211,-0.26456,-0.46015,91.11,91.00,0.1017,9,38.86,1
159.1114,2404,-0.32428,-0.28693,-0.45602,90.96,90.00,0.1021,9,38.86,1
159.1756,2405,-0.32037,-0.28504,-0.43232,90.13,90.00,0.1046,9,38.86,1
159.2467,2406,-0.32586,-0.28106,-0.44642,90.62,90.00,0.1031,9,38.86,1
159.3086,2407,-0.32447,-0.28715,-0.43488,90.22,90.00,0.1043,9,38.86,1
159.3702,2408,-0.32519,-0.28670,-0.43355,90.17,90.00,0.1045,9,38.86,1
159.4348,2409,-0.33157,-0.28317,-0.45218,90.83,90.00,0.1025,8,38.86,1
159.5066,2410,-0.32294,-0.23496,-0.41449,89.51,89.00,0.1065,8,38.08,1
159.5711,2411,-0.32121,-0.24114,-0.41036,89.36,89.00,0.1069,9,37.37,1
159.6311,2412,-0.32211,-0.25915,-0.41588,89.56,89.00,0.1063,9,37.37,1
159.6941,2413,-0.32287,-0.27268,-0.41967,89.69,89.00,0.1059,9,37.37,1
159.7689,2414,-0.32269,-0.27300,-0.41929,89.68,89.00,0.1060,9,36.73,1
159.8292,2415,-0.32767,-0.28021,-0.43657,90.28,90.00,0.1042,9,36.73,1
159.8901,2416,-0.32763,-0.28174,-0.43296,90.15,90.00,0.1045,9,36.16,1
159.9495,2417,-0.32833,-0.28966,-0.43300,90.16,90.00,0.1045,9,36.16,1
160.0099,2418,-0.32369,-0.31230,-0.41453,89.51,89.00,0.1065,8,36.16,1
160.0712,2419,-0.32645,-0.31061,-0.42606,89.91,89.00,0.1053,9,36.16,1
160.1312,2420,-0.32730,-0.30210,-0.42830,89.99,89.00,0.1050,9,35.64,1
160.1926,2421,-0.32433,-0.31703,-0.41672,89.59,89.00,0.1062,8,35.64,1
160.2587,2422,-0.31979,-0.32608,-0.40254,89.09,89.00,0.1077,8,35.18,1
160.3189,2423,-0.32337,-0.31711,-0.41923,89.67,89.00,0.1060,9,34.76,1
160.3795,2424,-0.33057,-0.30953,-0.44465,90.56,90.00,0.1033,9,34.76,1
160.4407,2425,-0.33655,-0.30086,-0.46026,91.11,91.00,0.1017,9,34.76,1
160.5090,2426,-0.34256,-0.29792,-0.47190,91.52,91.00,0.1005,8,34.39,1
160.5743,2427,-0.33814,-0.25016,-0.44618,90.62,90.00,0.1032,7,34.05,1
160.6345,2428,-0.34419,-0.26318,-0.46339,91.22,91.00,0.1013,8,33.74,1
160.6944,2429,-0.33946,-0.23244,-0.43999,90.40,90.00,0.1038,7,33.47,1
160.7540,2430,-0.34186,-0.24182,-0.44681,90.64,90.00,0.1031,9,33.22,1
160.8169,2431,-0.35011,-0.25583,-0.47248,91.54,91.00,0.1004,8,33.00,1
160.8772,2432,-0.33554,-0.24810,-0.41353,89.47,89.00,0.1066,6,32.80,1
160.9356,2433,-0.34298,-0.26754,-0.44444,90.56,90.00,0.1033,8,32.62,1
160.9945,2434,-0.34933,-0.28502,-0.46473,91.27,91.00,0.1012,8,32.46,1
161.0545,2435,-0.35410,-0.29790,-0.47511,91.63,91.00,0.1001,8,32.31,1
161.1223,2436,-0.30442,-0.39993,-0.29376,85.28,85.00,0.1192,6,32.18,1
161.1829,2437,-0.32102,-0.38042,-0.38282,88.40,88.00,0.1098,8,32.06,1
161.2537,2438,-0.32269,-0.30486,-0.40049,89.02,89.00,0.1079,8,32.06,1
161.3259,2439,-0.34485,-0.23202,-0.48223,91.88,91.00,0.0994,9,32.06,1
161.3884,2440,-0.32734,-0.25453,-0.41025,89.36,89.00,0.1069,7,32.06,1
161.4491,2441,-0.23711,-0.58455,-0.10494,78.67,81.00,0.1390,5,32.06,1
161.5128,2442,-0.27651,-0.50645,-0.31293,85.95,85.00,0.1171,8,32.06,1
161.5792,2443,-0.28158,-0.54128,-0.35175,87.31,87.00,0.1131,7,32.06,1
161.6477,2444,-0.27635,0.01807,-0.34453,87.06,87.00,0.1138,15,35.30,1
161.7123,2445,-0.27693,0.39365,-0.35737,87.51,87.00,0.1125,17,42.87,1
161.7739,2446,-0.18570,0.44967,-0.05105,76.79,79.00,0.1446,18,45.37,1
161.8402,2447,-0.15062,0.28071,-0.00904,75.32,75.00,0.1491,18,49.19,1
161.9102,2448,-0.12146,0.20433,0.00468,74.93,74.00,0.1495,17,49.34,1
161.9732,2449,-0.09528,0.39347,0.02010,74.70,74.00,0.1479,18,50.79,1
162.0353,2450,-0.08938,0.46275,-0.03128,76.09,76.00,0.1467,12,52.84,1
162.0959,2451,-0.07939,0.56304,-0.05103,76.79,76.00,0.1446,19,52.66,1
162.1597,2452,-0.04560,0.54732,0.01718,74.74,74.00,0.1482,14,52.63,1
162.2181,2453,-0.07081,0.58893,-0.12542,79.39,79.00,0.1368,19,54.06,1
162.2769,2454,-0.13174,0.59479,-0.36054,87.62,87.00,0.1121,20,55.88,1
162.3360,2455,-0.12763,0.61891,-0.31662,86.08,86.00,0.1168,18,56.26,1
162.3965,2456,-0.16752,0.69971,-0.43769,90.32,90.00,0.1040,20,55.33,1
162.4602,2457,-0.09253,0.40612,-0.13102,79.59,82.00,0.1362,20,55.63,1
162.5210,2458,-0.05071,-0.13945,-0.01227,75.43,75.00,0.1487,12,56.80,1
162.5871,2459,-0.03202,-0.30709,-0.00254,75.09,75.00,0.1497,18,56.49,1
162.6570,2460,-0.09004,-0.06732,-0.25633,83.97,83.00,0.1231,10,56.49,1
162.7198,2461,-0.02933,0.11701,-0.03846,76.35,76.00,0.1460,20,58.01,1
162.7829,2462,0.00000,0.13116,0.00887,74.87,74.00,0.1491,24,58.66,1
162.8471,2463,0.00000,-0.15954,-0.00541,75.19,75.00,0.1494,22,60.06,1
162.9051,2464,-0.06423,0.05035,-0.28327,84.91,83.00,0.1203,24,59.92,1
162.9642,2465,-0.14951,0.24286,-0.55653,94.48,91.00,0.0916,11,63.23,1
163.0282,2466,-0.11805,0.28743,-0.36006,87.60,87.00,0.1122,9,71.70,1
163.0898,2467,-0.12677,0.22119,-0.35669,87.48,87.00,0.1125,4,71.70,1
163.1481,2468,-0.10047,0.22823,-0.23614,83.26,83.00,0.1252,21,70.40,1
163.2094,2469,-0.06202,0.23761,-0.10040,78.51,78.00,0.1395,16,67.98,1
163.2680,2470,-0.09442,0.14332,-0.24072,83.43,83.00,0.1247,15,66.59,1
163.3272,2471,-0.04630,-0.28750,-0.06805,77.38,77.00,0.1429,8,67.23,1
163.3912,2472,0.00000,-0.35736,0.09141,73.63,73.00,0.1404,19,67.10,1
163.4520,2473,-0.02834,-0.16315,-0.10825,78.79,78.00,0.1386,12,69.64,1
163.5116,2474,0.00000,0.08454,-0.05384,76.88,76.00,0.1443,14,70.03,1
163.5722,2475,0.00000,0.47695,-0.03149,76.10,76.00,0.1467,6,70.03,1
163.6310,2476,-0.03470,0.78899,-0.20557,82.20,82.00,0.1284,3,70.03,1
163.6913,2477,0.03519,0.72024,0.04839,74.27,74.00,0.1449,9,70.03,1
163.7499,2478,0.00000,0.75535,-0.14058,79.92,79.00,0.1352,7,70.03,1
163.8103,2479,0.04592,0.70772,0.04086,74.39,74.00,0.1457,13,70.03,1
163.8713,2480,0.05314,0.66872,0.02507,74.62,74.00,0.1474,13,70.03,1
163.9294,2481,0.00000,0.35396,-0.21385,82.48,82.00,0.1275,5,70.03,1
163.9897,2482,0.04368,0.42224,-0.01947,75.68,75.00,0.1480,12,70.03,1
164.0482,2483,0.13656,0.17207,0.28474,70.73,70.00,0.1201,8,75.43,1
164.1080,2484,0.15695,0.43703,0.27193,70.92,70.00,0.1214,6,78.88,1
164.1678,2485,0.10897,0.69035,0.02838,74.57,74.00,0.1470,5,78.88,1
164.2268,2486,0.07507,0.57921,-0.10731,78.76,78.00,0.1387,5,78.88,1
164.2871,2487,0.07318,0.15269,-0.10040,78.51,78.00,0.1395,10,74.10,1
164.3510,2488,0.12504,-0.42673,0.09357,73.60,73.00,0.1402,4,74.10,1
164.4122,2489,0.14712,-0.42954,0.14040,72.89,72.00,0.1353,5,74.10,1
164.4726,2490,0.12524,-0.77817,0.02810,74.58,74.00,0.1470,5,74.10,1
164.5306,2491,0.12950,-0.99095,0.04858,74.27,74.00,0.0000,2,80.89,0
164.5895,2492,0.00000,-0.21399,-0.38225,88.38,82.00,0.1099,5,80.89,1
164.6503,2493,-0.05455,0.05356,-0.48483,91.97,90.00,0.0991,5,80.89,1
164.7139,2494,0.02016,0.36431,-0.13839,79.84,82.00,0.1355,5,80.50,1
164.7724,2495,0.16433,-0.11374,0.37253,69.41,74.00,0.1109,5,80.50,1
164.8324,2496,0.00000,0.38759,-0.27290,84.55,82.00,0.1213,4,80.50,1
164.8970,2497,0.00000,0.44267,-0.23876,83.36,83.00,0.1249,6,86.15,1
164.9580,2498,0.00000,0.56783,-0.20243,82.08,82.00,0.0000,2,86.15,0
165.0179,2499,-0.04877,0.54441,-0.28925,85.12,85.00,0.1196,3,86.15,1
165.0785,2500,0.03431,-0.19408,0.02572,74.61,77.00,0.1473,6,86.15,1
165.1393,2501,0.02109,-0.23512,-0.03722,76.30,76.00,0.1461,5,85.53,1
165.2008,2502,-0.05968,-0.42170,-0.31940,86.18,84.00,0.1165,6,85.53,1
165.2602,2503,-0.06111,-0.56104,-0.27111,84.49,84.00,0.1215,7,80.68,1
165.3228,2504,0.03627,-0.56081,0.11181,73.32,76.00,0.1383,8,80.68,1
165.3845,2505,0.02910,-0.47708,0.04124,74.38,74.00,0.1457,10,77.51,1
165.4465,2506,0.12887,-0.34475,0.36436,69.53,69.00,0.1117,11,77.51,1
165.5083,2507,0.18332,-0.37464,0.46120,68.08,68.00,0.1016,9,77.51,1
165.5670,2508,0.12811,-0.32324,0.16763,72.49,72.00,0.1324,6,76.56,1
165.6307,2509,0.07695,-0.38391,-0.04554,76.59,76.00,0.1452,8,76.56,1
165.7015,2510,0.03837,-0.34297,-0.16121,80.64,80.00,0.1331,12,73.30,1
165.7656,2511,-0.02999,-0.10686,-0.35674,87.49,87.00,0.1125,12,73.07,1
165.8289,2512,0.00000,0.01041,-0.21903,82.67,82.00,0.1270,7,73.17,1
165.8947,2513,-0.02771,0.03103,-0.22182,82.76,82.00,0.1267,12,70.75,1
165.9631,2514,0.00000,0.00339,-0.13114,79.59,79.00,0.1362,15,72.52,1
166.0280,2515,-0.02105,0.12686,-0.13640,79.77,79.00,0.1357,10,71.57,1
166.0902,2516,-0.03942,0.08175,-0.18451,81.46,81.00,0.1306,11,70.92,1
166.1507,2517,-0.06551,-0.16115,-0.25162,83.81,83.00,0.1236,7,73.12,1
166.2142,2518,0.00000,-0.31195,-0.01717,75.60,75.00,0.1482,6,72.16,1
166.2728,2519,0.06102,-0.43214,0.21378,71.79,71.00,0.1276,9,71.55,1
166.3308,2520,0.09415,-0.59111,0.26834,70.97,70.00,0.1218,9,71.49,1
166.3870,2521,0.08175,-0.52008,0.15870,72.62,72.00,0.1333,10,71.49,1
166.4478,2522,-0.05352,-0.02265,-0.36183,87.66,80.00,0.1120,11,71.49,1
166.5078,2523,-0.12729,0.33398,-0.55014,94.25,88.00,0.0922,12,71.91,1
166.5692,2524,-0.16868,0.61409,-0.58830,95.59,95.00,0.0882,6,71.88,1
166.6302,2525,-0.08905,0.09692,-0.20359,82.13,87.00,0.1286,9,71.88,1
166.6900,2526,-0.13010,0.20424,-0.33324,86.66,86.00,0.1150,13,71.80,1
166.7495,2527,-0.16051,0.16271,-0.40069,89.02,89.00,0.1079,14,70.82,1
166.8106,2528,-0.12046,0.36789,-0.20942,82.33,82.00,0.1280,16,70.50,1
166.8707,2529,-0.09790,0.53003,-0.12540,79.39,79.00,0.1368,15,71.15,1
166.9295,2530,-0.04753,0.28036,0.03789,74.43,74.00,0.1460,13,71.09,1
166.9875,2531,-0.03000,0.12473,0.05352,74.20,74.00,0.1444,6,73.48,1
167.0476,2532,-0.03448,0.27414,-0.01015,75.36,75.00,0.1489,15,73.39,1
167.1123,2533,0.00000,0.39437,0.05766,74.14,74.00,0.1439,16,70.68,1
167.1815,2534,0.00000,0.21695,0.02515,74.62,74.00,0.1474,16,70.68,1
167.2468,2535,-0.02587,0.26671,-0.09103,78.19,78.00,0.1404,17,71.07,1
167.3090,2536,0.02543,0.11892,0.08058,73.79,73.00,0.1415,18,69.11,1
167.3710,2537,0.05500,0.10275,0.14190,72.87,72.00,0.1351,19,64.60,1
167.4358,2538,0.09111,0.08619,0.21396,71.79,71.00,0.1275,15,65.54,1
