t,frame,offset,heading,steer_cmd,servo_target_deg,servo_actual_deg,throttle,rows_found,lane_width_px,lines_visible
0.1209,1,0.00000,0.00000,0.00000,75.00,75.00,0.0000,0,-1.00,0
0.1947,2,0.00000,0.00000,0.00000,75.00,75.00,0.0000,0,-1.00,0
0.2564,3,0.00000,0.00000,0.00000,75.00,75.00,0.0000,0,-1.00,0
0.3167,4,0.00000,0.00000,0.00000,75.00,75.00,0.0000,0,-1.00,0
0.3745,5,0.00000,0.00000,0.00000,75.00,75.00,0.0000,0,-1.00,0
0.4314,6,0.00000,0.00000,0.00000,75.00,75.00,0.0000,0,-1.00,0
0.4880,7,0.00000,0.00000,0.00000,75.00,75.00,0.0000,0,-1.00,0
0.5454,8,0.00000,0.00000,0.00000,75.00,75.00,0.0000,0,-1.00,0
0.6018,9,0.00000,0.00000,0.00000,75.00,75.00,0.0000,0,-1.00,0
0.6600,10,0.00000,0.00000,0.00000,75.00,75.00,0.0000,0,-1.00,0
0.7163,11,0.00000,0.00000,0.00000,75.00,75.00,0.0000,0,-1.00,0
0.7741,12,0.00000,0.00000,0.00000,75.00,75.00,0.0000,0,-1.00,0
0.8340,13,0.00000,0.00000,0.00000,75.00,75.00,0.0000,0,-1.00,0
0.9012,14,0.00000,0.00000,0.00000,75.00,75.00,0.0000,0,-1.00,0
0.9601,15,0.00000,0.00000,0.00000,75.00,75.00,0.0000,0,-1.00,0
1.0187,16,0.00000,0.00000,0.00000,75.00,75.00,0.0000,0,-1.00,0
1.0769,17,0.00000,0.00000,0.00000,75.00,75.00,0.0000,0,-1.00,0
1.1368,18,0.00000,0.00000,0.00000,75.00,75.00,0.0000,0,-1.00,0
1.1973,19,0.00000,0.00000,0.00000,75.00,75.00,0.0000,0,-1.00,0
1.2563,20,0.00000,0.00000,0.00000,75.00,75.00,0.0000,1,56.00,0
1.3165,21,-0.15542,0.03289,-0.20728,82.25,82.00,0.1282,7,55.80,1
1.3744,22,-0.17406,-0.06026,-0.25191,83.82,83.00,0.1235,6,55.82,1
1.4335,23,-0.18316,-0.10740,-0.25946,84.08,84.00,0.1228,6,55.82,1
1.4918,24,-0.18794,-0.12816,-0.25092,83.78,83.00,0.1237,6,55.84,1
1.5562,25,-0.14271,-0.09173,-0.04991,76.75,76.00,0.1448,15,55.10,1
1.6171,26,-0.09900,-0.10957,0.07968,73.80,73.00,0.1416,11,55.09,1
1.6785,27,-0.06402,-0.40110,0.14646,72.80,72.00,0.1346,12,57.63,1
1.7388,28,0.00000,-0.23794,0.26178,71.07,71.00,0.1225,12,56.42,1
1.8002,29,0.02524,-0.36081,0.30961,70.36,70.00,0.1175,13,63.98,1
1.8614,30,0.07439,-0.16539,0.39161,69.13,69.00,0.1089,13,67.13,1
1.9210,31,0.05056,-0.04186,0.21178,71.82,71.00,0.1278,11,73.82,1
1.9800,32,0.00000,-0.01369,-0.04143,76.45,76.00,0.1456,12,73.82,1
2.0407,33,-0.03030,0.12729,-0.11684,79.09,79.00,0.1377,10,73.82,1
2.1042,34,0.00000,0.11359,-0.01281,75.45,75.00,0.1487,8,73.82,1
2.1669,35,0.02373,0.05422,0.09118,73.63,73.00,0.1404,9,75.19,1
2.2273,36,0.04738,0.12426,0.14884,72.77,72.00,0.1344,6,75.19,1
2.2911,37,0.12546,-0.17931,0.38419,69.24,69.00,0.1097,5,75.19,1
2.3540,38,0.12667,-0.33039,0.30409,70.44,70.00,0.1181,4,75.19,1
2.4194,39,0.15197,-0.44690,0.33094,70.04,70.00,0.1153,5,75.19,1
2.4809,40,0.16177,-0.54914,0.30732,70.39,70.00,0.1177,4,75.19,1
2.5424,41,0.00000,-0.46582,-0.27320,84.56,78.00,0.1213,3,76.27,1
2.6071,42,-0.11326,-0.23904,-0.61502,96.53,86.00,0.0854,3,77.64,1
2.6747,43,-0.13889,0.35850,-0.54304,94.01,94.00,0.0930,6,78.98,1
2.7358,44,-0.17272,0.75664,-0.54428,94.05,94.00,0.0929,3,78.98,1
2.7942,45,-0.07875,0.11325,-0.11515,79.03,86.00,0.1379,4,78.98,1
2.8530,46,-0.12502,-0.24470,-0.27008,84.45,84.00,0.1216,5,78.98,1
2.9147,47,-0.07011,0.24807,-0.03732,76.31,76.00,0.1461,5,78.98,1
2.9759,48,-0.08128,0.62125,-0.09060,78.17,78.00,0.1405,3,78.98,1
3.0371,49,0.00000,0.87833,0.20560,71.92,71.00,0.1284,5,80.98,1
3.0973,50,0.10354,0.14589,0.48909,67.66,67.00,0.0986,4,83.08,1
3.1591,51,0.15091,0.06436,0.50742,67.39,67.00,0.0000,2,83.08,0
3.2199,52,0.19272,-0.00760,0.50538,67.42,67.00,0.0000,1,83.08,0
3.2870,53,0.17251,0.18785,0.36644,69.50,69.00,0.1115,6,83.08,1
3.3497,54,0.09553,0.41810,0.08327,73.75,73.00,0.1413,5,83.08,1
3.4112,55,0.10122,0.72104,0.10503,73.42,73.00,0.1390,4,85.27,1
3.4700,56,0.09009,0.36379,0.06660,74.00,74.00,0.1430,8,87.45,1
3.5297,57,0.05965,0.08682,-0.03226,76.13,76.00,0.1466,5,87.45,1
3.5886,58,0.02097,-0.13236,-0.14076,79.93,79.00,0.1352,4,87.45,1
3.6538,59,-0.03466,-0.27411,-0.28290,84.90,84.00,0.1203,4,87.45,1
3.7146,60,-0.12155,-0.15630,-0.51187,92.92,92.00,0.0963,5,90.70,1
3.7775,61,-0.17904,0.12174,-0.59062,95.67,95.00,0.0880,4,90.70,1
3.8394,62,-0.22895,0.16198,-0.59377,95.78,95.00,0.0000,2,90.70,0
3.8986,63,-0.12298,0.52583,-0.15429,80.40,87.00,0.1338,7,90.70,1
3.9648,64,-0.05604,0.57493,0.07281,73.91,79.00,0.1424,7,90.70,1
4.0347,65,-0.06600,0.84135,-0.00044,75.02,75.00,0.1500,7,90.70,1
4.0972,66,0.00000,0.49824,0.20959,71.86,71.00,0.1280,9,90.70,1
4.1619,67,0.04881,0.18034,0.30743,70.39,70.00,0.1177,9,90.70,1
4.2233,68,0.08205,0.21719,0.34555,69.82,69.00,0.1137,14,90.70,1
4.2851,69,0.00000,0.42624,-0.07188,77.52,77.00,0.1425,6,85.33,1
4.3480,70,0.00000,0.55282,0.02029,74.70,74.00,0.1479,6,91.60,1
4.4127,71,0.03683,0.25386,0.12072,73.19,73.00,0.1373,8,91.60,1
4.4806,72,0.00000,0.13742,-0.05385,76.88,76.00,0.1443,8,91.60,1
4.5427,73,-0.02402,0.07093,-0.10268,78.59,78.00,0.1392,5,91.60,1
4.6046,74,-0.10291,0.24568,-0.35349,87.37,86.00,0.1129,6,91.60,1
4.6722,75,-0.19667,0.49599,-0.59816,95.94,94.00,0.0872,4,91.60,1
4.7433,76,-0.18141,0.70003,-0.41138,89.40,89.00,0.1068,4,91.60,1
4.8061,77,-0.20905,0.81047,-0.39678,88.89,88.00,0.0000,1,91.60,0
4.8692,78,-0.19043,0.42667,-0.28470,84.96,84.00,0.1201,4,91.60,1
4.9365,79,-0.27971,0.27378,-0.54190,93.97,92.00,0.0931,3,91.60,1
5.0021,80,-0.16123,0.03172,-0.07270,77.54,84.00,0.1424,4,91.60,1
5.0673,81,-0.07665,0.12897,0.18697,72.20,76.00,0.1304,7,91.60,1
5.1301,82,0.00000,0.04422,0.41802,68.73,68.00,0.1061,4,91.60,1
5.1958,83,0.07038,-0.01944,0.45152,68.23,68.00,0.0000,2,91.60,0
5.2701,84,0.00000,0.09701,0.15456,72.68,72.00,0.1338,5,91.60,1
5.3359,85,0.05644,-0.03916,0.24707,71.29,71.00,0.1241,5,91.60,1
5.3999,86,0.07949,-0.08132,0.24573,71.31,71.00,0.0000,2,91.60,0
5.4629,87,0.09948,-0.59722,0.26435,71.03,71.00,0.1222,3,91.60,1
5.5269,88,0.06018,-0.47213,0.09361,73.60,73.00,0.1402,6,91.60,1
5.5882,89,0.03144,-0.32614,-0.01127,75.39,75.00,0.1488,4,91.60,1
5.6488,90,0.06014,-0.45421,0.10026,73.50,73.00,0.1395,10,91.60,1
5.7121,91,0.08492,-0.73037,0.17516,72.37,72.00,0.1316,4,91.60,1
5.7730,92,0.10656,-0.60525,0.22540,71.62,71.00,0.1263,5,91.60,1
5.8365,93,0.11537,-0.60685,0.22098,71.69,71.00,0.1268,4,91.60,1
5.8986,94,0.12657,-0.32398,0.23028,71.55,71.00,0.1258,4,91.60,1
5.9597,95,0.13840,-0.26451,0.21436,71.78,71.00,0.0000,2,91.60,0
6.0187,96,-0.07141,0.49226,-0.48864,92.10,79.00,0.0987,3,91.60,1
6.0782,97,-0.13593,-0.01149,-0.59140,95.70,87.00,0.0879,3,88.14,1
6.1359,98,0.00000,-0.10233,-0.05453,76.91,79.00,0.1443,3,88.14,1
6.1971,99,-0.02208,-0.09429,-0.06402,77.24,77.00,0.0000,2,88.14,0
6.2601,100,-0.02722,-0.08692,-0.06391,77.24,77.00,0.0000,1,88.14,0
6.3257,101,-0.03208,-0.07997,-0.06401,77.24,77.00,0.0000,2,88.14,0
6.3977,102,-0.03687,-0.07310,-0.06446,77.26,77.00,0.0000,1,88.14,0
6.4698,103,-0.04118,-0.06693,-0.06485,77.27,77.00,0.0000,0,88.14,0
6.5347,104,-0.04465,-0.06196,-0.06486,77.27,77.00,0.0000,0,88.14,0
6.6015,105,-0.04784,-0.05738,-0.06493,77.27,77.00,0.0000,1,88.14,0
6.6657,106,-0.05069,-0.05330,-0.06498,77.27,77.00,0.0000,0,88.14,0
6.7345,107,-0.05339,-0.04944,-0.06512,77.28,77.00,0.0000,0,88.14,0
6.8069,108,-0.05595,-0.04576,-0.06538,77.29,77.00,0.0000,1,88.14,0
6.8680,109,-0.05789,-0.04299,-0.06529,77.29,77.00,0.0000,0,88.14,0
6.9285,110,-0.05963,-0.04050,-0.06520,77.28,77.00,0.0000,0,88.14,0
6.9912,111,-0.06122,-0.03822,-0.06515,77.28,77.00,0.0000,0,88.14,0
7.0544,112,-0.06270,-0.03610,-0.06514,77.28,77.00,0.0000,0,88.14,0
7.1197,113,-0.06406,-0.03415,-0.06516,77.28,77.00,0.0000,0,88.14,0
7.1890,114,-0.06537,-0.03228,-0.06524,77.28,77.00,0.0000,0,88.14,0
7.2557,115,-0.06648,-0.03068,-0.06527,77.28,77.00,0.0000,1,88.14,0
7.3195,116,-0.06744,-0.02930,-0.06526,77.28,77.00,0.0000,2,88.14,0
7.3848,117,-0.06835,-0.02801,-0.06528,77.28,77.00,0.0000,0,88.14,0
7.4478,118,-0.06911,-0.02691,-0.06526,77.28,77.00,0.0000,0,88.14,0
7.5148,119,-0.06986,-0.02584,-0.06529,77.29,77.00,0.0000,0,88.14,0
7.5822,120,-0.07054,-0.02487,-0.06532,77.29,77.00,0.0000,0,88.14,0
7.6457,121,-0.07111,-0.02406,-0.06531,77.29,77.00,0.0000,0,88.14,0
7.7158,122,-0.07167,-0.02324,-0.06535,77.29,77.00,0.0000,0,88.14,0
7.7819,123,-0.07216,-0.02255,-0.06536,77.29,77.00,0.0000,0,88.14,0
7.8412,124,0.00000,0.00000,0.00000,75.00,75.00,0.0000,1,88.14,0
7.9025,125,0.00000,0.00000,0.00000,75.00,75.00,0.0000,1,88.14,0
7.9642,126,0.00000,0.00000,0.00000,75.00,75.00,0.0000,0,88.14,0
8.0238,127,0.00000,0.00000,0.00000,75.00,75.00,0.0000,1,88.14,0
8.0828,128,0.00000,0.00000,0.00000,75.00,75.00,0.0000,1,88.14,0
8.1411,129,0.00000,0.00000,0.00000,75.00,75.00,0.0000,1,88.14,0
8.1959,130,0.00000,0.00000,0.00000,75.00,75.00,0.0000,1,88.14,0
8.2553,131,0.00000,0.00000,0.00000,75.00,75.00,0.0000,1,88.14,0
8.3207,132,0.00000,0.00000,0.00000,75.00,75.00,0.0000,0,88.14,0
8.3865,133,0.00000,0.00000,0.00000,75.00,75.00,0.0000,0,88.14,0
8.4521,134,0.00000,0.00000,0.00000,75.00,75.00,0.0000,1,88.14,0
8.5108,135,0.00000,0.00000,0.00000,75.00,75.00,0.0000,0,88.14,0
8.5681,136,0.00000,0.00000,0.00000,75.00,75.00,0.0000,0,88.14,0
8.6231,137,0.00000,0.00000,0.00000,75.00,75.00,0.0000,0,88.14,0
8.6796,138,0.00000,0.00000,0.00000,75.00,75.00,0.0000,0,88.14,0
8.7376,139,0.00000,0.00000,0.00000,75.00,75.00,0.0000,0,88.14,0
8.7953,140,0.00000,0.00000,0.00000,75.00,75.00,0.0000,0,88.14,0
8.8530,141,0.00000,0.00000,0.00000,75.00,75.00,0.0000,0,88.14,0
8.9099,142,0.00000,0.00000,0.00000,75.00,75.00,0.0000,0,88.14,0
8.9658,143,0.00000,0.00000,0.00000,75.00,75.00,0.0000,0,88.14,0
9.0217,144,0.00000,0.00000,0.00000,75.00,75.00,0.0000,0,88.14,0
9.0773,145,0.00000,0.00000,0.00000,75.00,75.00,0.0000,0,88.14,0
9.1373,146,0.00000,0.00000,0.00000,75.00,75.00,0.0000,0,88.14,0
9.1922,147,0.00000,0.00000,0.00000,75.00,75.00,0.0000,0,88.14,0
9.2474,148,0.00000,0.00000,0.00000,75.00,75.00,0.0000,0,88.14,0
9.3029,149,0.00000,0.00000,0.00000,75.00,75.00,0.0000,0,88.14,0
9.3577,150,0.00000,0.00000,0.00000,75.00,75.00,0.0000,0,88.14,0
9.4148,151,0.00000,0.00000,0.00000,75.00,75.00,0.0000,0,88.14,0
9.4718,152,0.00000,0.00000,0.00000,75.00,75.00,0.0000,1,88.14,0
9.5305,153,0.00000,0.00000,0.00000,75.00,75.00,0.0000,0,88.14,0
9.5841,154,0.00000,0.00000,0.00000,75.00,75.00,0.0000,0,88.14,0
9.6395,155,0.00000,0.00000,0.00000,75.00,75.00,0.0000,0,88.14,0
9.6950,156,0.00000,0.00000,0.00000,75.00,75.00,0.0000,0,88.14,0
9.7523,157,0.00000,0.00000,0.00000,75.00,75.00,0.0000,0,88.14,0
9.8151,158,0.00000,0.00000,0.00000,75.00,75.00,0.0000,0,88.14,0
9.8750,159,0.00000,0.00000,0.00000,75.00,75.00,0.0000,0,88.14,0
9.9349,160,0.00000,0.00000,0.00000,75.00,75.00,0.0000,1,88.14,0
9.9932,161,0.00000,0.00000,0.00000,75.00,75.00,0.0000,0,88.14,0
10.0492,162,0.00000,0.00000,0.00000,75.00,75.00,0.0000,0,88.14,0
10.1035,163,0.00000,0.00000,0.00000,75.00,75.00,0.0000,0,88.14,0
10.1600,164,0.00000,0.00000,0.00000,75.00,75.00,0.0000,1,88.14,0
10.2197,165,0.00000,0.00000,0.00000,75.00,75.00,0.0000,0,88.14,0
10.2771,166,0.00000,0.00000,0.00000,75.00,75.00,0.0000,0,88.14,0
10.3352,167,0.00000,0.00000,0.00000,75.00,75.00,0.0000,0,88.14,0
10.3927,168,0.00000,0.00000,0.00000,75.00,75.00,0.0000,0,88.14,0
10.4487,169,0.00000,0.00000,0.00000,75.00,75.00,0.0000,0,88.14,0
10.5079,170,0.00000,0.00000,0.00000,75.00,75.00,0.0000,0,88.14,0
10.5643,171,0.00000,0.00000,0.00000,75.00,75.00,0.0000,0,88.14,0
10.6199,172,0.00000,0.00000,0.00000,75.00,75.00,0.0000,0,88.14,0
10.6738,173,0.00000,0.00000,0.00000,75.00,75.00,0.0000,0,88.14,0
10.7283,174,0.00000,0.00000,0.00000,75.00,75.00,0.0000,0,88.14,0
10.7845,175,0.00000,0.00000,0.00000,75.00,75.00,0.0000,0,88.14,0
10.8439,176,0.00000,0.00000,0.00000,75.00,75.00,0.0000,0,88.14,0
10.9004,177,0.00000,0.00000,0.00000,75.00,75.00,0.0000,0,88.14,0
10.9601,178,0.00000,0.00000,0.00000,75.00,75.00,0.0000,0,88.14,0
11.0198,179,0.00000,0.00000,0.00000,75.00,75.00,0.0000,0,88.14,0
11.0769,180,0.00000,0.00000,0.00000,75.00,75.00,0.0000,0,88.14,0
11.1344,181,0.00000,0.00000,0.00000,75.00,75.00,0.0000,0,88.14,0
11.1954,182,0.00000,0.00000,0.00000,75.00,75.00,0.0000,0,88.14,0
11.2537,183,0.00000,0.00000,0.00000,75.00,75.00,0.0000,0,88.14,0
11.3117,184,0.00000,0.00000,0.00000,75.00,75.00,0.0000,0,88.14,0
11.3692,185,0.00000,0.00000,0.00000,75.00,75.00,0.0000,0,88.14,0
11.4276,186,0.00000,0.00000,0.00000,75.00,75.00,0.0000,0,88.14,0
11.4860,187,0.00000,0.00000,0.00000,75.00,75.00,0.0000,0,88.14,0
11.5423,188,0.00000,0.00000,0.00000,75.00,75.00,0.0000,0,88.14,0
11.6006,189,0.00000,0.00000,0.00000,75.00,75.00,0.0000,0,88.14,0
11.6584,190,0.00000,0.00000,0.00000,75.00,75.00,0.0000,0,88.14,0
11.7155,191,0.00000,0.00000,0.00000,75.00,75.00,0.0000,0,88.14,0
11.7743,192,0.00000,0.00000,0.00000,75.00,75.00,0.0000,0,88.14,0
11.8316,193,0.00000,0.00000,0.00000,75.00,75.00,0.0000,0,88.14,0
11.8948,194,0.00000,0.00000,0.00000,75.00,75.00,0.0000,0,88.14,0
11.9561,195,0.00000,0.00000,0.00000,75.00,75.00,0.0000,0,88.14,0
12.0167,196,0.00000,0.00000,0.00000,75.00,75.00,0.0000,0,88.14,0
12.0766,197,0.00000,0.00000,0.00000,75.00,75.00,0.0000,1,88.14,0
12.1362,198,0.00000,0.00000,0.00000,75.00,75.00,0.0000,0,88.14,0
12.1935,199,0.00000,0.00000,0.00000,75.00,75.00,0.0000,0,88.14,0
12.2496,200,0.00000,0.00000,0.00000,75.00,75.00,0.0000,0,88.14,0
12.3060,201,0.00000,0.00000,0.00000,75.00,75.00,0.0000,0,88.14,0
12.3633,202,0.00000,0.00000,0.00000,75.00,75.00,0.0000,0,88.14,0
12.4187,203,0.00000,0.00000,0.00000,75.00,75.00,0.0000,0,88.14,0
12.4745,204,0.00000,0.00000,0.00000,75.00,75.00,0.0000,0,88.14,0
12.5336,205,0.00000,0.00000,0.00000,75.00,75.00,0.0000,0,88.14,0
12.5966,206,0.00000,0.00000,0.00000,75.00,75.00,0.0000,0,88.14,0
12.6512,207,0.00000,0.00000,0.00000,75.00,75.00,0.0000,0,88.14,0
12.7110,208,0.00000,0.00000,0.00000,75.00,75.00,0.0000,0,88.14,0
12.7669,209,0.00000,0.00000,0.00000,75.00,75.00,0.0000,0,88.14,0
12.8258,210,0.00000,0.00000,0.00000,75.00,75.00,0.0000,0,88.14,0
12.8851,211,0.00000,0.00000,0.00000,75.00,75.00,0.0000,0,88.14,0
12.9422,212,0.00000,0.00000,0.00000,75.00,75.00,0.0000,0,88.14,0
13.0001,213,0.00000,0.00000,0.00000,75.00,75.00,0.0000,0,88.14,0
13.0570,214,0.00000,0.00000,0.00000,75.00,75.00,0.0000,0,88.14,0
13.1152,215,0.00000,0.00000,0.00000,75.00,75.00,0.0000,0,88.14,0
13.1738,216,0.00000,0.00000,0.00000,75.00,75.00,0.0000,0,88.14,0
13.2303,217,0.00000,0.00000,0.00000,75.00,75.00,0.0000,0,88.14,0
13.2932,218,0.00000,0.00000,0.00000,75.00,75.00,0.0000,0,88.14,0
13.3490,219,0.00000,0.00000,0.00000,75.00,75.00,0.0000,1,88.14,0
13.4097,220,0.00000,0.00000,0.00000,75.00,75.00,0.0000,0,88.14,0
13.4661,221,0.00000,0.00000,0.00000,75.00,75.00,0.0000,0,88.14,0
13.5204,222,0.00000,0.00000,0.00000,75.00,75.00,0.0000,1,88.14,0
13.5744,223,0.00000,0.00000,0.00000,75.00,75.00,0.0000,0,88.14,0
13.6329,224,0.00000,0.00000,0.00000,75.00,75.00,0.0000,0,88.14,0
13.6912,225,0.00000,0.00000,0.00000,75.00,75.00,0.0000,0,88.14,0
13.7440,226,0.00000,0.00000,0.00000,75.00,75.00,0.0000,0,88.14,0
13.7999,227,0.00000,0.00000,0.00000,75.00,75.00,0.0000,0,88.14,0
13.8558,228,0.00000,0.00000,0.00000,75.00,75.00,0.0000,0,88.14,0
13.9122,229,0.00000,0.00000,0.00000,75.00,75.00,0.0000,0,88.14,0
13.9737,230,0.00000,0.00000,0.00000,75.00,75.00,0.0000,0,88.14,0
14.0309,231,0.00000,0.00000,0.00000,75.00,75.00,0.0000,0,88.14,0
14.0874,232,0.00000,0.00000,0.00000,75.00,75.00,0.0000,0,88.14,0
14.1477,233,0.00000,0.00000,0.00000,75.00,75.00,0.0000,0,88.14,0
14.2066,234,0.00000,0.00000,0.00000,75.00,75.00,0.0000,0,88.14,0
14.2637,235,0.00000,0.00000,0.00000,75.00,75.00,0.0000,0,88.14,0
14.3175,236,0.00000,0.00000,0.00000,75.00,75.00,0.0000,0,88.14,0
14.3714,237,0.00000,0.00000,0.00000,75.00,75.00,0.0000,0,88.14,0
14.4274,238,0.00000,0.00000,0.00000,75.00,75.00,0.0000,0,88.14,0
14.4828,239,0.00000,0.00000,0.00000,75.00,75.00,0.0000,0,88.14,0
14.5401,240,0.00000,0.00000,0.00000,75.00,75.00,0.0000,0,88.14,0
14.5991,241,0.00000,0.00000,0.00000,75.00,75.00,0.0000,0,88.14,0
14.6651,242,0.00000,0.00000,0.00000,75.00,75.00,0.0000,0,88.14,0
14.7270,243,0.00000,0.00000,0.00000,75.00,75.00,0.0000,0,88.14,0
14.7882,244,0.00000,0.00000,0.00000,75.00,75.00,0.0000,0,88.14,0
14.8519,245,0.00000,0.00000,0.00000,75.00,75.00,0.0000,0,88.14,0
14.9156,246,0.00000,0.00000,0.00000,75.00,75.00,0.0000,0,88.14,0
14.9761,247,0.00000,0.00000,0.00000,75.00,75.00,0.0000,0,88.14,0
15.0350,248,0.00000,0.00000,0.00000,75.00,75.00,0.0000,0,88.14,0
15.0935,249,0.00000,0.00000,0.00000,75.00,75.00,0.0000,0,88.14,0
15.1527,250,0.00000,0.00000,0.00000,75.00,75.00,0.0000,0,88.14,0
15.2098,251,0.00000,0.00000,0.00000,75.00,75.00,0.0000,0,88.14,0
15.2690,252,0.00000,0.00000,0.00000,75.00,75.00,0.0000,0,88.14,0
15.3306,253,0.00000,0.00000,0.00000,75.00,75.00,0.0000,0,88.14,0
15.3985,254,0.00000,0.00000,0.00000,75.00,75.00,0.0000,0,88.14,0
15.4576,255,0.00000,0.00000,0.00000,75.00,75.00,0.0000,0,88.14,0
15.5165,256,0.00000,0.00000,0.00000,75.00,75.00,0.0000,1,88.14,0
15.5755,257,0.00000,0.00000,0.00000,75.00,75.00,0.0000,0,88.14,0
15.6345,258,0.00000,0.00000,0.00000,75.00,75.00,0.0000,0,88.14,0
15.6933,259,0.00000,0.00000,0.00000,75.00,75.00,0.0000,0,88.14,0
15.7521,260,0.00000,0.00000,0.00000,75.00,75.00,0.0000,0,88.14,0
15.8091,261,0.00000,0.00000,0.00000,75.00,75.00,0.0000,0,88.14,0
15.8669,262,0.00000,0.00000,0.00000,75.00,75.00,0.0000,1,88.14,0
15.9239,263,0.00000,0.00000,0.00000,75.00,75.00,0.0000,0,88.14,0
15.9801,264,0.00000,0.00000,0.00000,75.00,75.00,0.0000,0,88.14,0
16.0361,265,0.00000,0.00000,0.00000,75.00,75.00,0.0000,1,88.14,0
16.1011,266,0.00000,0.00000,0.00000,75.00,75.00,0.0000,0,88.14,0
16.1598,267,0.00000,0.00000,0.00000,75.00,75.00,0.0000,0,88.14,0
16.2193,268,0.00000,0.00000,0.00000,75.00,75.00,0.0000,0,88.14,0
16.2762,269,0.00000,0.00000,0.00000,75.00,75.00,0.0000,0,88.14,0
16.3329,270,0.00000,0.00000,0.00000,75.00,75.00,0.0000,0,88.14,0
16.3907,271,0.00000,0.00000,0.00000,75.00,75.00,0.0000,0,88.14,0
16.4471,272,0.00000,0.00000,0.00000,75.00,75.00,0.0000,0,88.14,0
16.5028,273,0.00000,0.00000,0.00000,75.00,75.00,0.0000,0,88.14,0
16.5553,274,0.00000,0.00000,0.00000,75.00,75.00,0.0000,0,88.14,0
16.6105,275,0.00000,0.00000,0.00000,75.00,75.00,0.0000,0,88.14,0
16.6670,276,0.00000,0.00000,0.00000,75.00,75.00,0.0000,0,88.14,0
16.7237,277,0.00000,0.00000,0.00000,75.00,75.00,0.0000,0,88.14,0
16.7846,278,0.00000,0.00000,0.00000,75.00,75.00,0.0000,0,88.14,0
16.8399,279,0.00000,0.00000,0.00000,75.00,75.00,0.0000,0,88.14,0
16.8974,280,0.00000,0.00000,0.00000,75.00,75.00,0.0000,0,88.14,0
16.9552,281,0.00000,0.00000,0.00000,75.00,75.00,0.0000,0,88.14,0
17.0124,282,0.00000,0.00000,0.00000,75.00,75.00,0.0000,0,88.14,0
17.0685,283,0.00000,0.00000,0.00000,75.00,75.00,0.0000,0,88.14,0
17.1266,284,0.00000,0.00000,0.00000,75.00,75.00,0.0000,0,88.14,0
17.1867,285,0.00000,0.00000,0.00000,75.00,75.00,0.0000,0,88.14,0
17.2457,286,0.00000,0.00000,0.00000,75.00,75.00,0.0000,0,88.14,0
17.3075,287,0.00000,0.00000,0.00000,75.00,75.00,0.0000,0,88.14,0
17.3702,288,0.00000,0.00000,0.00000,75.00,75.00,0.0000,0,88.14,0
17.4299,289,0.00000,0.00000,0.00000,75.00,75.00,0.0000,1,88.14,0
17.4956,290,0.00000,0.00000,0.00000,75.00,75.00,0.0000,1,88.14,0
17.5579,291,0.00000,0.00000,0.00000,75.00,75.00,0.0000,0,88.14,0
17.6249,292,0.00000,0.00000,0.00000,75.00,75.00,0.0000,0,88.14,0
17.6894,293,0.00000,0.00000,0.00000,75.00,75.00,0.0000,0,88.14,0
17.7562,294,0.00000,0.00000,0.00000,75.00,75.00,0.0000,0,88.14,0
17.8282,295,0.00000,0.00000,0.00000,75.00,75.00,0.0000,0,88.14,0
17.8955,296,0.00000,0.00000,0.00000,75.00,75.00,0.0000,0,88.14,0
17.9572,297,0.00000,0.00000,0.00000,75.00,75.00,0.0000,0,88.14,0
18.0194,298,0.00000,0.00000,0.00000,75.00,75.00,0.0000,0,88.14,0
18.0797,299,0.00000,0.00000,0.00000,75.00,75.00,0.0000,0,88.14,0
18.1385,300,0.00000,0.00000,0.00000,75.00,75.00,0.0000,0,88.14,0
18.1987,301,0.00000,0.00000,0.00000,75.00,75.00,0.0000,1,88.14,0
18.2654,302,0.00000,0.00000,0.00000,75.00,75.00,0.0000,0,88.14,0
18.3290,303,0.00000,0.00000,0.00000,75.00,75.00,0.0000,0,88.14,0
18.3929,304,0.00000,0.00000,0.00000,75.00,75.00,0.0000,0,88.14,0
18.4532,305,0.00000,0.00000,0.00000,75.00,75.00,0.0000,0,88.14,0
18.5136,306,0.00000,0.00000,0.00000,75.00,75.00,0.0000,0,88.14,0
18.5759,307,0.00000,0.00000,0.00000,75.00,75.00,0.0000,0,88.14,0
18.6409,308,0.00000,0.00000,0.00000,75.00,75.00,0.0000,0,88.14,0
18.7035,309,0.00000,0.00000,0.00000,75.00,75.00,0.0000,0,88.14,0
18.7662,310,0.00000,0.00000,0.00000,75.00,75.00,0.0000,0,88.14,0
18.8279,311,0.00000,0.00000,0.00000,75.00,75.00,0.0000,0,88.14,0
18.8901,312,0.00000,0.00000,0.00000,75.00,75.00,0.0000,0,88.14,0
18.9601,313,0.00000,0.00000,0.00000,75.00,75.00,0.0000,0,88.14,0
19.0320,314,0.00000,0.00000,0.00000,75.00,75.00,0.0000,0,88.14,0
19.0996,315,0.00000,0.00000,0.00000,75.00,75.00,0.0000,0,88.14,0
19.1642,316,0.00000,0.00000,0.00000,75.00,75.00,0.0000,0,88.14,0
19.2301,317,0.00000,0.00000,0.00000,75.00,75.00,0.0000,0,88.14,0
19.2927,318,0.00000,0.00000,0.00000,75.00,75.00,0.0000,0,88.14,0
19.3605,319,0.00000,0.00000,0.00000,75.00,75.00,0.0000,0,88.14,0
19.4247,320,0.00000,0.00000,0.00000,75.00,75.00,0.0000,0,88.14,0
19.4952,321,0.00000,0.00000,0.00000,75.00,75.00,0.0000,0,88.14,0
19.5630,322,0.00000,0.00000,0.00000,75.00,75.00,0.0000,0,88.14,0
19.6279,323,0.00000,0.00000,0.00000,75.00,75.00,0.0000,0,88.14,0
19.6902,324,0.00000,0.00000,0.00000,75.00,75.00,0.0000,1,88.14,0
19.7516,325,0.00000,0.00000,0.00000,75.00,75.00,0.0000,0,88.14,0
19.8208,326,0.00000,0.00000,0.00000,75.00,75.00,0.0000,1,88.14,0
19.8923,327,0.00000,0.00000,0.00000,75.00,75.00,0.0000,0,88.14,0
19.9741,328,0.00000,0.00000,0.00000,75.00,75.00,0.0000,0,88.14,0
20.0410,329,0.00000,0.00000,0.00000,75.00,75.00,0.0000,0,88.14,0
20.1066,330,0.00000,0.00000,0.00000,75.00,75.00,0.0000,0,88.14,0
20.1697,331,0.00000,0.00000,0.00000,75.00,75.00,0.0000,1,88.14,0
20.2316,332,0.00000,0.00000,0.00000,75.00,75.00,0.0000,0,88.14,0
20.2983,333,0.00000,0.00000,0.00000,75.00,75.00,0.0000,0,88.14,0
20.3636,334,0.00000,0.00000,0.00000,75.00,75.00,0.0000,0,88.14,0
20.4260,335,0.00000,0.00000,0.00000,75.00,75.00,0.0000,0,88.14,0
20.4953,336,0.00000,0.00000,0.00000,75.00,75.00,0.0000,0,88.14,0
20.5597,337,0.00000,0.00000,0.00000,75.00,75.00,0.0000,0,88.14,0
20.6302,338,0.00000,0.00000,0.00000,75.00,75.00,0.0000,1,88.14,0
20.6951,339,0.00000,0.00000,0.00000,75.00,75.00,0.0000,0,88.14,0
20.7613,340,0.00000,0.00000,0.00000,75.00,75.00,0.0000,1,88.14,0
20.8275,341,0.00000,0.00000,0.00000,75.00,75.00,0.0000,1,88.14,0
20.8997,342,0.00000,0.00000,0.00000,75.00,75.00,0.0000,0,88.14,0
20.9805,343,0.00000,0.00000,0.00000,75.00,75.00,0.0000,0,88.14,0
21.0505,344,0.00000,0.00000,0.00000,75.00,75.00,0.0000,0,88.14,0
21.1205,345,0.00000,0.00000,0.00000,75.00,75.00,0.0000,0,88.14,0
21.2018,346,0.00000,0.00000,0.00000,75.00,75.00,0.0000,0,88.14,0
21.2688,347,-0.02901,-0.61364,-0.02672,75.94,75.00,0.1472,4,81.22,1
21.3410,348,-0.10483,0.09120,-0.21250,82.44,82.00,0.1277,8,81.22,1
21.4086,349,-0.10757,0.60843,-0.18435,81.45,81.00,0.1306,4,81.22,1
21.4732,350,-0.13053,0.93245,-0.24549,83.59,83.00,0.1242,10,77.80,1
21.5401,351,-0.06969,1.10630,0.02293,74.66,75.00,0.1476,10,75.76,1
21.6124,352,-0.06178,1.18071,0.01652,74.75,74.00,0.1483,14,75.18,1
21.6819,353,-0.04007,0.91119,0.06310,74.05,74.00,0.1434,11,76.24,1
21.7532,354,-0.04973,0.49962,-0.00680,75.24,75.00,0.1493,21,77.05,1
21.8344,355,0.00000,0.56787,0.11584,73.26,73.00,0.1378,19,76.96,1
21.9011,356,0.00000,0.40721,0.12907,73.06,73.00,0.1364,20,75.50,1
21.9720,357,0.00000,0.33754,0.08731,73.69,73.00,0.1408,20,72.75,1
22.0350,358,0.00000,0.08266,0.04539,74.32,74.00,0.1452,21,70.16,1
22.0975,359,0.00000,-0.15142,0.02100,74.69,74.00,0.1478,23,68.40,1
22.1613,360,0.02330,-0.30825,0.07626,73.86,73.00,0.1420,25,67.29,1
22.2272,361,0.02013,-0.32775,0.04390,74.34,74.00,0.1454,27,66.26,1
22.2875,362,0.00000,-0.23453,-0.02748,75.96,75.00,0.1471,27,65.96,1
22.3513,363,-0.02785,-0.09662,-0.12988,79.55,79.00,0.1364,27,65.85,1
22.4139,364,-0.05791,0.06594,-0.20768,82.27,82.00,0.1282,27,64.53,1
22.4755,365,-0.08423,0.21903,-0.25908,84.07,84.00,0.1228,27,63.05,1
22.5361,366,-0.08990,0.20551,-0.23169,83.11,83.00,0.1257,27,59.94,1
22.5951,367,-0.06914,0.24308,-0.12289,79.30,79.00,0.1371,25,57.09,1
22.6566,368,0.00000,0.10766,0.10571,73.41,73.00,0.1389,24,54.81,1
22.7176,369,0.04253,0.05317,0.24256,71.36,71.00,0.1245,22,53.35,1
22.7800,370,0.06539,-0.05454,0.25652,71.15,71.00,0.1231,21,51.56,1
22.8429,371,0.06645,-0.15131,0.19653,72.05,72.00,0.1294,22,49.70,1
22.9054,372,0.06960,-0.12762,0.16228,72.57,72.00,0.1330,21,48.19,1
22.9698,373,0.05903,-0.02654,0.09138,73.63,73.00,0.1404,19,46.49,1
23.0396,374,0.00000,0.09346,-0.07832,77.74,77.00,0.1418,16,44.84,1
23.1049,375,0.02015,0.36319,-0.03976,76.39,76.00,0.1458,14,43.63,1
23.1670,376,0.00000,0.45573,-0.06758,77.37,77.00,0.1429,17,42.26,1
23.2279,377,0.00000,0.43375,-0.04928,76.72,76.00,0.1448,18,41.27,1
23.2893,378,0.00000,0.31075,-0.06849,77.40,77.00,0.1428,17,39.88,1
23.3506,379,0.00000,0.15626,-0.07760,77.72,77.00,0.1419,20,39.03,1
23.4131,380,0.00000,0.14758,-0.06492,77.27,77.00,0.1432,20,38.61,1
23.4765,381,0.00000,0.13271,-0.01562,75.55,75.00,0.1484,20,38.30,1
23.5374,382,-0.02004,-0.08512,-0.08960,78.14,78.00,0.1406,21,38.09,1
23.5974,383,-0.03207,-0.18688,-0.11535,79.04,79.00,0.1379,23,38.09,1
23.6581,384,-0.02179,-0.06864,-0.05895,77.06,77.00,0.1438,23,38.87,1
23.7273,385,0.00000,0.05428,-0.01247,75.44,75.00,0.1487,21,38.86,1
23.7915,386,0.00000,0.13984,0.00924,74.86,74.00,0.1490,19,38.32,1
23.8586,387,0.00000,0.12370,0.02120,74.68,74.00,0.1478,21,37.97,1
23.9264,388,0.00000,0.13391,-0.01678,75.59,75.00,0.1482,20,38.05,1
23.9924,389,0.00000,0.16648,-0.01079,75.38,75.00,0.1489,21,37.95,1
24.0739,390,-0.02479,0.09633,-0.08125,77.84,77.00,0.1415,19,37.56,1
24.1391,391,-0.04339,0.12220,-0.13158,79.61,79.00,0.1362,20,38.13,1
24.2050,392,-0.05363,0.11318,-0.14405,80.04,80.00,0.1349,18,38.45,1
24.2685,393,-0.06050,-0.02039,-0.14549,80.09,80.00,0.1347,22,38.99,1
24.3361,394,-0.02962,-0.03317,-0.01681,75.59,75.00,0.1482,22,38.41,1
24.4082,395,0.00000,-0.04779,0.04627,74.31,74.00,0.1451,22,37.91,1
24.4686,396,0.00000,-0.05845,0.02617,74.61,74.00,0.1473,21,37.89,1
24.5329,397,0.00000,-0.01813,0.02497,74.63,74.00,0.1474,21,37.97,1
24.5969,398,0.00000,0.03203,0.02206,74.67,74.00,0.1477,21,37.41,1
24.6591,399,0.00000,0.09794,0.02485,74.63,74.00,0.1474,21,37.65,1
24.7212,400,0.00000,0.14647,-0.00105,75.04,75.00,0.1499,21,37.85,1
24.7876,401,0.00000,0.06578,-0.01562,75.55,75.00,0.1484,22,38.09,1
24.8482,402,-0.02656,0.11367,-0.09689,78.39,78.00,0.1398,19,38.29,1
24.9068,403,-0.02284,0.13417,-0.06966,77.44,77.00,0.1427,20,37.91,1
24.9648,404,-0.02520,0.14774,-0.07043,77.46,77.00,0.1426,19,37.47,1
25.0260,405,-0.04082,0.14286,-0.11801,79.13,79.00,0.1376,20,37.57,1
25.0828,406,-0.03569,0.18361,-0.08427,77.95,77.00,0.1412,20,37.99,1
25.1421,407,-0.04038,0.17447,-0.09296,78.25,78.00,0.1402,19,37.90,1
25.2005,408,-0.04171,0.17202,-0.08907,78.12,78.00,0.1406,20,38.13,1
25.2615,409,-0.05592,-0.04369,-0.13185,79.61,79.00,0.1362,18,38.04,1
25.3271,410,-0.07415,-0.05261,-0.17912,81.27,81.00,0.1312,17,38.40,1
25.3991,411,-0.04870,0.16376,-0.06347,77.22,77.00,0.1433,18,38.91,1
25.4640,412,-0.05054,0.15993,-0.07322,77.56,77.00,0.1423,17,38.66,1
25.5274,413,-0.04207,0.19153,-0.04547,76.59,76.00,0.1452,18,40.13,1
25.5912,414,0.00000,0.22827,0.04079,74.39,74.00,0.1457,17,39.40,1
25.6567,415,-0.02881,0.39256,-0.02963,76.04,76.00,0.1469,17,39.39,1
25.7245,416,-0.04714,0.59894,-0.10225,78.58,78.00,0.1393,15,40.84,1
25.7846,417,-0.04907,0.55957,-0.10193,78.57,78.00,0.1393,12,40.45,1
25.8450,418,-0.06234,0.63298,-0.14189,79.97,79.00,0.1351,15,39.90,1
25.9049,419,-0.04545,0.56699,-0.06913,77.42,77.00,0.1427,17,39.54,1
25.9628,420,-0.03370,0.47090,-0.03066,76.07,76.00,0.1468,18,39.41,1
26.0218,421,-0.03698,0.33162,-0.05310,76.86,76.00,0.1444,16,40.23,1
26.0833,422,-0.02569,0.24031,-0.01917,75.67,75.00,0.1480,15,40.48,1
26.1469,423,0.00000,0.17243,0.00681,74.90,74.00,0.1493,15,40.29,1
26.2115,424,0.00000,0.18961,0.03618,74.46,74.00,0.1462,17,41.07,1
26.2725,425,-0.02710,0.27128,-0.07264,77.54,77.00,0.1424,17,41.35,1
26.3324,426,-0.03781,0.31577,-0.10772,78.77,78.00,0.1387,17,41.55,1
26.3945,427,-0.04196,0.28752,-0.11273,78.95,78.00,0.1382,21,41.28,1
26.4574,428,-0.03679,0.23690,-0.08505,77.98,77.00,0.1411,18,40.56,1
26.5197,429,-0.02640,0.26548,-0.04628,76.62,76.00,0.1451,19,40.19,1
26.5870,430,-0.03986,0.10627,-0.09967,78.49,78.00,0.1395,18,39.59,1
26.6507,431,-0.03520,0.18969,-0.07792,77.73,77.00,0.1418,17,39.13,1
26.7173,432,-0.02979,0.05365,-0.05907,77.07,77.00,0.1438,19,38.60,1
26.7899,433,-0.02200,0.00201,-0.03704,76.30,76.00,0.1461,20,38.59,1
26.8531,434,0.00000,-0.01748,0.01866,74.72,74.00,0.1480,19,37.99,1
26.9166,435,0.00000,-0.05141,-0.00817,75.29,75.00,0.1491,18,38.04,1
26.9801,436,0.00000,-0.03870,-0.04855,76.70,76.00,0.1449,16,38.16,1
27.0420,437,0.00000,0.04847,-0.01645,75.58,75.00,0.1483,16,37.45,1
27.1054,438,-0.02246,0.04986,-0.08626,78.02,78.00,0.1409,18,37.91,1
27.1676,439,0.00000,0.36494,-0.03095,76.08,76.00,0.1468,14,38.02,1
27.2329,440,0.00000,0.64717,0.01755,74.74,74.00,0.1482,14,37.91,1
27.2958,441,0.00000,0.67966,-0.01578,75.55,75.00,0.1483,15,36.82,1
27.3563,442,0.00000,0.62768,-0.01656,75.58,75.00,0.1483,15,35.78,1
27.4244,443,0.00000,0.65314,-0.07497,77.62,77.00,0.1421,13,35.80,1
27.4864,444,0.00000,0.76575,-0.08499,77.97,77.00,0.1411,14,35.75,1
27.5463,445,-0.03616,0.83618,-0.15048,80.27,80.00,0.1342,14,36.69,1
27.6069,446,0.00000,0.81278,-0.05031,76.76,76.00,0.1447,15,37.07,1
27.6693,447,-0.03429,0.63248,-0.12306,79.31,79.00,0.1371,15,37.07,1
27.7354,448,-0.04481,0.35393,-0.14619,80.12,80.00,0.1347,14,36.38,1
27.7942,449,-0.03300,0.55445,-0.08962,78.14,78.00,0.1406,14,36.12,1
27.8531,450,0.00000,0.68212,-0.01067,75.37,75.00,0.1489,14,35.74,1
27.9125,451,-0.02356,0.42618,-0.06518,77.28,77.00,0.1432,13,34.56,1
27.9727,452,0.00000,0.44232,-0.02539,75.89,75.00,0.1473,15,37.04,1
28.0315,453,0.00000,0.40387,-0.04374,76.53,76.00,0.1454,17,37.73,1
28.0892,454,0.00000,0.24981,-0.04337,76.52,76.00,0.1454,17,37.86,1
28.1479,455,0.00000,0.29850,0.00453,74.93,74.00,0.1495,17,37.78,1
28.2087,456,0.02170,0.29590,0.06571,74.01,74.00,0.1431,17,37.80,1
28.2683,457,0.00000,0.23486,0.00174,74.97,74.00,0.1498,16,37.40,1
28.3283,458,0.00000,0.44127,-0.03696,76.29,76.00,0.1461,16,37.47,1
28.3916,459,0.00000,0.71153,-0.06074,77.13,77.00,0.1436,14,38.32,1
28.4520,460,-0.02901,0.37662,-0.15470,80.41,80.00,0.1338,16,38.15,1
28.5166,461,-0.07324,0.05384,-0.28491,84.97,84.00,0.1201,13,37.84,1
28.5891,462,-0.07750,0.29717,-0.24441,83.55,83.00,0.1243,12,37.58,1
28.6539,463,-0.04039,0.12859,-0.08135,77.85,77.00,0.1415,13,37.84,1
28.7220,464,0.00000,0.08700,0.01283,74.81,74.00,0.1487,10,38.18,1
28.7845,465,0.00000,0.36864,0.01885,74.72,74.00,0.1480,10,39.15,1
28.8457,466,0.00000,0.21437,0.03792,74.43,74.00,0.1460,12,38.89,1
28.9047,467,0.02700,0.11730,0.08073,73.79,73.00,0.1415,12,39.77,1
28.9681,468,0.02983,-0.01287,0.05769,74.13,74.00,0.1439,12,39.89,1
29.0288,469,0.04624,0.01129,0.09080,73.64,73.00,0.1405,12,40.40,1
29.0910,470,0.06178,-0.22179,0.11554,73.27,73.00,0.1379,12,40.93,1
29.1509,471,0.08702,-0.44915,0.17258,72.41,72.00,0.1319,13,41.69,1
29.2114,472,0.06606,-0.76380,0.05838,74.12,74.00,0.1439,11,40.67,1
29.2695,473,0.06100,-0.96714,0.02813,74.58,74.00,0.1470,9,40.75,1
29.3287,474,0.05836,-1.08710,0.01373,74.79,74.00,0.1486,8,41.88,1
29.3919,475,0.03353,-0.70772,-0.07490,77.62,77.00,0.1421,10,42.16,1
29.4545,476,0.00000,-0.51794,-0.12164,79.26,79.00,0.1372,13,42.41,1
29.5141,477,0.00000,-0.42801,-0.11175,78.91,78.00,0.1383,15,42.15,1
29.5812,478,0.00000,-0.61813,-0.13773,79.82,79.00,0.1355,13,43.78,1
29.6407,479,0.00000,-0.32134,-0.09118,78.19,78.00,0.1404,14,43.54,1
29.7004,480,0.02438,-0.21327,-0.00603,75.21,75.00,0.1494,15,43.76,1
29.7600,481,0.05101,-0.12621,0.08290,73.76,73.00,0.1413,15,43.53,1
29.8168,482,0.06045,-0.14236,0.09470,73.58,73.00,0.1401,14,44.02,1
29.8760,483,0.06665,-0.00552,0.09373,73.59,73.00,0.1402,14,44.39,1
29.9390,484,0.05254,-0.09571,0.02237,74.66,74.00,0.1477,14,44.76,1
30.0020,485,0.04298,-0.23397,-0.01490,75.52,75.00,0.1484,14,44.70,1
30.0664,486,0.04325,-0.36951,-0.00886,75.31,75.00,0.1491,14,45.18,1
30.1240,487,0.03524,-0.52991,-0.03348,76.17,76.00,0.1465,16,45.72,1
30.1827,488,0.04814,-0.77835,0.02004,74.70,74.00,0.1479,15,46.90,1
30.2412,489,0.07399,-0.66808,0.10791,73.38,73.00,0.1387,16,47.75,1
30.2978,490,0.08634,-0.65378,0.13161,73.03,73.00,0.1362,14,47.35,1
30.3567,491,0.07424,-0.66627,0.06507,74.02,74.00,0.1432,18,46.68,1
30.4163,492,0.06470,-0.46079,0.02374,74.64,74.00,0.1475,20,46.11,1
30.4763,493,0.05641,-0.21869,-0.00339,75.12,75.00,0.1496,22,45.89,1
30.5352,494,0.03983,-0.03387,-0.05380,76.88,76.00,0.1444,21,45.50,1
30.5957,495,0.00000,-0.02996,-0.16545,80.79,80.00,0.1326,21,45.50,1
30.6549,496,0.00000,0.08631,-0.15233,80.33,80.00,0.1340,20,44.79,1
30.7112,497,0.00000,-0.04857,-0.06332,77.22,77.00,0.1434,19,44.75,1
30.7695,498,0.02165,-0.06611,-0.01561,75.55,75.00,0.1484,17,44.23,1
30.8289,499,0.00000,0.05251,-0.04398,76.54,76.00,0.1454,18,43.72,1
30.8925,500,-0.02060,0.06993,-0.15620,80.47,80.00,0.1336,17,42.85,1
30.9552,501,-0.03157,0.16045,-0.16210,80.67,80.00,0.1330,15,42.28,1
31.0148,502,-0.07181,0.17387,-0.27268,84.54,84.00,0.1214,17,42.77,1
31.0727,503,-0.07379,0.42111,-0.23141,83.10,83.00,0.1257,14,43.33,1
31.1318,504,-0.06371,0.72180,-0.15808,80.53,80.00,0.1334,15,43.28,1
31.1921,505,-0.06364,0.74431,-0.13863,79.85,79.00,0.1354,15,43.04,1
31.2540,506,-0.05221,0.57560,-0.08502,77.98,77.00,0.1411,17,43.34,1
31.3123,507,-0.05993,0.41458,-0.11168,78.91,78.00,0.1383,17,44.46,1
31.3719,508,-0.06680,0.15680,-0.13014,79.56,79.00,0.1363,17,44.49,1
31.4339,509,-0.03375,-0.07085,-0.00523,75.18,75.00,0.1495,16,44.37,1
31.4937,510,-0.02756,-0.28889,-0.00204,75.07,75.00,0.1498,15,42.65,1
31.5517,511,0.00000,-0.10057,0.10205,73.47,73.00,0.1393,15,42.27,1
31.6099,512,0.03774,-0.32939,0.17067,72.44,72.00,0.1321,14,40.80,1
31.6711,513,0.04469,-0.52152,0.14418,72.84,72.00,0.1349,13,39.44,1
31.7295,514,0.04779,-0.72403,0.11590,73.26,73.00,0.1378,12,38.40,1
31.7883,515,0.03572,-0.88007,0.04321,74.35,74.00,0.1455,12,37.34,1
31.8456,516,0.02698,-0.73395,-0.00028,75.01,75.00,0.1500,13,36.36,1
31.9036,517,0.00000,-0.84145,-0.10395,78.64,78.00,0.1391,13,35.99,1
31.9589,518,0.00000,-0.62103,-0.09382,78.28,78.00,0.1401,14,35.49,1
32.0165,519,-0.02264,-0.48851,-0.14348,80.02,80.00,0.1349,13,36.46,1
32.0748,520,0.00000,-0.21262,-0.06043,77.11,77.00,0.1437,12,35.13,1
32.1336,521,-0.02423,0.14813,-0.11725,79.10,79.00,0.1377,11,34.94,1
32.1931,522,0.00000,-0.11336,-0.05510,76.93,76.00,0.1442,13,35.09,1
32.2525,523,0.00000,-0.47115,-0.02661,75.93,75.00,0.1472,12,37.25,1
32.3125,524,-0.03501,-0.73953,-0.13530,79.74,79.00,0.1358,12,38.91,1
32.3720,525,-0.03235,-0.92222,-0.10706,78.75,78.00,0.1388,10,39.92,1
32.4315,526,-0.06284,-1.03437,-0.20287,82.10,82.00,0.1287,10,40.58,1
32.4912,527,-0.08462,-1.09299,-0.24910,83.72,83.00,0.1238,10,42.78,1
32.5511,528,-0.10227,-0.58554,-0.27371,84.58,84.00,0.1213,9,45.01,1
32.6131,529,-0.08426,-0.33351,-0.17044,80.97,80.00,0.1321,12,45.07,1
32.6722,530,-0.09824,-0.29876,-0.20611,82.21,82.00,0.1284,13,47.93,1
32.7307,531,-0.09937,-0.12469,-0.19087,81.68,81.00,0.1300,13,48.78,1
32.7908,532,-0.10273,-0.06353,-0.18846,81.60,81.00,0.1302,14,49.54,1
32.8525,533,-0.07993,-0.42213,-0.09598,78.36,78.00,0.1399,11,51.62,1
32.9139,534,-0.05810,-0.28773,-0.02869,76.00,76.00,0.1470,13,52.19,1
32.9781,535,-0.05418,-0.46688,-0.03912,76.37,76.00,0.1459,11,52.84,1
33.0405,536,-0.05323,-0.62819,-0.05544,76.94,76.00,0.1442,10,54.25,1
33.1018,537,-0.05388,-0.82414,-0.07245,77.54,77.00,0.1424,9,54.43,1
33.1642,538,-0.08307,-0.79697,-0.18459,81.46,81.00,0.1306,7,55.83,1
33.2263,539,-0.11154,-0.23830,-0.26977,84.44,84.00,0.1217,7,56.75,1
33.2858,540,-0.09863,-0.11291,-0.19559,81.85,81.00,0.1295,5,56.75,1
33.3443,541,-0.19204,0.09551,-0.51191,92.92,89.00,0.0962,5,56.75,1
33.4021,542,-0.18884,-0.08169,-0.42751,89.96,89.00,0.1051,6,56.75,1
33.4591,543,-0.19895,-0.28020,-0.41363,89.48,89.00,0.1066,8,56.75,1
33.5170,544,-0.21661,-0.29941,-0.39112,88.69,88.00,0.0000,1,56.75,0
33.5761,545,-0.23274,-0.31695,-0.36865,87.90,87.00,0.0000,0,56.75,0
33.6329,546,-0.24677,-0.33221,-0.34661,87.13,87.00,0.0000,1,56.75,0
33.6912,547,-0.25969,-0.34627,-0.33197,86.62,86.00,0.0000,1,56.75,0
33.7534,548,0.25497,0.69961,1.00000,60.00,78.00,0.0450,5,56.75,1
33.8118,549,0.17874,0.94728,0.63301,65.50,70.00,0.0835,4,60.78,1
33.8704,550,0.18665,1.07391,0.54747,66.79,66.00,0.0925,5,60.78,1
33.9281,551,0.20430,1.13855,0.51126,67.33,67.00,0.0963,8,58.50,1
33.9920,552,0.23501,1.16359,0.52615,67.11,67.00,0.0948,7,56.31,1
34.0623,553,0.23147,1.15404,0.41760,68.74,68.00,0.1062,9,54.18,1
34.1262,554,0.25108,1.12178,0.43360,68.50,68.00,0.1045,7,53.16,1
34.1967,555,0.22159,1.08790,0.27791,70.83,70.00,0.1208,12,52.63,1
34.2592,556,0.25212,1.05680,0.37379,69.39,69.00,0.1108,6,51.77,1
34.3297,557,0.25880,1.03203,0.36649,69.50,69.00,0.1115,4,51.77,1
34.3971,558,0.20365,1.01427,0.15523,72.67,72.00,0.1337,9,57.19,1
34.4617,559,0.15305,1.00301,0.00919,74.86,74.00,0.1490,11,57.55,1
34.5329,560,0.14307,0.90852,0.03798,74.43,74.00,0.1460,11,56.82,1
34.5975,561,0.14099,0.77193,0.07865,73.82,73.00,0.1417,13,56.13,1
34.6653,562,0.12780,0.69373,0.07229,73.92,73.00,0.1424,12,56.20,1
34.7361,563,0.12314,0.64178,0.09499,73.58,73.00,0.1400,11,55.43,1
34.8003,564,0.10665,0.77667,0.06650,74.00,74.00,0.1430,9,56.43,1
34.8618,565,0.10289,0.69687,0.08521,73.72,73.00,0.1411,12,54.49,1
34.9261,566,0.12218,0.69517,0.17904,72.31,72.00,0.1312,18,52.54,1
34.9877,567,0.10621,0.79619,0.12835,73.07,73.00,0.1365,19,52.12,1
35.0542,568,0.08958,0.84168,0.08782,73.68,73.00,0.1408,19,51.93,1
35.1220,569,0.09650,0.74274,0.13761,72.94,72.00,0.1356,21,51.33,1
35.1852,570,0.06567,0.76715,0.04338,74.35,74.00,0.1454,21,50.50,1
35.2494,571,0.06642,0.68224,0.07849,73.82,73.00,0.1418,22,50.06,1
35.3197,572,0.05891,0.61632,0.07717,73.84,73.00,0.1419,25,49.83,1
35.3842,573,0.06122,0.60742,0.10641,73.40,73.00,0.1388,23,49.14,1
35.4536,574,0.06312,0.60104,0.12754,73.09,73.00,0.1366,22,49.20,1
35.5279,575,0.06858,0.60042,0.15550,72.67,72.00,0.1337,19,47.90,1
35.5905,576,0.08625,0.64038,0.21768,71.73,71.00,0.1271,19,46.58,1
35.6542,577,0.11240,0.46628,0.29657,70.55,70.00,0.1189,20,45.54,1
35.7167,578,0.11574,0.56521,0.28190,70.77,70.00,0.1204,18,44.39,1
35.7840,579,0.11284,0.53521,0.25024,71.25,71.00,0.1237,17,43.48,1
35.8567,580,0.11121,0.63308,0.23200,71.52,71.00,0.1256,18,42.56,1
35.9330,581,0.07408,0.39352,0.10016,73.50,73.00,0.1395,16,41.51,1
35.9984,582,0.03790,0.31507,0.00197,74.97,74.00,0.1498,17,40.41,1
36.0684,583,0.00000,0.13896,-0.03479,76.22,76.00,0.1463,16,40.67,1
36.1328,584,0.00000,0.07724,0.01003,74.85,74.00,0.1489,18,40.66,1
36.1983,585,0.03275,0.09011,0.10809,73.38,73.00,0.1387,16,39.96,1
36.2687,586,0.02484,-0.07212,0.09299,73.61,73.00,0.1402,17,39.01,1
36.3314,587,0.02139,-0.11520,0.09439,73.58,73.00,0.1401,20,39.19,1
36.3937,588,0.00000,-0.09782,0.07586,73.86,73.00,0.1420,21,38.85,1
36.4589,589,0.02122,-0.06817,0.11804,73.23,73.00,0.1376,21,38.63,1
36.5221,590,0.00000,-0.15446,0.07453,73.88,73.00,0.1422,21,38.30,1
36.5915,591,0.00000,-0.22066,0.08656,73.70,73.00,0.1409,20,37.62,1
36.6540,592,0.02314,-0.24127,0.15175,72.72,72.00,0.1341,18,36.82,1
36.7203,593,0.03211,-0.32405,0.17852,72.32,72.00,0.1313,14,36.30,1
36.7898,594,0.00000,-0.49731,0.09970,73.50,73.00,0.1395,13,36.05,1
36.8535,595,0.00000,-0.62282,0.11356,73.30,73.00,0.1381,13,35.79,1
36.9161,596,0.00000,-0.84763,0.08111,73.78,73.00,0.1415,9,34.71,1
36.9839,597,-0.07648,-0.99577,-0.18892,81.61,81.00,0.1302,5,34.71,1
37.0521,598,-0.06042,-1.07528,-0.06014,77.10,77.00,0.1437,4,33.54,1
37.1267,599,-0.04839,-1.10907,0.02099,74.69,74.00,0.1478,4,32.79,1
37.2019,600,-0.02234,-1.10772,0.12514,73.12,73.00,0.1369,4,32.79,1
37.2655,601,-0.02551,-1.08681,0.10452,73.43,73.00,0.1390,8,31.81,1
37.3335,602,0.00000,-1.06518,0.15590,72.66,72.00,0.1336,6,33.23,1
37.3972,603,0.00000,-0.98994,0.13433,72.99,72.00,0.1359,8,32.65,1
37.4641,604,0.00000,-0.72359,0.17970,72.30,72.00,0.1311,11,32.44,1
37.5283,605,0.03463,-0.43132,0.26528,71.02,71.00,0.1221,13,32.00,1
37.5963,606,0.03574,-0.24737,0.23119,71.53,71.00,0.1257,13,32.10,1
37.6664,607,0.02769,-0.08229,0.17589,72.36,72.00,0.1315,14,32.14,1
37.7308,608,0.03683,0.08412,0.19644,72.05,72.00,0.1294,13,33.42,1
37.7930,609,0.03882,0.12558,0.18957,72.16,72.00,0.1301,14,33.42,1
37.8556,610,0.04727,0.28782,0.20774,71.88,71.00,0.1282,10,33.42,1
37.9212,611,0.06736,0.35198,0.26289,71.06,71.00,0.1224,10,33.42,1
37.9938,612,0.07042,0.44601,0.24581,71.31,71.00,0.1242,12,33.42,1
38.0597,613,0.06672,0.36156,0.21492,71.78,71.00,0.1274,12,33.42,1
38.1241,614,0.07415,0.28638,0.23114,71.53,71.00,0.1257,12,33.42,1
38.1874,615,0.06379,0.27118,0.18400,72.24,72.00,0.1307,12,33.42,1
38.2545,616,0.06009,0.15338,0.17133,72.43,72.00,0.1320,15,31.88,1
38.3273,617,0.07183,0.20108,0.21530,71.77,71.00,0.1274,16,33.49,1
38.4090,618,0.06975,0.15624,0.20092,71.99,71.00,0.1289,17,34.99,1
38.4782,619,0.07069,0.14916,0.20240,71.96,71.00,0.1287,14,36.39,1
38.5454,620,0.05299,0.01321,0.14115,72.88,72.00,0.1352,16,39.45,1
38.6175,621,0.04617,0.02967,0.13174,73.02,73.00,0.1362,17,40.31,1
38.6830,622,0.03278,-0.01037,0.09984,73.50,73.00,0.1395,15,40.31,1
38.7489,623,0.02001,-0.06213,0.07615,73.86,73.00,0.1420,13,40.31,1
38.8166,624,0.03836,0.02867,0.16395,72.54,72.00,0.1328,14,40.31,1
38.8841,625,0.05736,0.19389,0.23189,71.52,71.00,0.1257,13,45.98,1
38.9511,626,0.04112,0.35748,0.16356,72.55,72.00,0.1328,14,51.23,1
39.0307,627,0.00000,0.32835,0.05939,74.11,74.00,0.1438,13,56.11,1
39.0979,628,0.00000,0.38576,0.06560,74.02,74.00,0.1431,13,56.11,1
39.1665,629,0.00000,0.40545,0.05396,74.19,74.00,0.1443,13,58.80,1
39.2376,630,0.00000,0.43235,0.09139,73.63,73.00,0.1404,15,60.99,1
39.3018,631,0.00000,0.46107,0.14780,72.78,72.00,0.1345,16,57.74,1
39.3649,632,0.00000,0.29046,0.14914,72.76,72.00,0.1343,14,57.12,1
39.4290,633,0.00000,0.15162,0.15514,72.67,72.00,0.1337,17,53.81,1
39.4983,634,0.00000,0.00094,0.08749,73.69,73.00,0.1408,16,51.03,1
39.5722,635,0.00000,-0.08197,0.11340,73.30,73.00,0.1381,14,48.32,1
39.6389,636,0.02705,-0.16449,0.22496,71.63,71.00,0.1264,17,46.84,1
39.7044,637,0.02210,-0.12827,0.18994,72.15,72.00,0.1301,18,45.21,1
39.7698,638,0.02184,0.12049,0.18011,72.30,72.00,0.1311,19,44.54,1
39.8368,639,0.03091,0.21135,0.20542,71.92,71.00,0.1284,19,44.53,1
39.8985,640,0.05218,0.15614,0.26869,70.97,70.00,0.1218,18,43.80,1
39.9610,641,0.07331,0.06247,0.31901,70.21,70.00,0.1165,17,43.26,1
40.0263,642,0.07610,-0.07349,0.29408,70.59,70.00,0.1191,15,42.48,1
40.0968,643,0.09419,-0.23667,0.32803,70.08,70.00,0.1156,14,41.32,1
40.1695,644,0.07666,-0.07979,0.23406,71.49,71.00,0.1254,11,39.68,1
40.2341,645,0.05658,0.36014,0.15875,72.62,72.00,0.1333,13,38.43,1
40.2969,646,0.00000,0.57301,0.00163,74.98,74.00,0.1498,11,37.52,1
40.3655,647,-0.04178,0.70812,-0.12308,79.31,79.00,0.1371,13,37.49,1
40.4373,648,-0.05819,0.76192,-0.10365,78.63,78.00,0.1391,17,37.99,1
40.4988,649,0.00000,0.51404,0.15850,72.62,72.00,0.1334,19,41.48,1
40.5610,650,0.11303,-0.01833,0.53588,66.96,66.00,0.0937,19,42.18,1
40.6281,651,0.19843,-0.33227,0.73746,63.94,63.00,0.0726,21,43.21,1
40.6936,652,0.22803,-0.45529,0.70754,64.39,64.00,0.0757,22,43.99,1
40.7602,653,0.22818,-0.60717,0.59431,66.09,66.00,0.0876,20,44.84,1
40.8304,654,0.21560,-0.61852,0.46803,67.98,67.00,0.1009,21,45.89,1
40.8987,655,0.19787,-0.64652,0.36396,69.54,69.00,0.1118,20,47.40,1
40.9690,656,0.16782,-0.59182,0.24583,71.31,71.00,0.1242,22,48.90,1
41.0415,657,0.11339,-0.32687,0.07623,73.86,73.00,0.1420,24,50.47,1
41.1100,658,0.05237,-0.02739,-0.07845,77.75,77.00,0.1418,26,51.34,1
41.1791,659,0.00000,0.25940,-0.16215,80.68,80.00,0.1330,27,52.42,1
41.2433,660,-0.05306,0.49255,-0.26100,84.13,84.00,0.1226,27,54.24,1
41.3177,661,-0.07900,0.58030,-0.22798,82.98,82.00,0.1261,25,56.46,1
41.4011,662,-0.17113,0.76431,-0.42771,89.97,89.00,0.1051,27,58.44,1
41.4698,663,-0.20269,0.83951,-0.40858,89.30,89.00,0.1071,23,60.93,1
41.5365,664,-0.21482,0.70556,-0.34317,87.01,87.00,0.1140,27,63.13,1
41.6101,665,-0.17747,0.50584,-0.12640,79.42,79.00,0.1367,21,64.69,1
41.6763,666,-0.18940,0.54496,-0.14237,79.98,79.00,0.1351,24,66.63,1
41.7520,667,-0.19486,0.52876,-0.13269,79.64,79.00,0.1361,23,67.88,1
41.8314,668,-0.13052,0.13526,0.10565,73.42,73.00,0.1389,20,68.88,1
41.9018,669,-0.14099,0.42751,0.03232,74.52,74.00,0.1466,21,69.85,1
41.9711,670,-0.12273,0.45752,0.07483,73.88,73.00,0.1421,20,70.96,1
42.0452,671,-0.11457,0.29699,0.07246,73.91,73.00,0.1424,23,71.32,1
42.1130,672,-0.11214,0.43474,0.05531,74.17,74.00,0.1442,19,71.03,1
42.1820,673,-0.11852,0.45284,0.01272,74.81,74.00,0.1487,21,71.60,1
42.2486,674,-0.15117,0.71839,-0.10872,78.81,78.00,0.1386,16,73.38,1
42.3116,675,-0.13984,0.50735,-0.05354,76.87,76.00,0.1444,19,74.06,1
42.3760,676,-0.13743,0.47767,-0.04274,76.50,76.00,0.1455,14,74.02,1
42.4416,677,-0.13787,0.43447,-0.04538,76.59,76.00,0.1452,21,74.95,1
42.5084,678,-0.16415,0.51342,-0.13765,79.82,79.00,0.1355,18,75.19,1
42.5759,679,-0.14905,0.51757,-0.06714,77.35,77.00,0.1430,19,75.95,1
42.6519,680,-0.10443,0.42358,0.08446,73.73,73.00,0.1411,15,76.76,1
42.7161,681,-0.10264,0.50275,0.05716,74.14,74.00,0.1440,20,76.20,1
42.7814,682,-0.10469,0.45768,0.02357,74.65,74.00,0.1475,21,75.75,1
42.8480,683,-0.10258,0.40840,0.01278,74.81,74.00,0.1487,17,75.42,1
42.9236,684,-0.08006,0.20268,0.07314,73.90,73.00,0.1423,17,74.57,1
42.9915,685,-0.07302,0.15066,0.06925,73.96,73.00,0.1427,18,74.87,1
43.0585,686,-0.08916,0.12302,-0.01068,75.37,75.00,0.1489,18,75.26,1
43.1291,687,-0.08964,0.01701,-0.01816,75.64,75.00,0.1481,16,75.55,1
43.2022,688,-0.12301,0.08078,-0.13609,79.76,79.00,0.1357,15,76.31,1
43.2678,689,-0.11767,-0.03557,-0.09672,78.39,78.00,0.1398,15,77.22,1
43.3365,690,-0.08547,-0.09610,0.02384,74.64,74.00,0.1475,15,78.74,1
43.4036,691,-0.07355,-0.09484,0.04639,74.30,74.00,0.1451,15,79.59,1
43.4652,692,-0.07951,-0.17371,0.00480,74.93,74.00,0.1495,15,80.48,1
43.5258,693,-0.12972,0.12811,-0.18046,81.32,81.00,0.1311,13,80.91,1
43.5895,694,-0.08953,-0.05009,-0.01105,75.39,75.00,0.1488,6,84.55,1
43.6492,695,-0.08936,0.09787,-0.02067,75.72,75.00,0.1478,14,85.22,1
43.7081,696,-0.10729,0.30855,-0.09171,78.21,78.00,0.1404,13,85.81,1
43.7650,697,-0.11223,0.29291,-0.10267,78.59,78.00,0.1392,19,85.77,1
43.8226,698,-0.11042,0.33979,-0.08863,78.10,78.00,0.1407,16,86.30,1
43.8814,699,-0.11754,0.44842,-0.11013,78.85,78.00,0.1384,16,86.33,1
43.9388,700,-0.09297,0.26322,-0.01625,75.57,75.00,0.1483,17,86.67,1
43.9970,701,-0.06928,0.13232,0.05414,74.19,74.00,0.1443,16,87.57,1
44.0572,702,-0.05729,0.19471,0.06827,73.98,73.00,0.1428,17,88.39,1
44.1193,703,-0.03456,0.00093,0.11793,73.23,73.00,0.1376,15,89.28,1
44.1789,704,0.00000,-0.20564,0.16870,72.47,72.00,0.1323,15,90.22,1
44.2392,705,0.00000,-0.42963,0.18180,72.27,72.00,0.1309,14,90.98,1
44.3057,706,0.00000,-0.54245,0.13893,72.92,72.00,0.1354,14,91.41,1
44.3678,707,0.00000,-0.52642,0.11249,73.31,73.00,0.1382,15,91.49,1
44.4310,708,0.00000,-0.51397,0.04604,74.31,74.00,0.1452,15,91.18,1
44.4915,709,0.00000,-0.57466,0.03281,74.51,74.00,0.1466,16,90.89,1
44.5557,710,0.00000,-0.45748,0.07959,73.81,73.00,0.1416,19,90.23,1
44.6162,711,0.00000,-0.43888,0.06419,74.04,74.00,0.1433,18,90.17,1
44.6795,712,0.00000,-0.63204,0.04946,74.26,74.00,0.1448,17,90.50,1
44.7481,713,0.00000,-0.65774,0.01078,74.84,74.00,0.1489,18,89.45,1
44.8138,714,0.00000,-0.71678,-0.05518,76.93,76.00,0.1442,16,91.16,1
44.8780,715,-0.03751,-0.58328,-0.11186,78.92,78.00,0.1383,17,90.42,1
44.9446,716,-0.06293,-0.24657,-0.16985,80.94,80.00,0.1322,15,89.78,1
45.0086,717,-0.10447,-0.13091,-0.27496,84.62,84.00,0.1211,12,89.78,1
45.0718,718,-0.07158,-0.14379,-0.10445,78.66,78.00,0.1390,22,84.66,1
45.1336,719,-0.02985,-0.14459,0.05525,74.17,74.00,0.1442,19,81.05,1
45.1944,720,0.00000,-0.18283,0.16539,72.52,72.00,0.1326,20,80.78,1
45.2558,721,0.02390,-0.26570,0.17750,72.34,72.00,0.1314,18,83.47,1
45.3162,722,0.06588,-0.33845,0.28319,70.75,70.00,0.1203,21,83.02,1
45.3837,723,0.07482,-0.34060,0.24882,71.27,71.00,0.1239,22,82.95,1
45.4561,724,0.07841,-0.28002,0.20573,71.91,71.00,0.1284,17,79.76,1
45.5367,725,0.05415,-0.20841,0.08221,73.77,73.00,0.1414,13,79.76,1
45.6061,726,0.06809,-0.20218,0.12529,73.12,73.00,0.1368,15,79.76,1
45.6695,727,0.07519,-0.26614,0.13761,72.94,72.00,0.1356,17,79.76,1
45.7339,728,0.10968,-0.19360,0.24267,71.36,71.00,0.1245,16,79.76,1
45.8023,729,0.09155,0.13472,0.14347,72.85,72.00,0.1349,5,79.76,1
45.8652,730,0.10255,-0.01480,0.17255,72.41,72.00,0.1319,20,78.21,1
45.9273,731,0.00000,0.29149,-0.15080,80.28,80.00,0.1342,12,76.19,1
45.9987,732,-0.03035,0.54327,-0.24084,83.43,83.00,0.1247,12,73.67,1
46.0598,733,-0.04006,0.69451,-0.20519,82.18,82.00,0.1285,13,72.26,1
46.1199,734,-0.02025,0.50666,-0.08108,77.84,77.00,0.1415,16,70.95,1
46.1816,735,0.04717,0.13890,0.18061,72.29,72.00,0.1310,24,69.93,1
46.2453,736,0.02618,0.23023,0.07490,73.88,73.00,0.1421,13,69.54,1
46.3089,737,0.07725,-0.09901,0.24637,71.30,71.00,0.1241,19,66.29,1
46.3698,738,0.07555,-0.23340,0.19909,72.01,72.00,0.1291,20,65.10,1
46.4322,739,0.12377,-0.44464,0.33904,69.91,69.00,0.1144,15,64.34,1
46.4932,740,0.05594,0.12037,0.04820,74.28,74.00,0.1449,5,64.34,1
46.5554,741,0.10666,0.04599,0.23758,71.44,71.00,0.1251,15,66.07,1
46.6221,742,0.06254,0.18272,0.05299,74.21,74.00,0.1444,14,65.20,1
46.6924,743,0.06262,0.04916,0.06843,73.97,73.00,0.1428,16,65.07,1
46.7569,744,0.04063,-0.22072,0.00260,74.96,74.00,0.1497,13,66.02,1
46.8199,745,0.03207,-0.57344,-0.00375,75.13,75.00,0.1496,13,66.78,1
46.8804,746,-0.04908,-0.85037,-0.26289,84.20,83.00,0.1224,12,66.81,1
46.9435,747,-0.06395,-0.47878,-0.23698,83.29,83.00,0.1251,11,69.19,1
47.0051,748,-0.09697,0.08806,-0.28812,85.08,85.00,0.1197,11,69.37,1
47.0695,749,-0.16263,-0.32400,-0.44425,90.55,90.00,0.1034,8,69.37,1
47.1365,750,-0.20889,-0.55785,-0.50167,92.56,92.00,0.0973,7,75.43,1
47.1999,751,-0.16719,-0.78401,-0.25706,84.00,84.00,0.1230,8,79.39,1
47.2640,752,-0.06448,-0.95049,0.13657,72.95,76.00,0.1357,11,79.00,1
47.3304,753,0.03759,-0.57141,0.43539,68.47,68.00,0.1043,14,78.69,1
47.3925,754,0.16904,-0.75721,0.78075,63.29,63.00,0.0680,10,79.04,1
47.4566,755,0.24549,-0.89127,0.86714,61.99,61.00,0.0590,13,77.62,1
47.5210,756,0.27477,-0.97921,0.78654,63.20,63.00,0.0674,14,76.67,1
47.5846,757,0.23573,-0.72142,0.50543,67.42,67.00,0.0969,16,76.83,1
47.6495,758,0.13652,-0.23139,0.08903,73.66,73.00,0.1407,16,78.62,1
47.7164,759,-0.04257,0.43504,-0.50172,92.56,81.00,0.0973,12,79.15,1
47.7807,760,-0.03385,0.55795,-0.31754,86.11,86.00,0.1167,11,81.04,1
47.8485,761,-0.07410,0.90808,-0.35067,87.27,87.00,0.1132,5,77.44,1
47.9205,762,0.00000,0.72421,-0.00032,75.01,79.00,0.1500,4,74.89,1
47.9860,763,0.03095,0.14320,0.13233,73.02,73.00,0.1361,6,72.50,1
48.0535,764,0.00000,0.50142,-0.02821,75.99,75.00,0.1470,4,72.50,1
48.1188,765,-0.02362,0.55388,-0.06438,77.25,77.00,0.0000,2,72.50,0
48.1895,766,-0.03242,0.60504,-0.08929,78.13,78.00,0.0000,1,72.50,0
48.2556,767,-0.07437,0.90483,-0.19587,81.86,81.00,0.1294,6,72.50,1
48.3189,768,-0.02041,1.00239,-0.00468,75.16,75.00,0.1495,7,78.45,1
48.3848,769,0.14380,0.08997,0.51941,67.21,67.00,0.0955,3,78.45,1
48.4480,770,0.18964,-0.50712,0.56334,66.55,66.00,0.0908,5,78.45,1
48.5150,771,0.11005,-0.13464,0.16777,72.48,72.00,0.1324,5,78.45,1
48.5874,772,0.05582,0.35772,-0.03929,76.38,76.00,0.1459,6,78.45,1
48.6509,773,0.03418,0.25681,-0.08411,77.94,77.00,0.1412,6,78.45,1
48.7159,774,0.00000,0.22280,-0.19816,81.94,81.00,0.1292,13,77.81,1
48.7863,775,0.00000,-0.35292,-0.10012,78.50,78.00,0.1395,8,79.98,1
48.8515,776,0.02628,-0.74313,0.02800,74.58,74.00,0.1471,6,79.35,1
48.9157,777,0.09338,-0.98742,0.26127,71.08,71.00,0.1226,6,84.91,1
48.9803,778,0.10742,-0.19815,0.26086,71.09,71.00,0.1226,6,84.91,1
49.0455,779,0.11641,-0.33909,0.24772,71.28,71.00,0.1240,7,84.91,1
49.1074,780,0.15944,-0.63433,0.36182,69.57,69.00,0.1120,6,84.91,1
49.1695,781,0.17036,-0.84382,0.34335,69.85,69.00,0.1139,7,84.91,1
49.2321,782,0.16807,-0.97951,0.28839,70.67,70.00,0.1197,7,86.87,1
49.2956,783,0.14309,-1.05731,0.17082,72.44,72.00,0.1321,7,84.78,1
49.3632,784,0.14368,-1.09421,0.17140,72.43,72.00,0.1320,10,83.38,1
49.4268,785,0.10203,-1.09795,0.02712,74.59,74.00,0.1472,5,82.85,1
49.4883,786,0.02590,-1.08670,-0.20560,82.20,82.00,0.1284,5,82.06,1
49.5490,787,-0.05343,-1.06943,-0.40444,89.16,89.00,0.1075,4,82.06,1
49.6086,788,-0.13790,-1.05118,-0.58821,95.59,95.00,0.0882,4,81.46,1
49.6726,789,-0.19978,-1.03450,-0.65390,97.89,97.00,0.0813,4,82.11,1
49.7353,790,-0.17073,-1.02056,-0.40584,89.20,89.00,0.1074,7,82.90,1
49.8041,791,-0.14770,-1.00977,-0.23737,83.31,83.00,0.1251,6,83.01,1
49.8689,792,0.00000,-1.00270,0.26110,71.08,75.00,0.1226,8,82.66,1
49.9366,793,0.04557,-0.27889,0.39078,69.14,69.00,0.1090,7,82.66,1
50.0081,794,0.00000,0.45394,0.09781,73.53,73.00,0.1397,8,82.66,1
50.0758,795,0.00000,0.91985,0.09687,73.55,73.00,0.1398,7,82.66,1
50.1474,796,0.12410,0.21860,0.50542,67.42,67.00,0.0969,6,82.66,1
50.2166,797,0.07605,0.62377,0.22665,71.60,71.00,0.1262,10,82.66,1
50.2986,798,0.05531,0.66005,0.11009,73.35,73.00,0.1384,10,82.66,1
50.3658,799,0.07888,-0.04831,0.18104,72.28,72.00,0.1310,12,83.63,1
50.4326,800,0.13626,-0.56961,0.35315,69.70,69.00,0.1129,13,82.97,1
50.4981,801,0.12581,-0.89558,0.25952,71.11,71.00,0.1228,10,83.72,1
50.5617,802,0.05787,-0.86459,-0.00521,75.18,75.00,0.1495,11,82.20,1
50.6259,803,0.03331,-0.60239,-0.06017,77.11,77.00,0.1437,11,83.61,1
50.6916,804,-0.04591,-0.44926,-0.29372,85.28,85.00,0.1192,12,83.40,1
50.7563,805,-0.10622,0.22741,-0.41409,89.49,89.00,0.1065,8,83.40,1
50.8227,806,-0.17338,0.70535,-0.53635,93.77,93.00,0.0937,7,84.16,1
50.8906,807,-0.20886,0.63879,-0.53125,93.59,93.00,0.0942,10,85.55,1
50.9594,808,-0.18978,0.31143,-0.34802,87.18,87.00,0.1135,12,86.72,1
51.0249,809,-0.12636,0.02580,-0.07152,77.50,79.00,0.1425,13,85.62,1
51.0942,810,-0.04536,-0.40225,0.19776,72.03,72.00,0.1292,14,86.20,1
51.1662,811,0.00000,-0.33008,0.31990,70.20,70.00,0.1164,19,87.11,1
51.2318,812,0.08207,-0.38431,0.46893,67.97,67.00,0.1008,16,88.75,1
51.2968,813,0.05861,-0.20866,0.27636,70.85,70.00,0.1210,19,86.43,1
51.3706,814,0.10903,-0.37964,0.38258,69.26,69.00,0.1098,20,88.82,1
51.4375,815,0.09383,-0.62157,0.25073,71.24,71.00,0.1237,11,92.51,1
51.5028,816,0.04179,-0.60284,0.03147,74.53,74.00,0.1467,17,89.26,1
51.5691,817,-0.06306,-0.37284,-0.31748,86.11,82.00,0.1167,20,87.43,1
51.6324,818,-0.15232,0.06803,-0.54097,93.93,90.00,0.0932,12,85.69,1
51.7010,819,-0.13792,0.19718,-0.35525,87.43,87.00,0.1127,8,86.22,1
51.7726,820,-0.04428,-0.01679,0.04722,74.29,79.00,0.1450,6,87.50,1
51.8389,821,-0.03695,0.44218,0.05111,74.23,74.00,0.1446,7,88.65,1
51.9048,822,-0.12782,0.53887,-0.28086,84.83,82.00,0.1205,15,88.25,1
51.9734,823,-0.10568,0.53241,-0.14851,80.20,80.00,0.1344,8,88.25,1
52.0483,824,-0.07864,0.40056,-0.03483,76.22,76.00,0.1463,6,87.92,1
52.1275,825,-0.06654,0.44384,-0.00409,75.14,75.00,0.1496,11,85.78,1
52.1963,826,0.04840,0.10869,0.36761,69.49,69.00,0.1114,9,85.50,1
52.2623,827,0.04981,-0.46034,0.27667,70.85,70.00,0.1209,6,81.55,1
52.3326,828,0.07878,-0.70500,0.30459,70.43,70.00,0.1180,10,81.10,1
52.3961,829,0.13321,-0.84617,0.42767,68.59,68.00,0.1051,12,79.11,1
52.4623,830,0.13824,-0.83842,0.35593,69.66,69.00,0.1126,11,79.06,1
52.5370,831,0.15159,-0.76025,0.33010,70.05,70.00,0.1153,13,76.55,1
52.6047,832,0.10063,-0.90942,0.10593,73.41,73.00,0.1389,14,75.48,1
52.6682,833,0.07062,-0.74297,0.00738,74.89,74.00,0.1492,14,75.79,1
52.7336,834,0.03296,-0.48013,-0.09586,78.35,78.00,0.1399,15,75.05,1
52.8015,835,0.00000,-0.30483,-0.13616,79.77,79.00,0.1357,14,75.91,1
52.8679,836,-0.03815,0.15635,-0.24097,83.43,83.00,0.1247,7,75.11,1
52.9288,837,-0.07053,0.18596,-0.28606,85.01,85.00,0.1200,16,75.25,1
52.9918,838,-0.05731,0.24223,-0.16702,80.85,80.00,0.1325,19,76.03,1
53.0534,839,-0.02524,0.29327,-0.01494,75.52,75.00,0.1484,20,76.89,1
53.1135,840,0.00000,0.18957,0.04957,74.26,74.00,0.1448,17,77.95,1
53.1726,841,-0.03256,0.11747,-0.04345,76.52,76.00,0.1454,18,77.78,1
53.2327,842,-0.07717,0.22354,-0.18962,81.64,81.00,0.1301,15,78.25,1
53.2931,843,-0.03474,0.15240,-0.00001,75.00,75.00,0.1500,18,77.87,1
53.3568,844,-0.04045,0.17137,-0.02342,75.82,75.00,0.1475,17,78.90,1
53.4174,845,-0.05986,0.27578,-0.08953,78.13,78.00,0.1406,17,79.09,1
53.4832,846,-0.02696,0.15745,0.04136,74.38,74.00,0.1457,21,78.98,1
53.5533,847,0.04066,-0.20011,0.25868,71.12,71.00,0.1228,17,79.18,1
53.6170,848,0.06673,-0.33119,0.28887,70.67,70.00,0.1197,19,79.62,1
53.6797,849,0.11166,-0.35849,0.38364,69.25,69.00,0.1097,19,80.58,1
53.7435,850,0.10451,-0.29121,0.28165,70.78,70.00,0.1204,21,80.53,1
53.8051,851,0.11444,-0.21569,0.27024,70.95,70.00,0.1216,23,81.16,1
53.8700,852,0.08074,-0.11445,0.11168,73.32,73.00,0.1383,22,82.97,1
53.9326,853,0.00000,0.03015,-0.13963,79.89,79.00,0.1353,21,84.19,1
53.9927,854,0.00000,0.11287,-0.09817,78.44,78.00,0.1397,25,86.58,1
54.0573,855,0.03938,0.13688,0.05380,74.19,74.00,0.1444,19,88.90,1
54.1198,856,0.02779,0.01282,0.01757,74.74,74.00,0.1482,16,90.83,1
54.1797,857,0.00000,0.01502,-0.08056,77.82,77.00,0.1415,14,91.62,1
54.2387,858,-0.03642,-0.05299,-0.16374,80.73,80.00,0.1328,7,91.62,1
54.2984,859,-0.04599,0.06730,-0.15139,80.30,80.00,0.1341,14,92.16,1
54.3597,860,-0.07466,-0.23602,-0.21144,82.40,82.00,0.1278,13,91.81,1
54.4211,861,-0.09591,-0.17102,-0.23593,83.26,83.00,0.1252,11,95.08,1
54.4855,862,-0.08731,0.07675,-0.15327,80.36,80.00,0.1339,11,96.77,1
54.5529,863,-0.10995,0.14234,-0.20139,82.05,82.00,0.1289,10,98.35,1
54.6175,864,-0.03611,0.00022,0.08981,73.65,74.00,0.1406,14,101.04,1
54.6806,865,-0.02168,-0.30153,0.10907,73.36,73.00,0.1385,15,104.31,1
54.7460,866,-0.03273,-0.09017,0.03740,74.44,74.00,0.1461,14,107.33,1
54.8090,867,-0.02802,-0.09074,0.03929,74.41,74.00,0.1459,14,109.15,1
54.8732,868,0.03743,-0.44297,0.25214,71.22,71.00,0.1235,22,110.97,1
54.9334,869,0.13912,-0.57346,0.54922,66.76,66.00,0.0923,17,110.97,1
54.9958,870,0.11537,-0.59683,0.34903,69.76,69.00,0.1134,18,113.11,1
55.0678,871,0.02833,-0.18157,-0.02500,75.87,75.00,0.1474,17,114.60,1
55.1335,872,-0.04591,0.09533,-0.25669,83.98,83.00,0.1230,15,114.60,1
55.1990,873,-0.06194,0.41739,-0.23895,83.36,83.00,0.1249,14,106.14,1
55.2653,874,-0.12953,0.45640,-0.40811,89.28,89.00,0.1071,12,106.14,1
55.3278,875,-0.09838,0.61507,-0.21066,82.37,82.00,0.1279,11,100.52,1
55.3940,876,-0.05825,0.72648,-0.03011,76.05,76.00,0.1468,11,94.07,1
55.4612,877,-0.12961,0.66502,-0.27885,84.76,84.00,0.1207,11,90.66,1
55.5234,878,-0.06329,0.71099,-0.00018,75.01,76.00,0.1500,11,90.66,1
55.5915,879,0.00000,0.51783,0.18163,72.28,72.00,0.1309,11,90.66,1
55.6662,880,0.00000,-0.05297,0.15293,72.71,72.00,0.1339,11,90.66,1
55.7307,881,0.06839,-0.59305,0.33604,69.96,69.00,0.1147,11,90.66,1
55.7905,882,0.09520,-0.59095,0.35631,69.66,69.00,0.1126,14,87.80,1
55.8514,883,0.16187,-0.88012,0.51609,67.26,67.00,0.0958,5,87.80,1
55.9160,884,0.15918,-1.05828,0.40055,68.99,68.00,0.1079,9,87.80,1
55.9825,885,0.13928,-1.04088,0.26010,71.10,71.00,0.1227,12,87.80,1
56.0441,886,0.09910,-0.85861,0.09028,73.65,73.00,0.1405,15,87.80,1
56.1060,887,0.10664,-0.55652,0.12549,73.12,73.00,0.1368,18,86.17,1
56.1688,888,0.08112,-0.70022,0.03812,74.43,74.00,0.1460,12,87.35,1
56.2319,889,0.06711,-0.64856,0.01028,74.85,74.00,0.1489,14,87.35,1
56.2966,890,0.00000,-0.74600,-0.19098,81.68,81.00,0.1299,14,84.72,1
56.3613,891,0.00000,-0.46985,-0.12744,79.46,79.00,0.1366,15,84.39,1
56.4234,892,0.00000,-0.43209,-0.09374,78.28,78.00,0.1402,18,83.60,1
56.4848,893,0.02849,-0.31649,0.05542,74.17,74.00,0.1442,15,82.39,1
56.5478,894,-0.03780,-0.01454,-0.17381,81.08,81.00,0.1318,17,83.44,1
56.6121,895,-0.04307,-0.04365,-0.13968,79.89,79.00,0.1353,17,82.58,1
56.6733,896,0.06459,-0.14240,0.27320,70.90,71.00,0.1213,16,80.60,1
56.7366,897,0.18491,-0.36061,0.63939,65.41,65.00,0.0829,18,78.61,1
56.7975,898,0.03005,0.15822,-0.02577,75.90,73.00,0.1473,19,76.79,1
56.8580,899,0.00000,0.28433,-0.13329,79.67,79.00,0.1360,27,75.52,1
56.9189,900,0.02522,0.37012,0.03438,74.48,74.00,0.1464,27,75.66,1
56.9807,901,0.06599,0.18095,0.18548,72.22,72.00,0.1305,27,74.10,1
57.0398,902,0.00000,0.32729,-0.04566,76.60,76.00,0.1452,21,70.88,1
57.0997,903,0.03115,0.27015,0.06465,74.03,74.00,0.1432,19,67.56,1
57.1605,904,0.04027,0.03504,0.09846,73.52,73.00,0.1397,17,65.38,1
57.2171,905,0.04705,-0.02150,0.11734,73.24,73.00,0.1377,27,64.55,1
57.2770,906,0.04328,-0.04706,0.09548,73.57,73.00,0.1400,27,65.24,1
57.3362,907,0.03933,-0.17295,0.07860,73.82,73.00,0.1417,26,66.50,1
57.3985,908,0.03565,-0.21620,0.06671,74.00,73.00,0.1430,26,66.27,1
57.4575,909,0.00000,-0.03384,-0.09163,78.21,78.00,0.1404,25,65.32,1
57.5156,910,-0.03181,-0.02955,-0.12834,79.49,79.00,0.1365,27,64.47,1
57.5763,911,-0.02078,-0.05162,-0.04699,76.64,76.00,0.1451,27,63.54,1
57.6360,912,0.00000,-0.02915,0.06318,74.05,74.00,0.1434,27,63.20,1
57.6927,913,0.03952,-0.06358,0.18095,72.29,72.00,0.1310,27,62.62,1
57.7513,914,0.04640,0.11137,0.17767,72.33,72.00,0.1313,24,61.21,1
57.8118,915,0.05301,0.20367,0.17545,72.37,72.00,0.1316,22,59.69,1
57.8723,916,0.05393,0.24943,0.15596,72.66,72.00,0.1336,22,58.48,1
57.9314,917,0.05121,0.25662,0.13046,73.04,73.00,0.1363,23,57.73,1
57.9931,918,0.04539,0.34169,0.10052,73.49,73.00,0.1394,21,56.66,1
58.0549,919,0.04574,0.47600,0.09972,73.50,73.00,0.1395,22,55.63,1
58.1111,920,0.05644,0.51749,0.13598,72.96,72.00,0.1357,21,54.93,1
58.1676,921,0.08336,0.61369,0.22278,71.66,71.00,0.1266,20,54.53,1
58.2246,922,0.08818,0.64072,0.21509,71.77,71.00,0.1274,19,54.90,1
58.2806,923,0.09970,0.62515,0.23530,71.47,71.00,0.1253,19,54.73,1
58.3377,924,0.06697,0.59544,0.09581,73.56,73.00,0.1399,23,54.59,1
58.3941,925,0.04295,0.48135,0.01789,74.73,74.00,0.1481,24,54.81,1
58.4506,926,0.04821,0.36828,0.05944,74.11,74.00,0.1438,25,53.95,1
58.5093,927,0.05438,0.31497,0.09494,73.58,73.00,0.1400,27,53.59,1
58.5677,928,0.05413,0.25290,0.09946,73.51,73.00,0.1396,27,53.61,1
58.6243,929,0.04755,0.12346,0.08046,73.79,73.00,0.1416,27,53.29,1
58.6813,930,0.06493,0.12446,0.15002,72.75,72.00,0.1342,27,52.80,1
58.7423,931,0.06869,0.22382,0.15658,72.65,72.00,0.1336,27,51.82,1
58.8017,932,0.05613,0.19227,0.10542,73.42,73.00,0.1389,23,51.15,1
58.8668,933,0.04819,0.24335,0.08273,73.76,73.00,0.1413,24,51.03,1
58.9270,934,0.04218,0.19928,0.07108,73.93,73.00,0.1425,23,51.08,1
58.9868,935,0.03445,0.24946,0.05551,74.17,74.00,0.1442,21,51.02,1
59.0452,936,0.03493,0.50519,0.07089,73.94,73.00,0.1426,20,52.05,1
59.1095,937,0.04346,0.59033,0.11144,73.33,73.00,0.1383,18,53.44,1
59.1702,938,0.00000,0.66027,0.01119,74.83,74.00,0.1488,14,54.51,1
59.2321,939,0.00000,0.63774,0.02591,74.61,74.00,0.1473,14,57.09,1
59.2918,940,0.00000,0.66068,-0.04518,76.58,76.00,0.1453,9,59.99,1
59.3508,941,0.00000,0.56313,0.02445,74.63,74.00,0.1474,4,63.69,1
59.4092,942,-0.03061,0.48308,-0.06743,77.36,77.00,0.1429,6,67.16,1
59.4687,943,-0.06587,0.38600,-0.15900,80.56,80.00,0.1333,16,68.04,1
59.5321,944,-0.09887,0.21120,-0.22331,82.82,82.00,0.1266,18,68.38,1
59.5921,945,-0.08875,-0.03966,-0.13063,79.57,79.00,0.1363,19,66.40,1
59.6519,946,-0.08217,-0.15997,-0.07449,77.61,77.00,0.1422,20,64.32,1
59.7117,947,-0.06898,-0.23751,-0.00995,75.35,75.00,0.1490,20,63.08,1
59.7688,948,-0.04482,-0.24292,0.07789,73.83,73.00,0.1418,20,61.23,1
59.8269,949,-0.03308,-0.25643,0.10376,73.44,73.00,0.1391,21,61.02,1
59.8919,950,0.00000,-0.30912,0.14723,72.79,72.00,0.1345,22,60.61,1
59.9553,951,0.00000,-0.32557,0.14993,72.75,72.00,0.1343,23,59.83,1
60.0165,952,0.00000,-0.13576,0.11214,73.32,73.00,0.1382,20,58.97,1
60.0769,953,-0.03425,-0.13196,0.01317,74.80,74.00,0.1486,20,58.93,1
60.1385,954,-0.02038,-0.20389,0.06664,74.00,74.00,0.1430,19,58.72,1
60.2002,955,0.00000,-0.17002,0.11055,73.34,73.00,0.1384,21,58.56,1
60.2651,956,-0.02076,-0.08445,0.04347,74.35,74.00,0.1454,20,58.82,1
60.3255,957,0.00000,0.15119,0.08094,73.79,73.00,0.1415,21,58.68,1
60.3873,958,0.00000,0.36272,0.07907,73.81,73.00,0.1417,19,59.87,1
60.4520,959,-0.03690,0.46313,-0.02429,75.85,75.00,0.1475,15,61.81,1
60.5171,960,-0.07084,0.49778,-0.12664,79.43,79.00,0.1367,14,63.75,1
60.5908,961,-0.06235,0.43260,-0.05646,76.98,76.00,0.1441,13,65.85,1
60.6567,962,-0.08400,0.33180,-0.11363,78.98,78.00,0.1381,14,66.71,1
60.7215,963,-0.12142,0.30430,-0.21462,82.51,82.00,0.1275,17,66.98,1
60.7852,964,-0.14392,0.27282,-0.24656,83.63,83.00,0.1241,19,67.63,1
60.8538,965,-0.12938,0.09370,-0.14470,80.06,80.00,0.1348,16,67.34,1
60.9184,966,-0.10958,0.07626,-0.05548,76.94,76.00,0.1442,13,66.68,1
60.9852,967,-0.07398,0.07091,0.06612,74.01,74.00,0.1431,14,66.01,1
61.0477,968,0.00000,-0.14118,0.32029,70.20,70.00,0.1164,15,66.07,1
61.1109,969,0.14485,-0.20267,0.71273,64.31,64.00,0.0752,18,65.37,1
61.1775,970,0.18183,-0.00785,0.67473,64.88,64.00,0.0792,15,64.78,1
61.2490,971,0.17898,0.04564,0.51375,67.29,67.00,0.0961,15,62.08,1
61.3165,972,0.16056,0.09288,0.36025,69.60,69.00,0.1122,17,59.53,1
61.3848,973,0.11109,0.20867,0.14243,72.86,72.00,0.1350,16,58.91,1
61.4566,974,0.10335,0.21995,0.12320,73.15,73.00,0.1371,13,56.98,1
61.5230,975,0.06276,-0.01769,-0.00418,75.15,75.00,0.1496,14,54.62,1
61.5883,976,0.00000,-0.15196,-0.15897,80.56,80.00,0.1333,13,52.47,1
61.6542,977,0.00000,-0.21005,-0.16159,80.66,80.00,0.1330,12,49.86,1
61.7188,978,-0.02414,-0.61080,-0.12692,79.44,79.00,0.1367,11,49.01,1
61.7886,979,0.00000,-0.66959,0.04815,74.28,74.00,0.1449,16,47.52,1
61.8527,980,0.00000,-0.54128,0.05700,74.14,74.00,0.1440,21,46.93,1
61.9176,981,0.00000,-0.26582,-0.02046,75.72,75.00,0.1479,21,46.68,1
61.9845,982,-0.04775,0.01939,-0.12053,79.22,79.00,0.1373,18,46.32,1
62.0557,983,-0.05784,0.02953,-0.10912,78.82,78.00,0.1385,16,46.27,1
62.1223,984,-0.06462,0.12467,-0.09654,78.38,78.00,0.1399,20,47.20,1
62.1875,985,-0.07510,0.32181,-0.10358,78.63,78.00,0.1391,23,48.93,1
62.2489,986,-0.07434,0.46972,-0.07456,77.61,77.00,0.1422,23,50.51,1
62.3086,987,-0.05919,0.59980,-0.00431,75.15,75.00,0.1495,21,51.77,1
62.3682,988,-0.06779,0.70999,-0.03320,76.16,76.00,0.1465,23,53.26,1
62.4295,989,-0.08098,0.72803,-0.07250,77.54,77.00,0.1424,23,54.36,1
62.4938,990,-0.10393,0.79766,-0.13787,79.83,79.00,0.1355,22,55.27,1
62.5548,991,-0.11138,0.88595,-0.13766,79.82,79.00,0.1355,21,56.51,1
62.6165,992,-0.11892,0.83651,-0.14037,79.91,79.00,0.1353,23,57.98,1
62.6778,993,-0.11719,0.65820,-0.11254,78.94,78.00,0.1382,24,59.90,1
62.7379,994,-0.10172,0.37363,-0.04563,76.60,76.00,0.1452,25,62.13,1
62.7972,995,-0.08216,0.17205,0.02022,74.70,74.00,0.1479,27,64.43,1
62.8555,996,-0.05888,-0.00360,0.08564,73.72,73.00,0.1410,24,66.58,1
62.9157,997,-0.03763,-0.11057,0.13043,73.04,73.00,0.1363,23,68.40,1
62.9753,998,-0.05135,-0.00205,0.04489,74.33,74.00,0.1453,23,69.83,1
63.0364,999,-0.08188,0.14958,-0.07920,77.77,77.00,0.1417,22,70.89,1
63.0978,1000,-0.09588,0.33181,-0.11778,79.12,79.00,0.1376,22,72.41,1
63.1589,1001,-0.12112,0.44985,-0.18885,81.61,81.00,0.1302,22,73.39,1
63.2223,1002,-0.10909,0.61339,-0.11587,79.06,79.00,0.1378,22,74.39,1
63.2819,1003,-0.10301,0.67928,-0.08311,77.91,77.00,0.1413,21,74.89,1
63.3437,1004,-0.11549,0.73532,-0.12357,79.33,79.00,0.1370,22,74.45,1
63.4097,1005,-0.13299,0.76344,-0.17299,81.05,81.00,0.1318,23,74.10,1
63.4722,1006,-0.14307,0.75731,-0.18832,81.59,81.00,0.1302,22,73.85,1
63.5396,1007,-0.14028,0.80565,-0.15685,80.49,80.00,0.1335,21,74.38,1
63.6047,1008,-0.14648,0.83029,-0.16696,80.84,80.00,0.1325,21,74.70,1
63.6761,1009,-0.13469,0.85263,-0.11396,78.99,78.00,0.1380,21,74.71,1
63.7430,1010,-0.13729,0.82175,-0.12522,79.38,79.00,0.1369,21,74.68,1
63.8112,1011,-0.11623,0.83151,-0.05383,76.88,76.00,0.1443,21,74.58,1
63.8879,1012,-0.09478,0.78460,-0.00083,75.03,75.00,0.1499,21,73.97,1
63.9575,1013,-0.07723,0.72896,0.02970,74.55,74.00,0.1469,22,73.16,1
64.0268,1014,-0.02426,0.60266,0.17471,72.38,72.00,0.1317,18,72.29,1
64.0949,1015,0.00000,0.52820,0.19116,72.13,72.00,0.1299,19,71.66,1
64.1576,1016,0.00000,0.64178,0.12293,73.16,73.00,0.1371,21,71.01,1
64.2235,1017,0.00000,0.69066,0.05100,74.23,74.00,0.1446,21,70.34,1
64.2876,1018,-0.02088,0.73809,0.00634,74.90,74.00,0.1493,22,70.14,1
64.3507,1019,0.00000,0.77466,0.04014,74.40,74.00,0.1458,19,69.35,1
64.4201,1020,-0.03634,0.75190,-0.07242,77.53,77.00,0.1424,23,68.35,1
64.4869,1021,-0.05437,0.83511,-0.12514,79.38,79.00,0.1369,22,66.90,1
64.5556,1022,-0.06894,0.91151,-0.15455,80.41,80.00,0.1338,22,66.06,1
64.6236,1023,-0.07026,0.88873,-0.13451,79.71,79.00,0.1359,24,67.14,1
64.6951,1024,-0.04530,0.68649,-0.03103,76.09,76.00,0.1467,21,66.87,1
64.7665,1025,0.02815,-0.09957,0.21018,71.85,71.00,0.1279,15,66.95,1
64.8290,1026,0.02470,-0.65344,0.14162,72.88,72.00,0.1351,10,65.91,1
64.8925,1027,0.05498,-0.61617,0.20682,71.90,71.00,0.1283,19,65.24,1
64.9569,1028,0.00000,-0.26615,-0.06833,77.39,77.00,0.1428,23,65.12,1
65.0267,1029,-0.06690,0.12795,-0.24669,83.63,83.00,0.1241,22,64.36,1
65.0994,1030,-0.04640,0.59686,-0.11900,79.16,79.00,0.1375,13,65.52,1
65.1758,1031,-0.07076,0.91173,-0.18023,81.31,81.00,0.1311,16,66.77,1
65.2414,1032,-0.04399,0.72184,-0.06069,77.12,77.00,0.1436,9,66.77,1
65.3079,1033,-0.10470,0.90566,-0.26722,84.35,84.00,0.1219,15,72.39,1
65.3694,1034,-0.13089,1.01204,-0.31451,86.01,86.00,0.1170,16,77.55,1
65.4331,1035,-0.05611,1.07065,-0.00439,75.15,78.00,0.1495,13,77.65,1
65.5073,1036,-0.02669,1.09659,0.07232,73.92,73.00,0.1424,14,82.48,1
65.5726,1037,0.00000,1.09127,0.12204,73.17,73.00,0.1372,13,82.48,1
65.6383,1038,0.06473,1.07583,0.30369,70.44,70.00,0.1181,11,82.48,1
65.7064,1039,0.09446,1.05701,0.32127,70.18,70.00,0.1163,12,82.43,1
65.7752,1040,0.12118,1.03843,0.33270,70.01,70.00,0.1151,11,82.39,1
65.8490,1041,0.13362,1.02254,0.29476,70.58,70.00,0.1190,12,82.35,1
65.9211,1042,0.13653,1.01062,0.24367,71.34,71.00,0.1244,12,82.32,1
65.9866,1043,0.14841,0.97722,0.24556,71.32,71.00,0.1242,11,82.39,1
66.0572,1044,0.14112,0.98071,0.18468,72.23,72.00,0.1306,12,82.35,1
66.1361,1045,0.15047,0.96245,0.19542,72.07,72.00,0.1295,11,82.41,1
66.2072,1046,0.13632,0.97512,0.13008,73.05,73.00,0.1363,12,82.47,1
66.2765,1047,0.14054,0.96080,0.14469,72.83,72.00,0.1348,11,82.52,1
66.3412,1048,0.14715,0.96068,0.16536,72.52,72.00,0.1326,11,82.57,1
66.4135,1049,0.13500,0.97685,0.11809,73.23,73.00,0.1376,12,82.51,1
66.4779,1050,0.14038,0.97028,0.14312,72.85,72.00,0.1350,11,82.56,1
66.5423,1051,0.14406,0.96701,0.15739,72.64,72.00,0.1335,11,82.51,1
66.6044,1052,0.13254,0.98126,0.11687,73.25,73.00,0.1377,11,82.46,1
66.6659,1053,0.12376,0.99138,0.09510,73.57,73.00,0.1400,12,82.41,1
66.7250,1054,0.13097,0.97697,0.13349,73.00,72.00,0.1360,11,82.37,1
66.7868,1055,0.13891,0.97357,0.16652,72.50,72.00,0.1325,11,82.33,1
66.8511,1056,0.14382,0.96851,0.18225,72.27,72.00,0.1309,11,82.30,1
66.9182,1057,0.15102,0.98163,0.20329,71.95,71.00,0.1287,10,82.27,1
66.9981,1058,0.15050,0.97041,0.19297,72.11,72.00,0.1297,11,82.34,1
67.0600,1059,0.13788,0.98331,0.14769,72.78,72.00,0.1345,11,82.31,1
67.1244,1060,0.12754,0.99235,0.12060,73.19,73.00,0.1373,11,82.28,1
67.1874,1061,0.12065,0.99819,0.11104,73.33,73.00,0.1383,12,82.25,1
67.2505,1062,0.13092,0.98731,0.16270,72.56,72.00,0.1329,11,82.22,1
67.3130,1063,0.12318,0.99311,0.14011,72.90,72.00,0.1353,11,82.10,1
67.3780,1064,0.11575,0.99728,0.12439,73.13,73.00,0.1369,11,81.99,1
67.4527,1065,0.05394,1.00011,-0.07268,77.54,77.00,0.1424,15,83.23,1
67.5340,1066,0.07356,1.00162,0.06167,74.08,74.00,0.1435,13,82.57,1
67.6019,1067,0.04713,1.00193,-0.00524,75.18,75.00,0.1494,16,84.08,1
67.6710,1068,0.00000,1.00184,-0.14149,79.95,79.00,0.1351,19,89.37,1
67.7384,1069,0.00000,1.00152,-0.07259,77.54,77.00,0.1424,17,89.37,1
67.8059,1070,0.00000,1.00114,-0.03220,76.13,76.00,0.1466,22,89.36,1
67.8816,1071,0.00000,0.87034,0.02352,74.65,74.00,0.1475,24,87.15,1
67.9476,1072,0.00000,0.62679,0.07056,73.94,73.00,0.1426,22,84.90,1
68.0206,1073,0.00000,0.57260,-0.01734,75.61,75.00,0.1482,24,82.84,1
68.0889,1074,-0.04192,0.57008,-0.09267,78.24,78.00,0.1403,24,80.60,1
68.1574,1075,0.00000,0.53534,0.05838,74.12,74.00,0.1439,25,78.42,1
68.2324,1076,0.03355,0.55103,0.20357,71.95,71.00,0.1286,24,76.30,1
68.3010,1077,0.12831,0.21790,0.49170,67.62,67.00,0.0984,19,76.15,1
68.3724,1078,0.20134,-0.01918,0.64022,65.40,65.00,0.0828,19,75.64,1
68.4392,1079,0.22532,-0.00169,0.60637,65.90,65.00,0.0863,20,73.62,1
68.5181,1080,0.14550,0.13981,0.22448,71.63,71.00,0.1264,23,72.93,1
68.6009,1081,0.00000,0.36134,-0.25560,83.95,79.00,0.1232,24,72.71,1
68.6702,1082,0.00000,0.12186,-0.18880,81.61,81.00,0.1302,19,73.50,1
68.7428,1083,0.00000,0.00073,-0.10424,78.65,78.00,0.1391,18,73.41,1
68.8207,1084,0.00000,-0.13483,-0.03832,76.34,76.00,0.1460,20,73.51,1
68.8901,1085,-0.02846,-0.15955,-0.06056,77.12,77.00,0.1436,20,73.49,1
68.9579,1086,-0.05073,-0.11765,-0.10005,78.50,78.00,0.1395,21,73.38,1
69.0330,1087,-0.09092,-0.01416,-0.19059,81.67,81.00,0.1300,21,73.41,1
69.1015,1088,-0.15176,0.15850,-0.33942,86.88,86.00,0.1144,20,72.78,1
69.1695,1089,-0.11597,0.32081,-0.13171,79.61,79.00,0.1362,18,71.54,1
69.2367,1090,-0.03817,0.14978,0.16393,72.54,72.00,0.1328,14,70.55,1
69.3008,1091,-0.02034,0.32976,0.18702,72.19,72.00,0.1304,14,70.35,1
69.3655,1092,0.00000,0.42299,0.24830,71.28,71.00,0.1239,12,69.76,1
69.4281,1093,0.05595,0.14501,0.35773,69.63,69.00,0.1124,9,69.84,1
69.4904,1094,0.09079,0.12895,0.41048,68.84,68.00,0.1069,10,68.35,1
69.5533,1095,0.10708,0.09626,0.39176,69.12,69.00,0.1089,12,68.98,1
69.6154,1096,0.11144,0.17421,0.34371,69.84,69.00,0.1139,10,69.25,1
69.6803,1097,0.08274,0.36226,0.19498,72.08,72.00,0.1295,9,66.53,1
69.7424,1098,0.07906,0.02230,0.17130,72.43,72.00,0.1320,10,66.83,1
69.8081,1099,0.00000,0.43782,-0.06767,77.37,77.00,0.1429,14,66.41,1
69.8810,1100,-0.03807,0.22503,-0.18701,81.55,81.00,0.1304,16,66.18,1
69.9474,1101,0.00000,-0.10737,0.01083,74.84,74.00,0.1489,17,66.63,1
70.0168,1102,0.00000,-0.18156,0.08667,73.70,73.00,0.1409,18,66.52,1
70.0845,1103,0.03188,0.04899,0.14470,72.83,72.00,0.1348,20,65.80,1
70.1614,1104,0.00000,0.39259,0.06489,74.03,74.00,0.1432,21,65.10,1
70.2285,1105,0.02580,0.56472,0.11796,73.23,73.00,0.1376,19,64.89,1
70.3006,1106,0.00000,0.75441,0.07477,73.88,73.00,0.1421,19,64.25,1
70.3689,1107,-0.04835,0.87753,-0.13518,79.73,79.00,0.1358,22,64.01,1
70.4440,1108,-0.10719,1.00178,-0.27579,84.65,84.00,0.1210,16,65.91,1
70.5263,1109,-0.12654,0.87332,-0.24650,83.63,83.00,0.1241,18,66.83,1
70.5943,1110,-0.15824,0.87474,-0.29158,85.21,85.00,0.1194,14,69.05,1
70.6608,1111,-0.17058,0.90450,-0.26711,84.35,84.00,0.1220,14,71.17,1
70.7286,1112,-0.16187,0.96540,-0.18266,81.39,81.00,0.1308,11,73.12,1
70.8006,1113,-0.11154,0.78010,0.02091,74.69,74.00,0.1478,18,72.07,1
70.8642,1114,-0.10414,0.81621,0.02737,74.59,74.00,0.1471,17,71.90,1
70.9293,1115,-0.08588,0.83791,0.07014,73.95,73.00,0.1426,23,72.66,1
70.9950,1116,-0.05536,0.90048,0.14657,72.80,72.00,0.1346,18,75.27,1
71.0591,1117,-0.03107,0.91340,0.18749,72.19,72.00,0.1303,19,76.83,1
71.1241,1118,-0.03700,0.96254,0.11720,73.24,73.00,0.1377,19,77.66,1
71.1968,1119,-0.04077,0.99605,0.07098,73.94,73.00,0.1425,19,78.36,1
71.2619,1120,-0.03455,1.01263,0.07520,73.87,73.00,0.1421,20,76.80,1
71.3235,1121,-0.04452,1.01949,0.02473,74.63,74.00,0.1474,19,75.84,1
71.3850,1122,-0.03576,1.02084,0.05050,74.24,74.00,0.1447,16,75.37,1
71.4478,1123,-0.04638,1.01897,0.00334,74.95,74.00,0.1496,15,75.34,1
71.5087,1124,-0.02947,0.73672,0.06295,74.06,74.00,0.1434,18,74.98,1
71.5683,1125,-0.03046,0.51406,0.04745,74.29,74.00,0.1450,16,74.99,1
71.6281,1126,-0.07772,0.66351,-0.12658,79.43,79.00,0.1367,14,76.12,1
71.6908,1127,-0.07591,0.42152,-0.09041,78.16,78.00,0.1405,15,76.94,1
71.7509,1128,-0.07579,0.49826,-0.07179,77.51,77.00,0.1425,13,77.38,1
71.8136,1129,-0.12815,0.69637,-0.24185,83.46,83.00,0.1246,14,78.47,1
71.8769,1130,-0.15544,0.82399,-0.28856,85.10,85.00,0.1197,13,79.44,1
71.9396,1131,-0.14270,0.93373,-0.19097,81.68,81.00,0.1299,12,80.84,1
72.0015,1132,-0.14933,0.98856,-0.18756,81.56,81.00,0.1303,14,80.94,1
72.0630,1133,-0.13328,1.02962,-0.10905,78.82,78.00,0.1386,14,81.24,1
72.1247,1134,-0.12641,1.04869,-0.08181,77.86,77.00,0.1414,15,81.81,1
72.1871,1135,-0.16040,1.05252,-0.20412,82.14,82.00,0.1286,14,83.53,1
72.2456,1136,-0.13006,1.04740,-0.07721,77.70,77.00,0.1419,15,83.39,1
72.3087,1137,-0.06532,0.83588,0.14123,72.88,72.00,0.1352,20,82.39,1
72.3727,1138,-0.02734,0.64296,0.21722,71.74,71.00,0.1272,22,80.20,1
72.4336,1139,0.00000,0.65531,0.22793,71.58,71.00,0.1261,22,78.65,1
72.4983,1140,0.00000,0.77837,0.18594,72.21,72.00,0.1305,16,78.75,1
72.5607,1141,0.00000,0.87578,0.10251,73.46,73.00,0.1392,17,78.49,1
72.6261,1142,-0.03495,0.81808,-0.01701,75.60,75.00,0.1482,17,78.60,1
72.6879,1143,-0.06404,0.85249,-0.11834,79.14,79.00,0.1376,17,78.13,1
72.7536,1144,-0.05963,0.80562,-0.08099,77.83,77.00,0.1415,14,78.50,1
72.8167,1145,-0.07974,0.76157,-0.13976,79.89,79.00,0.1353,14,79.33,1
72.8837,1146,-0.09122,0.47667,-0.15589,80.46,80.00,0.1336,15,79.46,1
72.9494,1147,-0.07753,0.35947,-0.08478,77.97,77.00,0.1411,13,80.13,1
73.0127,1148,-0.10347,0.29804,-0.16907,80.92,80.00,0.1322,14,81.82,1
73.0761,1149,-0.10322,0.30186,-0.14557,80.09,80.00,0.1347,13,82.72,1
73.1455,1150,-0.07980,0.25125,-0.04851,76.70,76.00,0.1449,12,83.94,1
73.2080,1151,-0.10012,0.38266,-0.12656,79.43,79.00,0.1367,17,83.10,1
73.2698,1152,-0.11753,0.50169,-0.17822,81.24,81.00,0.1313,18,82.39,1
73.3334,1153,-0.08713,0.52567,-0.05383,76.88,76.00,0.1443,15,81.67,1
73.3933,1154,-0.07649,0.75409,-0.02683,75.94,75.00,0.1472,11,82.83,1
73.4530,1155,-0.11709,0.75013,-0.18425,81.45,81.00,0.1307,18,82.74,1
73.5139,1156,-0.10534,0.89507,-0.12473,79.37,79.00,0.1369,14,82.89,1
73.5781,1157,-0.09443,0.99235,-0.08291,77.90,77.00,0.1413,16,81.56,1
73.6453,1158,-0.07348,1.03714,-0.01711,75.60,75.00,0.1482,17,80.13,1
73.7083,1159,-0.05809,1.06093,0.01548,74.77,74.00,0.1484,16,80.17,1
73.7716,1160,-0.06272,1.06602,-0.02717,75.95,75.00,0.1471,16,79.89,1
73.8322,1161,-0.04657,1.05963,0.01385,74.79,74.00,0.1485,16,79.66,1
73.8962,1162,-0.03207,1.04884,0.04024,74.40,74.00,0.1458,17,79.01,1
73.9555,1163,-0.03232,1.03609,0.01318,74.80,74.00,0.1486,17,78.73,1
74.0186,1164,0.00000,1.02457,0.05585,74.16,74.00,0.1441,17,77.95,1
74.0794,1165,-0.03388,1.01499,-0.03501,76.23,76.00,0.1463,18,77.17,1
74.1411,1166,-0.05104,1.00767,-0.10128,78.54,78.00,0.1394,18,77.00,1
74.2075,1167,-0.06712,1.00250,-0.14853,80.20,80.00,0.1344,17,77.35,1
74.2748,1168,-0.07643,0.99929,-0.16204,80.67,80.00,0.1330,16,78.08,1
74.3396,1169,-0.10166,0.99775,-0.23027,83.06,83.00,0.1258,16,79.19,1
74.4057,1170,-0.07885,0.99722,-0.11977,79.19,79.00,0.1374,17,78.49,1
74.4715,1171,-0.07383,0.99734,-0.09851,78.45,78.00,0.1397,18,77.64,1
74.5379,1172,-0.06114,0.96906,-0.05649,76.98,76.00,0.1441,20,76.09,1
74.6003,1173,-0.10840,0.97820,-0.23049,83.07,83.00,0.1258,14,76.09,1
74.6728,1174,-0.17800,0.98625,-0.43923,90.37,90.00,0.1039,12,76.09,1
74.7397,1175,-0.17441,0.99262,-0.35627,87.47,87.00,0.1126,17,77.08,1
74.8157,1176,-0.19097,0.99730,-0.36176,87.66,87.00,0.1120,18,78.17,1
74.8807,1177,-0.16638,0.99991,-0.23961,83.39,83.00,0.1248,19,77.35,1
74.9437,1178,-0.14769,1.00130,-0.16751,80.86,80.00,0.1324,18,75.37,1
75.0058,1179,-0.10663,0.99653,-0.03444,76.21,76.00,0.1464,22,76.21,1
75.0761,1180,-0.07683,0.99823,0.02651,74.60,74.00,0.1472,18,74.92,1
75.1412,1181,-0.06899,0.95495,0.00400,74.94,74.00,0.1496,22,74.83,1
75.2016,1182,-0.05988,0.96888,-0.00259,75.09,75.00,0.1497,20,75.51,1
75.2591,1183,-0.04327,0.82947,0.02230,74.67,74.00,0.1477,27,75.42,1
75.3233,1184,-0.02581,0.70841,0.04422,74.34,74.00,0.1454,24,74.55,1
75.3859,1185,-0.03485,0.80274,-0.02878,76.01,76.00,0.1470,23,72.95,1
75.4566,1186,-0.04941,0.88447,-0.10365,78.63,78.00,0.1391,22,71.89,1
75.5202,1187,-0.08058,0.94419,-0.21499,82.52,82.00,0.1274,22,71.33,1
75.5838,1188,-0.07861,0.98374,-0.18832,81.59,81.00,0.1302,21,70.98,1
75.6455,1189,-0.07916,1.00687,-0.17860,81.25,81.00,0.1312,20,70.47,1
75.7085,1190,-0.07574,1.01915,-0.15819,80.54,80.00,0.1334,20,70.21,1
75.7777,1191,-0.05818,1.02369,-0.09437,78.30,78.00,0.1401,22,69.15,1
75.8415,1192,0.00000,0.93258,0.05104,74.23,74.00,0.1446,19,71.76,1
75.9099,1193,-0.05207,0.80708,-0.12644,79.43,79.00,0.1367,23,72.13,1
75.9761,1194,-0.08971,0.58787,-0.25674,83.99,83.00,0.1230,25,70.31,1
76.0375,1195,-0.10784,0.40046,-0.29351,85.27,85.00,0.1192,24,69.38,1
76.1011,1196,-0.11853,0.24239,-0.29844,85.45,85.00,0.1187,25,68.91,1
76.1675,1197,-0.08281,-0.00017,-0.14352,80.02,80.00,0.1349,22,68.03,1
76.2399,1198,-0.03088,-0.21706,0.02689,74.60,74.00,0.1472,23,67.60,1
76.3221,1199,0.00000,-0.35479,0.07375,73.89,73.00,0.1423,25,68.34,1
76.3914,1200,0.00000,-0.40446,0.07006,73.95,73.00,0.1426,25,69.44,1
76.4587,1201,0.04966,-0.49041,0.14503,72.82,72.00,0.1348,24,70.38,1
76.5266,1202,0.05709,-0.45762,0.10964,73.36,73.00,0.1385,25,70.38,1
76.5875,1203,0.05247,-0.41224,0.05283,74.21,74.00,0.1445,24,70.48,1
76.6530,1204,0.04640,-0.41647,0.00386,74.94,74.00,0.1496,24,71.49,1
76.7150,1205,0.05943,-0.49823,0.03550,74.47,74.00,0.1463,24,72.86,1
76.7749,1206,0.06402,-0.55110,0.03310,74.50,74.00,0.1465,23,73.63,1
76.8362,1207,0.06464,-0.51802,0.01854,74.72,74.00,0.1481,23,71.63,1
76.8990,1208,0.05422,-0.50798,-0.02988,76.05,76.00,0.1469,23,70.55,1
76.9627,1209,0.04241,-0.47282,-0.07114,77.49,77.00,0.1425,23,70.69,1
77.0242,1210,0.03797,-0.47570,-0.07755,77.71,77.00,0.1419,23,70.92,1
77.0878,1211,0.03827,-0.44875,-0.06624,77.32,77.00,0.1430,24,70.88,1
77.1597,1212,0.03953,-0.44919,-0.05387,76.89,76.00,0.1443,24,71.26,1
77.2234,1213,0.04235,-0.43457,-0.04012,76.40,76.00,0.1458,24,70.90,1
77.2846,1214,0.04989,-0.46280,-0.01303,75.46,75.00,0.1486,23,70.91,1
77.3477,1215,0.06552,-0.66860,0.03665,74.45,74.00,0.1462,17,70.82,1
77.4101,1216,0.08044,-0.61599,0.07408,73.89,73.00,0.1422,24,70.79,1
77.4733,1217,0.09295,-0.53420,0.09647,73.55,73.00,0.1399,24,70.81,1
77.5350,1218,0.08564,-0.52656,0.04789,74.28,74.00,0.1450,23,70.13,1
77.5959,1219,0.07876,-0.48237,0.01352,74.80,74.00,0.1486,24,68.81,1
77.6573,1220,0.06692,-0.40185,-0.02959,76.04,76.00,0.1469,23,68.73,1
77.7167,1221,0.06153,-0.30865,-0.04067,76.42,76.00,0.1457,25,68.20,1
77.7757,1222,0.06519,-0.08520,-0.01797,75.63,75.00,0.1481,23,68.78,1
77.8391,1223,0.07304,0.05242,0.01468,74.78,74.00,0.1485,24,68.04,1
77.9042,1224,0.08885,0.20577,0.06771,73.98,73.00,0.1429,25,72.51,1
77.9726,1225,0.11368,0.28029,0.13989,72.90,72.00,0.1353,25,75.48,1
78.0361,1226,0.13951,0.28462,0.20299,71.96,71.00,0.1287,26,77.31,1
78.1024,1227,0.14394,0.34575,0.17919,72.31,72.00,0.1312,26,81.32,1
78.1721,1228,0.14294,0.52392,0.14572,72.81,72.00,0.1347,27,80.02,1
78.2452,1229,0.12321,0.62203,0.05914,74.11,74.00,0.1438,27,79.08,1
78.3111,1230,0.08465,0.67627,-0.06790,77.38,77.00,0.1429,27,78.50,1
78.3755,1231,0.00000,0.72252,-0.27479,84.62,84.00,0.1211,27,78.05,1
78.4403,1232,-0.04385,0.73863,-0.40617,89.22,89.00,0.1074,27,77.29,1
78.5064,1233,-0.10563,0.76070,-0.51919,93.17,93.00,0.0955,27,77.10,1
78.5785,1234,-0.10977,0.72064,-0.40754,89.26,89.00,0.1072,27,75.82,1
78.6476,1235,-0.03933,0.63710,-0.08439,77.95,81.00,0.1411,27,73.84,1
78.7169,1236,0.04412,0.33767,0.20057,71.99,73.00,0.1289,24,72.26,1
78.7799,1237,0.07874,-0.21117,0.25828,71.13,71.00,0.1229,24,71.65,1
78.8453,1238,0.00000,-0.44749,-0.03383,76.18,76.00,0.1464,21,70.58,1
78.9095,1239,-0.07880,-0.17418,-0.35817,87.54,84.00,0.1124,11,70.94,1
78.9741,1240,-0.06992,-0.42967,-0.25516,83.93,83.00,0.1232,21,71.07,1
79.0405,1241,-0.17124,-0.15643,-0.56103,94.64,91.00,0.0911,15,70.79,1
79.1137,1242,-0.22027,-0.01039,-0.61110,96.39,96.00,0.0858,12,71.09,1
79.1761,1243,-0.23386,0.19911,-0.55749,94.51,94.00,0.0915,16,71.48,1
79.2409,1244,-0.20316,0.35024,-0.36786,87.88,87.00,0.1114,22,71.89,1
79.3046,1245,-0.12830,0.37099,-0.07599,77.66,79.00,0.1420,24,73.05,1
79.3697,1246,0.02476,0.18118,0.41883,68.72,71.00,0.1060,27,73.46,1
79.4358,1247,0.12386,-0.15478,0.61860,65.72,65.00,0.0850,20,71.61,1
79.5008,1248,0.16462,-0.42605,0.58437,66.23,66.00,0.0886,14,71.12,1
79.5657,1249,0.16184,-0.54533,0.42500,68.62,68.00,0.1054,14,70.91,1
79.6282,1250,0.10824,-0.58383,0.14184,72.87,72.00,0.1351,12,71.62,1
79.6922,1251,0.08004,-0.60823,0.01457,74.78,74.00,0.1485,12,70.82,1
79.7532,1252,0.17375,-0.62180,0.34184,69.87,69.00,0.1141,18,74.77,1
79.8181,1253,0.20591,-0.64435,0.38293,69.26,69.00,0.1098,22,76.49,1
79.8842,1254,0.18173,-0.56903,0.22535,71.62,71.00,0.1263,15,79.12,1
79.9486,1255,0.19042,-0.29308,0.22588,71.61,71.00,0.1263,18,81.18,1
80.0126,1256,0.17451,-0.12678,0.14510,72.82,72.00,0.1348,17,81.65,1
80.0780,1257,0.11300,-0.06072,-0.07247,77.54,77.00,0.1424,17,83.02,1
80.1467,1258,0.04135,-0.07456,-0.27232,84.53,84.00,0.1214,17,84.14,1
80.2101,1259,-0.05351,-0.04411,-0.51581,93.05,92.00,0.0958,16,84.65,1
80.2744,1260,-0.12190,-0.00829,-0.62162,96.76,96.00,0.0847,18,83.44,1
80.3410,1261,-0.14541,0.08193,-0.55450,94.41,94.00,0.0918,20,82.55,1
80.4086,1262,-0.06955,0.01181,-0.17356,81.07,86.00,0.1318,20,83.03,1
80.4748,1263,0.05236,-0.23208,0.26724,70.99,78.00,0.1219,15,84.48,1
80.5435,1264,0.00000,-0.06161,0.04853,74.27,74.00,0.1449,12,81.20,1
80.6172,1265,-0.04322,0.09865,-0.17039,80.96,80.00,0.1321,11,81.68,1
80.6847,1266,-0.09554,0.30559,-0.32022,86.21,86.00,0.1164,14,81.94,1
80.7525,1267,-0.10783,0.21674,-0.30305,85.61,85.00,0.1182,11,81.94,1
80.8220,1268,-0.11063,0.07769,-0.26179,84.16,84.00,0.1225,12,83.25,1
80.8895,1269,-0.08980,0.09385,-0.15581,80.45,80.00,0.1336,13,82.46,1
80.9535,1270,-0.06457,0.23519,-0.06228,77.18,77.00,0.1435,15,83.28,1
81.0193,1271,-0.05448,0.43349,-0.04227,76.48,76.00,0.1456,15,83.62,1
81.0921,1272,-0.07837,0.50621,-0.14459,80.06,80.00,0.1348,15,86.66,1
81.1586,1273,-0.08890,0.63695,-0.17520,81.13,81.00,0.1316,14,89.69,1
81.2205,1274,-0.09763,0.45444,-0.19469,81.81,81.00,0.1296,13,89.69,1
81.2883,1275,-0.10219,0.33542,-0.19608,81.86,81.00,0.1294,15,91.55,1
81.3522,1276,-0.11135,0.35584,-0.21566,82.55,82.00,0.1274,17,95.30,1
81.4128,1277,-0.08597,0.28454,-0.11377,78.98,78.00,0.1381,23,96.07,1
81.4737,1278,-0.09186,0.22809,-0.14342,80.02,80.00,0.1349,19,98.86,1
81.5348,1279,-0.05900,0.14705,-0.03125,76.09,76.00,0.1467,25,101.61,1
81.5955,1280,0.00000,0.06561,0.10064,73.49,73.00,0.1394,25,97.25,1
81.6598,1281,-0.02622,0.01034,0.00519,74.92,74.00,0.1495,26,97.25,1
81.7280,1282,0.00000,-0.03709,0.05800,74.13,74.00,0.1439,26,97.25,1
81.7914,1283,-0.05391,0.21100,-0.15942,80.58,80.00,0.1333,16,97.25,1
81.8561,1284,-0.03355,0.12454,-0.07727,77.70,77.00,0.1419,19,97.25,1
81.9261,1285,0.00000,-0.10165,0.05802,74.13,74.00,0.1439,12,97.25,1
81.9886,1286,0.07703,-0.14745,0.25758,71.14,71.00,0.1230,14,97.25,1
82.0579,1287,0.09306,-0.42204,0.23033,71.55,71.00,0.1258,5,97.25,1
82.1199,1288,0.10865,-0.27852,0.22327,71.65,71.00,0.1266,15,97.25,1
82.1845,1289,0.05865,-0.15334,-0.00622,75.22,75.00,0.1493,20,97.25,1
82.2551,1290,-0.04317,0.10990,-0.35781,87.52,83.00,0.1124,21,96.82,1
82.3152,1291,-0.09804,0.22926,-0.47599,91.66,91.00,0.1000,23,96.82,1
82.3795,1292,-0.11206,0.32891,-0.42796,89.98,89.00,0.1051,24,98.14,1
82.4496,1293,-0.06446,0.24476,-0.18040,81.31,81.00,0.1311,19,98.14,1
82.5161,1294,0.00000,0.17117,0.00948,74.86,74.00,0.1490,19,98.43,1
82.5842,1295,0.02617,-0.02733,0.12083,73.19,73.00,0.1373,15,98.43,1
82.6568,1296,-0.02337,0.43769,-0.10431,78.65,78.00,0.1390,10,98.43,1
82.7243,1297,0.03473,0.14793,0.09724,73.54,73.00,0.1398,9,98.43,1
82.7904,1298,0.04405,-0.11894,0.08780,73.68,73.00,0.1408,8,98.43,1
82.8535,1299,0.00000,-0.03001,-0.09516,78.33,78.00,0.1400,12,99.78,1
82.9197,1300,0.00000,0.25863,-0.06424,77.25,77.00,0.1433,9,102.16,1
82.9821,1301,-0.03438,-0.13485,-0.20981,82.34,82.00,0.1280,11,103.74,1
83.0475,1302,-0.05958,-0.01304,-0.26408,84.24,84.00,0.1223,9,106.87,1
83.1094,1303,-0.02817,0.10050,-0.11468,79.01,79.00,0.1380,9,106.87,1
83.1767,1304,0.00000,-0.17721,0.02898,74.57,74.00,0.1470,8,107.38,1
83.2514,1305,0.03430,-0.28426,0.07225,73.92,73.00,0.1424,8,107.38,1
83.3196,1306,0.06104,-0.50516,0.12827,73.08,73.00,0.1365,8,107.38,1
83.3890,1307,0.03542,-0.45232,-0.00379,75.13,75.00,0.1496,10,111.34,1
83.4537,1308,0.00000,-0.71012,-0.09588,78.36,78.00,0.1399,9,111.34,1
83.5210,1309,0.02526,-0.75303,-0.03902,76.37,76.00,0.1459,10,111.34,1
83.5842,1310,0.00000,-0.44229,-0.16668,80.83,80.00,0.1325,13,113.01,1
83.6495,1311,0.00000,-0.39542,-0.13043,79.56,79.00,0.1363,9,116.51,1
83.7169,1312,0.00000,-0.46557,-0.06194,77.17,77.00,0.1435,10,116.51,1
83.7839,1313,0.00000,-0.39392,-0.07552,77.64,77.00,0.1421,15,118.16,1
83.8481,1314,-0.06025,-0.20232,-0.28419,84.95,84.00,0.1202,11,118.16,1
83.9110,1315,-0.08485,-0.19784,-0.32249,86.29,86.00,0.1161,14,119.89,1
83.9731,1316,-0.06871,-0.22456,-0.21564,82.55,82.00,0.1274,14,122.20,1
84.0372,1317,-0.03675,-0.33494,-0.08059,77.82,77.00,0.1415,16,125.08,1
84.0995,1318,-0.03163,-0.40861,-0.07063,77.47,77.00,0.1426,17,114.77,1
84.1619,1319,-0.02879,0.14401,-0.07051,77.47,77.00,0.1426,5,114.77,1
84.2265,1320,0.00000,0.19000,-0.01586,75.56,75.00,0.1483,12,114.77,1
84.2882,1321,0.00000,0.00239,-0.01996,75.70,75.00,0.1479,12,114.77,1
84.3514,1322,0.00000,-0.17006,-0.00753,75.26,75.00,0.1492,7,114.77,1
84.4119,1323,-0.02741,0.08759,-0.12809,79.48,79.00,0.1366,5,114.77,1
84.4779,1324,-0.03096,0.14318,-0.10430,78.65,78.00,0.0000,2,114.77,0
84.5476,1325,-0.06365,-0.17673,-0.20145,82.05,82.00,0.1288,4,114.77,1
84.6129,1326,0.00000,-0.62680,0.01536,74.77,74.00,0.1484,4,114.77,1
84.6812,1327,-0.07522,0.07399,-0.24192,83.47,82.00,0.1246,4,114.77,1
84.7461,1328,-0.11029,0.35773,-0.32614,86.42,86.00,0.1158,5,114.77,1
84.8124,1329,0.00000,0.68085,0.06714,73.99,78.00,0.1430,3,114.77,1
84.8782,1330,0.02149,0.70175,0.13988,72.90,72.00,0.1353,3,114.77,1
84.9525,1331,0.09977,-0.04011,0.34779,69.78,69.00,0.1135,4,114.77,1
85.0353,1332,0.07940,-0.61316,0.16373,72.54,72.00,0.1328,4,114.77,1
85.1012,1333,0.02829,-0.51610,-0.04971,76.74,76.00,0.1448,5,114.77,1
85.1692,1334,0.04622,-0.82687,0.01892,74.72,74.00,0.1480,4,114.77,1
85.2425,1335,0.03169,-1.02055,-0.03901,76.37,76.00,0.1459,5,114.77,1
85.3158,1336,0.02938,-1.23613,-0.01243,75.43,75.00,0.0000,1,114.77,0
85.3864,1337,0.02361,-0.30391,-0.02515,75.88,75.00,0.1474,6,114.77,1
85.4590,1338,0.11684,-0.58849,0.27458,70.88,70.00,0.1212,4,114.77,1
85.5248,1339,0.12587,-0.76401,0.25167,71.22,71.00,0.1236,6,114.77,1
85.5936,1340,0.02282,-0.47900,-0.14292,80.00,79.00,0.1350,7,114.77,1
85.6664,1341,0.00000,-0.68886,-0.13905,79.87,79.00,0.1354,7,114.77,1
85.7343,1342,0.00000,-0.61071,-0.11146,78.90,78.00,0.1383,8,114.77,1
85.8035,1343,0.00000,-0.61312,-0.10958,78.84,78.00,0.1385,9,114.77,1
85.8677,1344,0.07567,-0.78886,0.18646,72.20,72.00,0.1304,8,114.77,1
85.9320,1345,0.07100,-0.91161,0.13127,73.03,73.00,0.1362,8,114.77,1
85.9928,1346,0.02131,-0.58291,-0.06293,77.20,77.00,0.1434,9,114.77,1
86.0571,1347,0.00000,-0.36677,-0.06384,77.23,77.00,0.1433,9,114.77,1
86.1247,1348,-0.02194,-0.11887,-0.17435,81.10,81.00,0.1317,9,114.77,1
86.1979,1349,-0.04486,-0.07209,-0.20475,82.17,82.00,0.1285,10,114.77,1
86.2656,1350,-0.05937,-0.45387,-0.20781,82.27,82.00,0.1282,9,114.77,1
86.3374,1351,-0.03419,-0.65580,-0.07650,77.68,77.00,0.1420,10,114.77,1
86.4037,1352,-0.05566,-0.42801,-0.14077,79.93,79.00,0.1352,11,105.30,1
86.4732,1353,0.00000,-0.29249,0.02956,74.56,74.00,0.1469,11,105.30,1
86.5380,1354,0.00000,-0.36353,0.06279,74.06,74.00,0.1434,9,105.30,1
86.6132,1355,0.00000,-0.13004,0.01805,74.73,74.00,0.1481,12,105.30,1
86.6814,1356,0.04375,-0.11219,0.16945,72.46,72.00,0.1322,10,105.30,1
86.7508,1357,0.00000,0.08022,0.00904,74.86,74.00,0.1491,13,105.30,1
86.8202,1358,0.00000,0.03490,-0.00617,75.22,75.00,0.1494,13,108.37,1
86.8937,1359,0.00000,0.12842,-0.00286,75.10,75.00,0.1497,15,108.37,1
86.9587,1360,0.03088,0.06271,0.06529,74.02,74.00,0.1431,15,108.37,1
87.0221,1361,0.00000,0.02610,-0.01446,75.51,75.00,0.1485,15,108.37,1
87.0840,1362,0.04472,-0.19235,0.09835,73.52,73.00,0.1397,15,108.37,1
87.1495,1363,0.08492,-0.33992,0.21633,71.75,71.00,0.1273,16,108.37,1
87.2214,1364,0.11320,-0.52023,0.26331,71.05,71.00,0.1224,16,108.37,1
87.2854,1365,0.16600,-0.77187,0.39542,69.07,69.00,0.1085,12,108.37,1
87.3476,1366,0.10971,-0.59921,0.12974,73.05,73.00,0.1364,10,108.37,1
87.4108,1367,0.10986,-0.69077,0.12135,73.18,73.00,0.1373,7,108.37,1
87.4762,1368,0.04385,-0.17773,-0.11352,78.97,78.00,0.1381,9,108.37,1
87.5478,1369,0.04826,0.44795,-0.04613,76.61,76.00,0.1452,5,108.37,1
87.6195,1370,0.07613,0.86397,0.07965,73.81,73.00,0.1416,4,108.37,1
87.6886,1371,0.12126,1.07680,0.23178,71.52,71.00,0.1257,5,108.37,1
87.7563,1372,0.13624,1.35872,0.22538,71.62,71.00,0.0000,2,108.37,0
87.8221,1373,0.04801,1.17546,-0.07875,77.76,77.00,0.1417,4,108.37,1
87.8846,1374,0.03418,1.19673,-0.07963,77.79,77.00,0.0000,2,108.37,0
87.9498,1375,0.02148,1.21625,-0.07961,77.79,77.00,0.0000,2,108.37,0
88.0242,1376,0.00000,1.23691,-0.08820,78.09,78.00,0.0000,1,108.37,0
88.0890,1377,0.00000,1.25296,-0.07938,77.78,77.00,0.0000,1,108.37,0
88.1557,1378,0.00000,1.26764,-0.07144,77.50,77.00,0.0000,1,108.37,0
88.2198,1379,0.32642,-0.78126,0.68323,64.75,69.00,0.0783,3,108.37,1
88.2829,1380,0.37224,-1.09010,0.67528,64.87,64.00,0.0000,1,108.37,0
88.3485,1381,0.16435,-0.23953,0.03778,74.43,72.00,0.1460,3,108.37,1
88.4147,1382,0.15145,-0.12694,0.03356,74.50,74.00,0.0000,2,108.37,0
88.4730,1383,0.13694,0.11095,0.01480,74.78,74.00,0.1484,3,105.03,1
88.5333,1384,0.12536,0.23707,0.01254,74.81,74.00,0.0000,1,105.03,0
88.5954,1385,0.11190,0.63311,-0.00263,75.09,75.00,0.1497,3,105.03,1
88.6579,1386,0.21728,0.13935,0.36169,69.57,69.00,0.1120,3,105.03,1
88.7172,1387,0.23550,0.13499,0.35307,69.70,69.00,0.0000,1,105.03,0
88.7778,1388,0.25214,0.13100,0.35217,69.72,69.00,0.0000,2,105.03,0
88.8399,1389,0.26752,0.12732,0.35170,69.72,69.00,0.0000,1,105.03,0
88.9027,1390,0.28159,0.12395,0.35147,69.73,69.00,0.0000,2,105.03,0
88.9642,1391,-0.04999,0.53788,-0.49069,92.17,77.00,0.0985,4,105.03,1
89.0264,1392,-0.10064,0.61148,-0.48827,92.09,85.00,0.0000,2,105.03,0
89.0870,1393,-0.14431,0.67491,-0.48544,91.99,91.00,0.0000,2,105.03,0
89.1499,1394,-0.19606,0.83303,-0.55163,94.31,94.00,0.0921,4,105.03,1
89.2162,1395,-0.24195,0.91766,-0.54847,94.20,94.00,0.0000,2,105.03,0
89.2790,1396,-0.28083,0.98936,-0.54762,94.17,94.00,0.0000,2,105.03,0
89.3406,1397,-0.12911,0.60746,-0.07447,77.61,86.00,0.1422,3,105.03,1
89.4075,1398,-0.04187,0.62573,0.17203,72.42,78.00,0.1319,3,105.03,1
89.4747,1399,0.00000,0.60627,0.19056,72.14,72.00,0.0000,2,105.03,0
89.5380,1400,0.08486,0.45603,0.44099,68.39,68.00,0.1037,3,105.03,1
89.6051,1401,0.12986,0.40188,0.44094,68.39,68.00,0.0000,2,105.03,0
89.6701,1402,0.17862,0.41850,0.50874,67.37,67.00,0.0966,3,105.03,1
89.7378,1403,0.18209,0.37484,0.42609,68.61,68.00,0.1053,3,105.03,1
89.8086,1404,0.17747,0.66500,0.33496,69.98,69.00,0.1148,3,105.03,1
89.8757,1405,0.19834,0.72643,0.32275,70.16,70.00,0.0000,2,105.03,0
89.9503,1406,0.14567,0.88308,0.11733,73.24,73.00,0.1377,3,105.03,1
90.0195,1407,0.06305,0.67894,-0.13716,79.80,79.00,0.1356,3,105.03,1
90.0850,1408,-0.03014,0.53404,-0.38532,88.49,87.00,0.1095,3,105.03,1
90.1538,1409,-0.07538,0.43012,-0.42510,89.88,89.00,0.1054,3,105.03,1
90.2276,1410,-0.09882,0.25381,-0.38375,88.43,88.00,0.1097,4,105.03,1
90.2957,1411,-0.07024,0.09929,-0.19509,81.83,81.00,0.1295,4,105.03,1
90.3644,1412,0.05423,-0.00004,0.27140,70.93,73.00,0.1215,5,105.03,1
90.4421,1413,0.08605,-0.12461,0.27623,70.86,70.00,0.0000,0,105.03,0
90.5081,1414,0.11041,-0.21996,0.27683,70.85,70.00,0.0000,0,105.03,0
90.5779,1415,0.13344,-0.31011,0.27831,70.83,70.00,0.0000,0,105.03,0
90.6463,1416,0.15382,-0.38988,0.27934,70.81,70.00,0.0000,0,105.03,0
90.7248,1417,0.17503,-0.47292,0.28273,70.76,70.00,0.0000,0,105.03,0
90.7882,1418,0.19034,-0.53287,0.28255,70.76,70.00,0.0000,0,105.03,0
90.8562,1419,0.20509,-0.59060,0.28321,70.75,70.00,0.0000,0,105.03,0
90.9290,1420,0.21939,-0.64660,0.28469,70.73,70.00,0.0000,0,105.03,0
90.9964,1421,0.23122,-0.69290,0.28513,70.72,70.00,0.0000,0,105.03,0
91.0674,1422,0.24236,-0.73651,0.28594,70.71,70.00,0.0000,0,105.03,0
91.1468,1423,0.25378,-0.78120,0.28787,70.68,70.00,0.0000,1,105.03,0
91.2165,1424,0.26266,-0.81598,0.28841,70.67,70.00,0.0000,0,105.03,0
91.2940,1425,0.27167,-0.85127,0.28977,70.65,70.00,0.0000,0,105.03,0
91.3598,1426,0.27847,-0.87789,0.28987,70.65,70.00,0.0000,1,105.03,0
91.4286,1427,0.28497,-0.90333,0.29028,70.65,70.00,0.0000,2,105.03,0
91.5005,1428,0.29100,-0.92692,0.29080,70.64,70.00,0.0000,0,105.03,0
91.5689,1429,0.29620,-0.94727,0.29108,70.63,70.00,0.0000,2,105.03,0
91.6380,1430,0.30093,-0.96580,0.29138,70.63,70.00,0.0000,1,105.03,0
91.7052,1431,0.30506,-0.98195,0.29153,70.63,70.00,0.0000,1,105.03,0
91.7687,1432,0.30857,-0.99569,0.29150,70.63,70.00,0.0000,1,105.03,0
91.8297,1433,0.31161,-1.00760,0.29137,70.63,70.00,0.0000,2,105.03,0
91.8928,1434,0.31443,-1.01865,0.29132,70.63,70.00,0.0000,1,105.03,0
91.9526,1435,0.31683,-1.02804,0.29116,70.63,70.00,0.0000,1,105.03,0
92.0135,1436,0.31905,-1.03672,0.29106,70.63,70.00,0.0000,1,105.03,0
92.0713,1437,0.32091,-1.04402,0.29086,70.64,70.00,0.0000,2,105.03,0
92.1332,1438,0.00000,0.00000,0.00000,75.00,75.00,0.0000,0,105.03,0
92.2012,1439,0.00000,0.00000,0.00000,75.00,75.00,0.0000,0,105.03,0
92.2607,1440,0.18584,-0.97098,0.16977,72.45,72.00,0.1322,3,105.03,1
92.3200,1441,0.18656,-0.97477,0.16576,72.51,72.00,0.0000,1,105.03,0
92.3849,1442,0.18729,-0.97855,0.16578,72.51,72.00,0.0000,0,105.03,0
92.4531,1443,0.18796,-0.98208,0.16581,72.51,72.00,0.0000,2,105.03,0
92.5162,1444,0.18853,-0.98503,0.16580,72.51,72.00,0.0000,2,105.03,0
92.5808,1445,0.18905,-0.98775,0.16580,72.51,72.00,0.0000,1,105.03,0
92.6461,1446,0.18952,-0.99021,0.16581,72.51,72.00,0.0000,1,105.03,0
92.7112,1447,0.18994,-0.99241,0.16581,72.51,72.00,0.0000,0,105.03,0
92.7741,1448,0.19031,-0.99434,0.16581,72.51,72.00,0.0000,1,105.03,0
92.8401,1449,0.19066,-0.99616,0.16581,72.51,72.00,0.0000,1,105.03,0
92.8988,1450,0.19094,-0.99762,0.16579,72.51,72.00,0.0000,1,105.03,0
92.9559,1451,0.19118,-0.99890,0.16577,72.51,72.00,0.0000,1,105.03,0
93.0149,1452,0.19141,-1.00008,0.16575,72.51,72.00,0.0000,1,105.03,0
93.0750,1453,0.19162,-1.00116,0.16574,72.51,72.00,0.0000,1,105.03,0
93.1365,1454,0.19181,-1.00217,0.16573,72.51,72.00,0.0000,0,105.03,0
93.1968,1455,0.19198,-1.00305,0.16572,72.51,72.00,0.0000,1,105.03,0
93.2567,1456,0.19213,-1.00384,0.16571,72.51,72.00,0.0000,2,105.03,0
93.3166,1457,0.19226,-1.00455,0.16570,72.51,72.00,0.0000,1,105.03,0
93.3750,1458,0.19238,-1.00517,0.16569,72.51,72.00,0.0000,0,105.03,0
93.4356,1459,0.19249,-1.00574,0.16568,72.51,72.00,0.0000,1,105.03,0
93.4977,1460,0.19260,-1.00629,0.16568,72.51,72.00,0.0000,0,105.03,0
93.5586,1461,0.19269,-1.00676,0.16568,72.51,72.00,0.0000,0,105.03,0
93.6222,1462,0.19277,-1.00721,0.16568,72.51,72.00,0.0000,1,105.03,0
93.6853,1463,0.19285,-1.00761,0.16568,72.51,72.00,0.0000,1,105.03,0
93.7510,1464,0.19292,-1.00798,0.16568,72.51,72.00,0.0000,1,105.03,0
93.8156,1465,0.19298,-1.00831,0.16568,72.51,72.00,0.0000,2,105.03,0
93.8820,1466,0.00000,0.00000,0.00000,75.00,75.00,0.0000,0,105.03,0
93.9549,1467,0.19396,0.97104,0.17990,72.30,72.00,0.1311,5,105.03,1
94.0203,1468,0.11223,-0.09218,-0.00978,75.34,75.00,0.1490,7,102.38,1
94.0842,1469,0.12985,-0.41353,0.09441,73.58,73.00,0.1401,10,100.69,1
94.1485,1470,0.07984,-0.68547,-0.09072,78.18,78.00,0.1405,17,99.62,1
94.2164,1471,0.00000,-0.72550,-0.37886,88.26,86.00,0.1102,12,97.36,1
94.2794,1472,-0.15378,-0.94540,-0.76542,101.79,94.00,0.0696,6,97.36,1
94.3391,1473,-0.04879,-1.06275,-0.21353,82.47,86.00,0.1276,5,97.36,1
94.4020,1474,0.05775,-0.64601,0.20951,71.86,78.00,0.1280,8,94.12,1
94.4645,1475,0.15043,-0.56627,0.48748,67.69,70.00,0.0988,7,94.12,1
94.5268,1476,0.17842,-0.74772,0.48668,67.70,67.00,0.0989,6,87.01,1
94.5887,1477,0.19364,0.02298,0.45074,68.24,68.00,0.1027,5,87.01,1
94.6500,1478,0.22316,0.22392,0.42858,68.57,68.00,0.0000,2,87.01,0
94.7108,1479,0.24934,0.31485,0.42724,68.59,68.00,0.0000,0,87.01,0
94.7721,1480,0.27319,0.39769,0.42628,68.61,68.00,0.0000,0,87.01,0
94.8353,1481,0.29508,0.47370,0.42577,68.61,68.00,0.0000,0,87.01,0
94.8997,1482,0.31554,0.54474,0.42596,68.61,68.00,0.0000,0,87.01,0
94.9587,1483,0.33218,0.60253,0.42462,68.63,68.00,0.0000,0,87.01,0
95.0182,1484,0.34741,0.65543,0.42363,68.65,68.00,0.0000,0,87.01,0
95.0767,1485,0.36086,0.70212,0.42252,68.66,68.00,0.0000,0,87.01,0
95.1355,1486,0.37292,0.74403,0.42149,68.68,68.00,0.0000,0,87.01,0
95.1936,1487,0.38384,0.78192,0.42060,68.69,68.00,0.0000,0,87.01,0
95.2519,1488,0.39359,0.81580,0.41975,68.70,68.00,0.0000,0,87.01,0
95.3087,1489,0.40213,0.84546,0.41877,68.72,68.00,0.0000,0,87.01,0
95.3652,1490,0.40977,0.87200,0.41786,68.73,68.00,0.0000,0,87.01,0
95.4223,1491,0.41674,0.89618,0.41711,68.74,68.00,0.0000,0,87.01,0
95.4788,1492,0.42279,0.91721,0.41626,68.76,68.00,0.0000,0,87.01,0
95.5363,1493,0.42863,0.93748,0.41582,68.76,68.00,0.0000,0,87.01,0
95.5914,1494,0.43353,0.95450,0.41512,68.77,68.00,0.0000,0,87.01,0
95.6486,1495,0.43811,0.97039,0.41464,68.78,68.00,0.0000,0,87.01,0
95.7068,1496,0.44228,0.98489,0.41425,68.79,68.00,0.0000,0,87.01,0
95.7648,1497,0.44604,0.99793,0.41390,68.79,68.00,0.0000,0,87.01,0
95.8214,1498,0.44936,1.00947,0.41353,68.80,68.00,0.0000,0,87.01,0
95.8801,1499,0.45243,1.02013,0.41327,68.80,68.00,0.0000,0,87.01,0
95.9398,1500,0.45525,1.02992,0.41309,68.80,68.00,0.0000,0,87.01,0
95.9979,1501,0.45773,1.03854,0.41287,68.81,68.00,0.0000,0,87.01,0
96.0580,1502,0.45999,1.04640,0.41270,68.81,68.00,0.0000,0,87.01,0
96.1205,1503,0.00000,0.00000,0.00000,75.00,75.00,0.0000,1,87.01,0
96.1840,1504,0.00000,0.00000,0.00000,75.00,75.00,0.0000,0,87.01,0
96.2465,1505,0.00000,0.00000,0.00000,75.00,75.00,0.0000,0,87.01,0
96.3059,1506,0.00000,0.00000,0.00000,75.00,75.00,0.0000,0,87.01,0
96.3649,1507,0.00000,0.00000,0.00000,75.00,75.00,0.0000,0,87.01,0
96.4263,1508,0.00000,0.00000,0.00000,75.00,75.00,0.0000,0,87.01,0
96.4846,1509,0.00000,0.00000,0.00000,75.00,75.00,0.0000,0,87.01,0
96.5441,1510,0.00000,0.00000,0.00000,75.00,75.00,0.0000,0,87.01,0
96.6081,1511,0.00000,0.00000,0.00000,75.00,75.00,0.0000,0,87.01,0
96.6775,1512,0.00000,0.00000,0.00000,75.00,75.00,0.0000,0,87.01,0
96.7413,1513,0.00000,0.00000,0.00000,75.00,75.00,0.0000,0,87.01,0
96.8038,1514,0.00000,0.00000,0.00000,75.00,75.00,0.0000,0,87.01,0
96.8675,1515,0.00000,0.00000,0.00000,75.00,75.00,0.0000,0,87.01,0
96.9299,1516,0.00000,0.00000,0.00000,75.00,75.00,0.0000,0,87.01,0
96.9915,1517,0.00000,0.00000,0.00000,75.00,75.00,0.0000,0,87.01,0
97.0527,1518,0.00000,0.00000,0.00000,75.00,75.00,0.0000,0,87.01,0
97.1147,1519,0.00000,0.00000,0.00000,75.00,75.00,0.0000,1,87.01,0
97.1789,1520,0.00000,0.00000,0.00000,75.00,75.00,0.0000,0,87.01,0
97.2496,1521,0.00000,0.00000,0.00000,75.00,75.00,0.0000,1,87.01,0
97.3225,1522,0.00000,0.00000,0.00000,75.00,75.00,0.0000,2,87.01,0
97.3885,1523,0.00000,0.00000,0.00000,75.00,75.00,0.0000,2,87.01,0
97.4520,1524,-0.15376,-0.53819,-0.14102,79.94,79.00,0.1352,3,87.01,1
97.5169,1525,-0.15447,-0.54067,-0.13757,79.81,79.00,0.0000,2,87.01,0
97.5850,1526,-0.18429,-0.53774,-0.22698,82.94,82.00,0.1262,3,87.01,1
97.6488,1527,-0.19191,-0.53869,-0.22256,82.79,82.00,0.0000,2,87.01,0
97.7138,1528,-0.19881,-0.53954,-0.22264,82.79,82.00,0.0000,0,87.01,0
97.7826,1529,-0.20537,-0.54036,-0.22301,82.81,82.00,0.0000,0,87.01,0
97.8464,1530,-0.21083,-0.54104,-0.22296,82.80,82.00,0.0000,1,87.01,0
97.9125,1531,-0.21592,-0.54167,-0.22307,82.81,82.00,0.0000,1,87.01,0
97.9842,1532,-0.02649,-0.28596,0.20208,71.97,74.00,0.1288,7,87.01,1
98.0626,1533,-0.02495,-0.40705,0.14667,72.80,72.00,0.1346,5,87.01,1
98.1246,1534,0.00000,-0.69476,0.15174,72.72,72.00,0.1341,3,87.01,1
98.1907,1535,0.03390,-0.87906,0.25564,71.17,71.00,0.1232,3,87.01,1
98.2599,1536,0.06277,-0.99472,0.25820,71.13,71.00,0.0000,1,87.01,0
98.3212,1537,0.08553,-1.08596,0.25725,71.14,71.00,0.0000,0,87.01,0
98.3849,1538,0.10686,-1.17143,0.25710,71.14,71.00,0.0000,2,87.01,0
98.4478,1539,-0.05713,-0.09537,-0.21382,82.48,79.00,0.1275,4,87.01,1
98.5124,1540,0.08050,-0.52858,0.21729,71.74,71.00,0.1272,8,83.71,1
98.5838,1541,0.09423,-0.44487,0.21880,71.72,71.00,0.1270,11,79.34,1
98.6482,1542,0.04722,-0.15664,0.02267,74.66,74.00,0.1476,7,77.30,1
98.7127,1543,0.04466,-0.04329,0.01856,74.72,74.00,0.0000,1,77.30,0
98.7760,1544,0.04238,0.05224,0.01858,74.72,74.00,0.0000,1,77.30,0
98.8428,1545,0.04023,0.14255,0.01850,74.72,74.00,0.0000,1,77.30,0
98.9042,1546,0.03845,0.21715,0.01857,74.72,74.00,0.0000,1,77.30,0
98.9696,1547,0.03674,0.28874,0.01855,74.72,74.00,0.0000,2,74.27,0
99.0444,1548,0.03500,0.36208,0.01834,74.72,74.00,0.0000,2,74.27,0
99.1116,1549,0.03358,0.42144,0.01829,74.73,74.00,0.0000,2,74.27,0
99.1811,1550,0.03809,0.97056,0.02973,74.55,74.00,0.1469,4,74.27,1
99.2571,1551,-0.02737,1.04496,-0.14035,79.91,79.00,0.1353,3,74.27,1
99.3336,1552,-0.03557,1.08155,-0.12923,79.52,79.00,0.1364,4,74.27,1
99.4027,1553,-0.05016,1.08447,-0.14883,80.21,80.00,0.1344,4,74.27,1
99.4684,1554,0.00000,1.07231,0.03602,74.46,74.00,0.1462,3,74.27,1
99.5395,1555,0.05943,1.05577,0.25350,71.20,71.00,0.1234,4,74.27,1
99.6078,1556,0.09938,0.62379,0.32797,70.08,70.00,0.1156,5,74.27,1
99.6747,1557,0.11806,0.20837,0.31970,70.20,70.00,0.1164,9,74.27,1
99.7401,1558,0.08447,0.08473,0.14263,72.86,72.00,0.1350,7,68.85,1
99.8133,1559,0.09143,-0.02450,0.14707,72.79,72.00,0.1346,4,68.85,1
99.8827,1560,0.04468,-0.06381,-0.02875,76.01,76.00,0.1470,6,68.85,1
99.9488,1561,0.04649,-0.38036,0.00206,74.97,74.00,0.1498,8,64.76,1
100.0169,1562,0.04390,-0.51373,0.00986,74.85,74.00,0.1490,12,60.65,1
100.1000,1563,0.02644,-0.46579,-0.03281,76.15,76.00,0.1466,15,57.26,1
100.1699,1564,0.03926,-0.22912,0.03270,74.51,74.00,0.1466,16,54.44,1
100.2379,1565,0.04355,-0.04760,0.05286,74.21,74.00,0.1444,20,52.12,1
100.3175,1566,0.07324,0.18061,0.15425,72.69,72.00,0.1338,23,50.27,1
100.3880,1567,0.07530,0.23926,0.13922,72.91,72.00,0.1354,22,48.70,1
100.4620,1568,0.06896,0.27361,0.10121,73.48,73.00,0.1394,23,47.30,1
100.5317,1569,0.03557,0.25870,-0.01662,75.58,75.00,0.1483,22,45.96,1
100.6117,1570,0.00000,0.34450,-0.10604,78.71,78.00,0.1389,23,44.94,1
100.6795,1571,-0.03558,0.40642,-0.19083,81.68,81.00,0.1300,21,43.98,1
100.7489,1572,-0.07396,0.45350,-0.26457,84.26,84.00,0.1222,20,43.08,1
100.8152,1573,-0.10080,0.55236,-0.29034,85.16,85.00,0.1195,20,42.23,1
100.8818,1574,-0.06909,0.32881,-0.11572,79.05,79.00,0.1378,19,43.69,1
100.9556,1575,0.02619,-0.06749,0.23268,71.51,71.00,0.1256,15,42.41,1
101.0180,1576,0.05632,-0.25190,0.27988,70.80,70.00,0.1206,16,41.14,1
101.0816,1577,0.06362,-0.38072,0.24267,71.36,71.00,0.1245,17,39.85,1
101.1442,1578,0.05559,-0.60195,0.16666,72.50,72.00,0.1325,16,39.09,1
101.2112,1579,0.07172,-0.53594,0.19292,72.11,72.00,0.1297,14,38.39,1
101.2841,1580,0.09225,-0.54568,0.22773,71.58,71.00,0.1261,15,37.64,1
101.3565,1581,0.12085,-0.61549,0.28595,70.71,70.00,0.1200,16,37.04,1
101.4251,1582,0.10930,-0.45367,0.20136,71.98,71.00,0.1289,17,38.39,1
101.4927,1583,0.13511,-0.44985,0.26764,70.99,70.00,0.1219,17,38.55,1
101.5654,1584,0.14915,-0.58073,0.27941,70.81,70.00,0.1207,16,38.13,1
101.6324,1585,0.10852,-0.35614,0.10960,73.36,73.00,0.1385,16,40.13,1
101.7017,1586,0.08218,-0.08957,0.02983,74.55,74.00,0.1469,16,41.58,1
101.7655,1587,0.07735,0.03962,0.03945,74.41,74.00,0.1459,16,42.83,1
101.8321,1588,0.05841,0.08280,-0.00211,75.07,75.00,0.1498,18,43.73,1
101.9053,1589,0.10036,-0.23080,0.17606,72.36,72.00,0.1315,17,43.60,1
101.9711,1590,0.15969,-0.51438,0.36842,69.47,69.00,0.1113,18,43.99,1
102.0379,1591,0.16561,-0.57363,0.33671,69.95,69.00,0.1146,19,46.09,1
102.1108,1592,0.20073,-0.75881,0.41414,68.79,68.00,0.1065,20,47.18,1
102.1843,1593,0.23938,-0.78639,0.48973,67.65,67.00,0.0986,18,48.17,1
102.2521,1594,0.24758,-0.72793,0.45596,68.16,68.00,0.1021,19,48.63,1
102.3187,1595,0.23494,-0.64009,0.36622,69.51,69.00,0.1115,21,49.15,1
102.3853,1596,0.22402,-0.33794,0.30769,70.38,70.00,0.1177,21,49.86,1
102.4579,1597,0.20041,-0.05472,0.22215,71.67,71.00,0.1267,20,50.62,1
102.5211,1598,0.15375,0.21320,0.07819,73.83,73.00,0.1418,23,51.00,1
102.5888,1599,0.10352,0.39004,-0.04473,76.57,76.00,0.1453,25,51.11,1
102.6522,1600,0.06030,0.42198,-0.12337,79.32,79.00,0.1370,25,53.21,1
102.7204,1601,0.00000,0.44764,-0.19843,81.94,81.00,0.1292,25,54.94,1
102.7842,1602,-0.04796,0.62109,-0.32222,86.28,86.00,0.1162,27,56.98,1
102.8480,1603,-0.11902,0.86175,-0.45464,90.91,90.00,0.1023,26,57.06,1
102.9162,1604,-0.17167,1.01528,-0.49736,92.41,92.00,0.0978,24,57.34,1
102.9789,1605,-0.19835,1.08912,-0.46477,91.27,91.00,0.1012,20,58.88,1
103.0440,1606,-0.20383,1.11966,-0.37246,88.04,88.00,0.1109,20,60.23,1
103.1097,1607,-0.19311,1.11923,-0.25481,83.92,83.00,0.1232,20,60.58,1
103.1725,1608,-0.18863,1.10137,-0.19533,81.84,81.00,0.1295,19,61.75,1
103.2423,1609,-0.18531,1.07861,-0.15462,80.41,80.00,0.1338,19,62.29,1
103.3046,1610,-0.17929,1.01289,-0.11997,79.20,79.00,0.1374,18,63.06,1
103.3695,1611,-0.19710,1.00484,-0.17707,81.20,81.00,0.1314,10,67.49,1
103.4289,1612,-0.16823,1.00007,-0.06268,77.19,77.00,0.1434,14,69.25,1
103.4891,1613,-0.18795,0.99737,-0.14310,80.01,80.00,0.1350,13,72.16,1
103.5516,1614,-0.13753,0.85803,0.03854,74.42,74.00,0.1460,18,72.47,1
103.6151,1615,-0.10810,0.77187,0.10528,73.42,73.00,0.1389,18,72.40,1
103.6804,1616,-0.08860,0.74458,0.12288,73.16,73.00,0.1371,18,72.09,1
103.7561,1617,-0.09264,0.83933,0.05156,74.23,74.00,0.1446,15,71.61,1
103.8206,1618,-0.10592,0.91308,-0.02293,75.80,75.00,0.1476,14,72.58,1
103.8842,1619,-0.10327,0.96359,-0.02536,75.89,75.00,0.1473,14,72.84,1
103.9502,1620,-0.11196,0.99634,-0.06653,77.33,77.00,0.1430,14,74.44,1
104.0192,1621,-0.09352,0.85493,-0.00501,75.18,75.00,0.1495,14,75.44,1
104.0802,1622,-0.09188,0.73223,-0.01433,75.50,75.00,0.1485,14,76.19,1
104.1415,1623,-0.06336,0.49487,0.07203,73.92,73.00,0.1424,14,77.38,1
104.2039,1624,-0.05400,0.59856,0.07373,73.89,73.00,0.1423,14,78.64,1
104.2713,1625,-0.06373,0.46721,0.00857,74.87,74.00,0.1491,11,79.74,1
104.3428,1626,-0.03714,0.02468,0.08506,73.72,73.00,0.1411,11,81.22,1
104.4095,1627,-0.02864,-0.19957,0.08422,73.74,73.00,0.1412,10,83.36,1
104.4773,1628,-0.03213,-0.32703,0.04434,74.33,74.00,0.1453,9,85.76,1
104.5497,1629,0.00000,-0.68914,0.10173,73.47,73.00,0.1393,10,87.56,1
104.6179,1630,0.00000,-0.95846,0.12310,73.15,73.00,0.1371,11,88.90,1
104.6888,1631,0.02105,-1.11054,0.14949,72.76,72.00,0.1343,10,89.71,1
104.7633,1632,0.04985,-1.17507,0.21021,71.85,71.00,0.1279,11,90.41,1
104.8289,1633,0.00000,-1.17302,0.01710,74.74,74.00,0.1482,13,90.07,1
104.8948,1634,-0.02894,-1.14938,-0.09882,78.46,78.00,0.1396,13,89.75,1
104.9616,1635,0.00000,-0.92081,0.02082,74.69,74.00,0.1478,15,88.92,1
105.0276,1636,0.00000,-0.81431,0.05573,74.16,74.00,0.1441,16,87.54,1
105.0885,1637,0.03612,-0.87396,0.14542,72.82,72.00,0.1347,14,86.25,1
105.1524,1638,0.03911,-0.92269,0.12906,73.06,73.00,0.1364,13,86.32,1
105.2229,1639,0.03740,-0.96123,0.10056,73.49,73.00,0.1394,17,84.84,1
105.2886,1640,0.02951,-0.79045,0.06092,74.09,74.00,0.1436,17,83.72,1
105.3531,1641,0.04197,-0.56748,0.10146,73.48,73.00,0.1393,18,83.33,1
105.4170,1642,0.03626,-0.67925,0.07105,73.93,73.00,0.1425,16,80.76,1
105.4805,1643,0.00000,-0.51641,-0.03215,76.13,76.00,0.1466,14,77.82,1
105.5467,1644,0.00000,-0.14307,-0.04827,76.69,76.00,0.1449,14,77.82,1
105.6153,1645,-0.02023,0.20615,-0.08450,77.96,77.00,0.1411,13,77.39,1
105.6768,1646,0.00000,-0.03361,0.05160,74.23,74.00,0.1446,18,75.40,1
105.7403,1647,0.05232,-0.16074,0.18552,72.22,72.00,0.1305,18,74.96,1
105.8047,1648,0.02607,0.14170,0.06143,74.08,74.00,0.1435,14,73.76,1
105.8680,1649,0.00000,0.27230,-0.01651,75.58,75.00,0.1483,16,73.25,1
105.9359,1650,0.00000,0.56621,-0.06340,77.22,77.00,0.1433,12,73.45,1
106.0094,1651,-0.03987,0.55960,-0.12362,79.33,79.00,0.1370,17,72.32,1
106.0914,1652,-0.04064,0.59081,-0.08360,77.93,77.00,0.1412,18,72.16,1
106.1599,1653,-0.05611,0.73068,-0.11319,78.96,78.00,0.1381,14,72.44,1
106.2278,1654,0.00000,0.58742,0.06520,74.02,74.00,0.1432,13,73.56,1
106.2975,1655,-0.03897,0.54640,-0.04232,76.48,76.00,0.1456,19,73.61,1
106.3621,1656,-0.02772,0.43206,0.00519,74.92,74.00,0.1495,18,75.40,1
106.4332,1657,-0.05183,0.46030,-0.07997,77.80,77.00,0.1416,15,76.96,1
106.4952,1658,-0.08834,0.56942,-0.19002,81.65,81.00,0.1300,17,76.36,1
106.5605,1659,-0.11886,0.62324,-0.25645,83.98,83.00,0.1231,18,76.09,1
106.6288,1660,-0.07863,0.73151,-0.06552,77.29,77.00,0.1431,12,76.18,1
106.6987,1661,-0.11954,0.86417,-0.20352,82.12,82.00,0.1286,8,76.18,1
106.7623,1662,-0.10395,0.73779,-0.11889,79.16,79.00,0.1375,18,75.33,1
106.8277,1663,-0.07650,0.58025,-0.01467,75.51,75.00,0.1485,21,75.73,1
106.8965,1664,-0.07333,0.44268,-0.01941,75.68,75.00,0.1480,24,75.40,1
106.9640,1665,-0.02898,0.66850,0.11959,73.21,73.00,0.1374,14,75.14,1
107.0313,1666,-0.02259,0.83648,0.09762,73.54,73.00,0.1398,14,74.12,1
107.0999,1667,-0.04178,0.95117,-0.00458,75.16,75.00,0.1495,12,73.48,1
107.1682,1668,0.02298,1.01825,0.20731,71.89,71.00,0.1282,9,73.96,1
107.2337,1669,0.07656,0.60250,0.33620,69.96,69.00,0.1147,12,73.96,1
107.2963,1670,0.05972,0.74607,0.20277,71.96,71.00,0.1287,15,74.14,1
107.3676,1671,0.05204,0.69258,0.12992,73.05,73.00,0.1364,19,73.75,1
107.4358,1672,0.08502,0.34805,0.22043,71.69,71.00,0.1269,16,73.66,1
107.5131,1673,0.18162,-0.30047,0.50221,67.47,67.00,0.0973,14,74.99,1
107.5798,1674,0.21537,-0.77886,0.52064,67.19,67.00,0.0953,17,75.53,1
107.6530,1675,0.19548,-0.81508,0.35358,69.70,69.00,0.1129,17,76.51,1
107.7172,1676,0.12487,-0.73693,0.07031,73.95,73.00,0.1426,15,76.96,1
107.7821,1677,0.02952,-0.51768,-0.23431,83.20,81.00,0.1254,15,79.48,1
107.8499,1678,-0.05631,0.01646,-0.43759,90.32,89.00,0.1041,14,82.75,1
107.9197,1679,-0.16318,0.56300,-0.67075,98.48,97.00,0.0796,14,88.18,1
107.9855,1680,-0.22802,0.90824,-0.72701,100.45,100.00,0.0737,12,88.18,1
108.0508,1681,-0.26212,1.06667,-0.68255,98.89,98.00,0.0783,14,91.81,1
108.1151,1682,-0.22234,0.86539,-0.40987,89.35,90.00,0.1070,19,94.29,1
108.1804,1683,-0.09303,0.22948,0.10147,73.48,82.00,0.1393,18,93.74,1
108.2496,1684,0.09861,-0.20276,0.70300,64.46,74.00,0.0762,18,92.97,1
108.3131,1685,0.28906,-0.56786,1.00000,60.00,66.00,0.0450,14,91.37,1
108.3798,1686,0.26760,0.02041,0.82733,62.59,62.00,0.0631,13,89.84,1
108.4511,1687,0.26250,0.12625,0.62602,65.61,65.00,0.0843,15,86.44,1
108.5136,1688,0.34753,-0.21648,0.81533,62.77,62.00,0.0644,20,83.74,1
108.5782,1689,0.32283,-0.46601,0.59314,66.10,66.00,0.0877,17,82.80,1
108.6435,1690,0.21784,-0.31632,0.15424,72.69,72.00,0.1338,18,82.48,1
108.7069,1691,0.06149,0.04016,-0.35831,87.54,80.00,0.1124,16,84.13,1
108.7732,1692,-0.03882,-0.39945,-0.56005,94.60,88.00,0.0912,5,88.72,1
108.8466,1693,-0.08721,-0.47914,-0.53092,93.58,93.00,0.0943,4,88.72,1
108.9120,1694,-0.03854,-0.30966,-0.21532,82.54,85.00,0.1274,8,87.55,1
108.9802,1695,0.00000,-0.40044,0.03234,74.51,77.00,0.1466,7,87.29,1
109.0531,1696,-0.09155,0.20766,-0.31974,86.19,85.00,0.1164,15,89.42,1
109.1149,1697,-0.09530,0.16348,-0.25308,83.86,83.00,0.1234,21,88.82,1
109.1774,1698,-0.02726,0.03922,0.04095,74.39,75.00,0.1457,20,86.86,1
109.2422,1699,0.04596,-0.03842,0.28691,70.70,70.00,0.1199,19,85.51,1
109.3099,1700,0.14186,-0.02283,0.55396,66.69,66.00,0.0918,16,85.50,1
109.3816,1701,0.23879,-0.16065,0.76139,63.58,63.00,0.0701,15,83.80,1
109.4462,1702,0.24041,-0.14033,0.62158,65.68,65.00,0.0847,19,81.58,1
109.5113,1703,0.18527,-0.08550,0.32940,70.06,70.00,0.1154,17,81.47,1
109.5812,1704,0.06251,-0.05102,-0.12316,79.31,78.00,0.1371,14,82.49,1
109.6464,1705,-0.13160,0.11792,-0.71621,100.07,86.00,0.0748,15,84.99,1
109.7103,1706,-0.06510,0.43281,-0.29173,85.21,85.00,0.1194,9,84.99,1
109.7818,1707,-0.09830,0.78217,-0.30950,85.83,85.00,0.1175,4,84.99,1
109.8518,1708,-0.04720,0.33694,-0.04725,76.65,77.00,0.1450,6,84.99,1
109.9304,1709,-0.13124,-0.33092,-0.31084,85.88,85.00,0.1174,4,84.99,1
109.9999,1710,-0.20130,0.20766,-0.47263,91.54,91.00,0.1004,14,86.68,1
110.0722,1711,-0.25427,0.55085,-0.54334,94.02,94.00,0.0929,15,87.88,1
110.1495,1712,-0.27887,0.61102,-0.50596,92.71,92.00,0.0969,16,89.37,1
110.2263,1713,-0.27407,0.61279,-0.39356,88.77,88.00,0.1087,19,89.10,1
110.2934,1714,-0.11496,0.52533,0.19081,72.14,80.00,0.1300,19,87.26,1
110.3646,1715,0.09443,0.21502,0.81096,62.84,72.00,0.0648,18,84.10,1
110.4406,1716,0.27651,-0.38436,1.00000,60.00,64.00,0.0450,11,89.69,1
110.5173,1717,0.13726,-0.82787,0.40706,68.89,68.00,0.1073,15,86.37,1
110.5865,1718,-0.04005,-0.90017,-0.26661,84.33,76.00,0.1220,15,84.08,1
110.6556,1719,0.15432,-0.77613,0.47551,67.87,68.00,0.1001,8,90.17,1
110.7292,1720,0.29268,-0.53842,0.84616,62.31,62.00,0.0612,12,88.13,1
110.7971,1721,0.30732,-0.35068,0.73188,64.02,64.00,0.0732,12,85.89,1
110.8642,1722,0.22721,0.06811,0.33757,69.94,69.00,0.1146,13,84.83,1
110.9398,1723,0.07222,0.47361,-0.21322,82.46,77.00,0.1276,8,87.75,1
111.0091,1724,0.00000,0.58004,-0.33921,86.87,85.00,0.1144,21,86.45,1
111.0802,1725,-0.08459,0.66028,-0.50691,92.74,92.00,0.0968,15,86.13,1
111.1558,1726,-0.16652,0.61145,-0.61747,96.61,96.00,0.0852,20,85.22,1
111.2244,1727,-0.18785,0.59064,-0.52938,93.53,93.00,0.0944,22,84.74,1
111.2936,1728,-0.11119,0.52220,-0.13997,79.90,85.00,0.1353,26,82.75,1
111.3611,1729,0.05672,0.24875,0.45848,68.12,77.00,0.1019,21,84.21,1
111.4242,1730,0.02129,-0.31477,0.23183,71.52,71.00,0.1257,20,82.04,1
111.4887,1731,-0.10584,0.06471,-0.25691,83.99,79.00,0.1230,14,80.77,1
111.5510,1732,-0.13224,0.29823,-0.28867,85.10,85.00,0.1197,13,80.26,1
111.6166,1733,-0.14078,0.39002,-0.25409,83.89,83.00,0.1233,15,79.49,1
111.6837,1734,-0.17785,0.41341,-0.33122,86.59,86.00,0.1152,16,78.32,1
111.7592,1735,-0.21005,0.55692,-0.37276,88.05,88.00,0.1109,15,76.45,1
111.8289,1736,-0.19209,0.53909,-0.24602,83.61,83.00,0.1242,12,75.32,1
111.9047,1737,-0.13916,0.42826,-0.03553,76.24,76.00,0.1463,12,75.95,1
111.9702,1738,-0.05341,0.27305,0.23261,71.51,71.00,0.1256,13,77.44,1
112.0382,1739,0.03919,0.12975,0.46602,68.01,68.00,0.1011,14,79.39,1
112.1101,1740,0.12418,0.05111,0.62057,65.69,65.00,0.0848,12,81.24,1
112.1737,1741,0.16421,-0.16376,0.61695,65.75,65.00,0.0852,10,83.72,1
112.2368,1742,0.14969,-0.26237,0.43786,68.43,68.00,0.1040,9,86.32,1
112.3012,1743,0.13365,-0.22429,0.30135,70.48,70.00,0.1184,11,88.04,1
112.3649,1744,0.12043,-0.04572,0.21259,71.81,71.00,0.1277,15,87.30,1
112.4289,1745,0.08013,0.00889,0.05372,74.19,74.00,0.1444,20,86.70,1
112.4956,1746,0.03246,0.11584,-0.09261,78.24,78.00,0.1403,13,86.94,1
112.5596,1747,-0.02498,0.17852,-0.24250,83.49,83.00,0.1245,15,87.18,1
112.6270,1748,-0.05724,0.14429,-0.27259,84.54,84.00,0.1214,12,86.70,1
112.6997,1749,-0.07393,0.16891,-0.24426,83.55,83.00,0.1244,12,86.51,1
112.7780,1750,-0.07782,0.11579,-0.18192,81.37,81.00,0.1309,13,86.43,1
112.8468,1751,-0.06741,0.18906,-0.10258,78.59,78.00,0.1392,10,86.46,1
112.9139,1752,-0.05668,0.21452,-0.04431,76.55,76.00,0.1453,11,86.61,1
112.9823,1753,-0.04500,0.15788,0.00240,74.96,74.00,0.1497,15,86.32,1
113.0558,1754,-0.04116,0.10529,0.01032,74.85,74.00,0.1489,14,86.29,1
113.1176,1755,-0.03906,0.09323,0.01160,74.83,74.00,0.1488,13,86.03,1
113.1795,1756,-0.03642,0.08623,0.01483,74.78,74.00,0.1484,14,85.38,1
113.2467,1757,-0.03473,0.07894,0.01348,74.80,74.00,0.1486,14,84.79,1
113.3139,1758,-0.03161,0.07810,0.01788,74.73,74.00,0.1481,14,84.25,1
113.3745,1759,-0.02780,0.08446,0.02469,74.63,74.00,0.1474,14,83.57,1
113.4368,1760,-0.02634,0.07454,0.02201,74.67,74.00,0.1477,14,83.15,1
113.4984,1761,-0.02481,0.06673,0.02061,74.69,74.00,0.1478,14,82.78,1
113.5618,1762,-0.02006,0.06744,0.03092,74.54,74.00,0.1468,14,82.22,1
113.6222,1763,-0.02506,0.03581,0.00574,74.91,74.00,0.1494,14,82.54,1
113.6837,1764,-0.02303,0.03392,0.01085,74.84,74.00,0.1489,14,82.27,1
113.7461,1765,-0.02845,0.01561,-0.01134,75.40,75.00,0.1488,14,82.57,1
113.8114,1766,-0.02353,0.03605,0.00755,74.89,74.00,0.1492,14,82.05,1
113.8725,1767,-0.02823,0.01826,-0.01140,75.40,75.00,0.1488,14,82.36,1
113.9365,1768,-0.02608,0.02461,-0.00247,75.09,75.00,0.1497,14,82.09,1
113.9963,1769,-0.02083,0.04007,0.01505,74.77,74.00,0.1484,14,81.61,1
114.0561,1770,0.00000,0.03064,0.03995,74.40,74.00,0.1458,13,81.40,1
114.1161,1771,0.00000,0.01939,0.04016,74.40,74.00,0.1458,13,81.18,1
114.1727,1772,0.00000,0.00420,0.04035,74.39,74.00,0.1458,14,81.03,1
114.2308,1773,0.00000,0.00840,0.03173,74.52,74.00,0.1467,14,80.89,1
114.2887,1774,0.00000,0.01212,0.02692,74.60,74.00,0.1472,14,80.77,1
114.3497,1775,0.00000,-0.00008,0.02992,74.55,74.00,0.1469,13,80.73,1
114.4098,1776,0.00000,-0.01642,0.00658,74.90,74.00,0.1493,14,81.18,1
114.4672,1777,0.00000,-0.01777,0.01506,74.77,74.00,0.1484,13,81.08,1
114.5303,1778,0.00000,0.00385,0.02439,74.63,74.00,0.1474,14,80.72,1
114.5895,1779,0.00000,0.00219,0.02644,74.60,74.00,0.1472,14,80.62,1
114.6472,1780,0.00000,-0.00900,0.00431,74.94,74.00,0.1495,14,81.08,1
114.7046,1781,0.00000,-0.00880,0.01285,74.81,74.00,0.1487,13,80.97,1
114.7680,1782,0.00000,-0.01220,0.02446,74.63,74.00,0.1474,13,80.86,1
114.8313,1783,0.00000,-0.02922,0.00858,74.87,74.00,0.1491,13,81.36,1
114.8973,1784,-0.02519,-0.03782,-0.02408,75.84,75.00,0.1475,13,81.81,1
114.9584,1785,-0.02291,-0.01211,-0.01081,75.38,75.00,0.1489,14,81.60,1
115.0180,1786,0.00000,-0.00870,0.02106,74.68,74.00,0.1478,13,81.45,1
115.0780,1787,0.00000,0.00496,0.02302,74.65,74.00,0.1476,14,81.29,1
115.1419,1788,0.00000,0.00007,0.03048,74.54,74.00,0.1468,13,81.15,1
115.2112,1789,-0.02136,-0.01152,-0.01008,75.35,75.00,0.1489,14,81.57,1
115.2790,1790,0.00000,-0.00108,0.01624,74.76,74.00,0.1483,13,81.37,1
115.3386,1791,0.00000,0.00024,0.02177,74.67,74.00,0.1477,13,81.21,1
115.4015,1792,0.00000,0.00246,0.02407,74.64,74.00,0.1475,13,81.09,1
115.4624,1793,0.00000,-0.00155,0.02987,74.55,74.00,0.1469,13,80.98,1
115.5215,1794,0.00000,0.00398,0.03721,74.44,74.00,0.1461,13,80.67,1
115.5823,1795,0.00000,-0.00535,0.03390,74.49,74.00,0.1464,13,80.60,1
115.6412,1796,0.00000,-0.02594,0.03599,74.46,74.00,0.1462,13,80.57,1
115.7007,1797,0.00000,-0.02581,0.02962,74.56,74.00,0.1469,13,80.50,1
115.7606,1798,0.00000,-0.02023,0.02266,74.66,74.00,0.1476,13,80.42,1
115.8226,1799,0.00000,-0.03182,0.02492,74.63,74.00,0.1474,13,80.42,1
115.8809,1800,0.00000,-0.04441,0.02504,74.62,74.00,0.1474,13,80.45,1
115.9437,1801,0.00000,-0.03198,0.01863,74.72,74.00,0.1480,13,80.37,1
116.0166,1802,0.00000,-0.02263,0.01276,74.81,74.00,0.1487,13,80.30,1
116.0784,1803,0.00000,-0.01483,0.00939,74.86,74.00,0.1490,13,80.24,1
116.1400,1804,0.00000,-0.02696,-0.01073,75.38,75.00,0.1489,13,80.76,1
116.2048,1805,0.00000,-0.01592,-0.00053,75.02,75.00,0.1499,13,80.65,1
116.2770,1806,0.00000,-0.02655,0.01840,74.72,74.00,0.1481,13,80.58,1
116.3479,1807,0.00000,-0.02882,0.02493,74.63,74.00,0.1474,13,80.57,1
116.4077,1808,0.00000,-0.03757,0.03012,74.55,74.00,0.1468,13,80.53,1
116.4659,1809,0.00000,-0.02485,0.02313,74.65,74.00,0.1476,13,80.46,1
116.5244,1810,0.00000,-0.02727,0.00909,74.86,74.00,0.1490,13,80.77,1
116.5835,1811,0.00000,-0.02388,0.01462,74.78,74.00,0.1485,13,80.68,1
116.6394,1812,0.00000,-0.03663,0.02527,74.62,74.00,0.1473,13,80.66,1
116.6966,1813,0.00000,-0.02920,0.02500,74.62,74.00,0.1474,13,80.56,1
116.7600,1814,0.00000,-0.04188,0.00124,74.98,74.00,0.1499,13,81.05,1
116.8174,1815,-0.02002,-0.05284,-0.02428,75.85,75.00,0.1475,13,81.49,1
116.8733,1816,0.00000,-0.05159,0.01670,74.75,74.00,0.1482,13,81.34,1
116.9287,1817,0.00000,-0.04842,0.02624,74.61,74.00,0.1472,13,81.17,1
116.9846,1818,0.00000,-0.05238,0.03215,74.52,74.00,0.1466,12,81.12,1
117.0392,1819,0.00000,-0.05063,0.03389,74.49,74.00,0.1464,13,81.03,1
117.0947,1820,0.00000,-0.05729,0.04446,74.33,74.00,0.1453,13,80.76,1
117.1505,1821,0.00000,-0.06867,0.01771,74.73,74.00,0.1481,13,81.22,1
117.2061,1822,0.00000,-0.06256,0.02106,74.68,74.00,0.1478,13,81.12,1
117.2630,1823,0.00000,-0.05669,0.01842,74.72,74.00,0.1481,13,81.02,1
117.3203,1824,0.00000,-0.08364,0.02830,74.58,74.00,0.1470,12,80.95,1
117.3813,1825,0.00000,-0.08019,0.03789,74.43,74.00,0.1460,13,80.68,1
117.4442,1826,0.00000,-0.07676,0.03311,74.50,74.00,0.1465,13,80.64,1
117.5041,1827,0.00000,-0.06841,0.02361,74.65,74.00,0.1475,13,80.64,1
117.5650,1828,0.00000,-0.06297,0.01702,74.74,74.00,0.1482,13,80.63,1
117.6278,1829,0.00000,-0.03805,0.01699,74.75,74.00,0.1482,13,80.35,1
117.6892,1830,0.00000,-0.05165,0.01952,74.71,74.00,0.1480,12,80.35,1
117.7487,1831,0.00000,0.09238,-0.01211,75.42,75.00,0.1487,15,79.98,1
117.8138,1832,0.00000,0.21027,0.00039,74.99,74.00,0.1500,15,79.12,1
117.8843,1833,0.00000,0.26619,0.02531,74.62,74.00,0.1473,17,78.05,1
117.9499,1834,0.00000,0.27191,0.05417,74.19,74.00,0.1443,18,77.40,1
118.0133,1835,0.00000,0.35814,0.03456,74.48,74.00,0.1464,18,76.85,1
118.0806,1836,0.00000,0.40341,0.05065,74.24,74.00,0.1447,17,76.53,1
118.1539,1837,0.03142,0.31687,0.10521,73.42,73.00,0.1390,15,75.13,1
118.2191,1838,0.09474,0.32628,0.30433,70.44,70.00,0.1180,13,72.28,1
118.2819,1839,0.13954,0.17039,0.40050,68.99,68.00,0.1079,13,70.17,1
118.3455,1840,0.13752,0.01891,0.31994,70.20,70.00,0.1164,8,67.95,1
118.4162,1841,0.14977,0.02135,0.30728,70.39,70.00,0.1177,11,65.72,1
118.4803,1842,0.16439,0.06628,0.31660,70.25,70.00,0.1168,13,64.09,1
118.5433,1843,0.14239,0.15639,0.20235,71.96,71.00,0.1288,12,64.31,1
118.6123,1844,0.09789,0.17442,0.03838,74.42,74.00,0.1460,13,64.50,1
118.6850,1845,0.06959,0.18134,-0.02751,75.96,75.00,0.1471,13,64.94,1
118.7503,1846,0.05184,0.17418,-0.04789,76.68,76.00,0.1450,13,65.47,1
118.8146,1847,0.04039,0.14482,-0.04620,76.62,76.00,0.1451,12,65.94,1
118.8817,1848,0.04841,0.22258,0.02150,74.68,74.00,0.1477,13,66.24,1
118.9483,1849,0.06047,0.26917,0.08399,73.74,73.00,0.1412,14,66.51,1
119.0148,1850,0.06556,0.29818,0.10722,73.39,73.00,0.1387,13,66.82,1
119.0766,1851,0.06163,0.25310,0.09404,73.59,73.00,0.1401,13,66.98,1
119.1386,1852,0.06854,0.25331,0.12161,73.18,73.00,0.1372,14,67.27,1
119.1995,1853,0.06742,0.26947,0.11555,73.27,73.00,0.1379,13,67.52,1
119.2574,1854,0.07049,0.28705,0.12606,73.11,73.00,0.1368,13,67.78,1
119.3153,1855,0.06837,0.28961,0.11662,73.25,73.00,0.1378,13,67.96,1
119.3728,1856,0.07080,0.30626,0.12566,73.12,73.00,0.1368,13,68.10,1
119.4302,1857,0.06861,0.29662,0.11694,73.25,73.00,0.1377,13,68.28,1
119.4858,1858,0.06971,0.29651,0.12203,73.17,73.00,0.1372,13,68.46,1
119.5431,1859,0.06418,0.28182,0.10290,73.46,73.00,0.1392,12,68.60,1
119.5998,1860,0.06343,0.28608,0.10500,73.42,73.00,0.1390,13,68.65,1
119.6559,1861,0.06759,0.28291,0.12404,73.14,73.00,0.1370,13,68.75,1
119.7178,1862,0.07329,0.29363,0.14475,72.83,72.00,0.1348,14,68.77,1
119.7737,1863,0.07067,0.29360,0.13228,73.02,73.00,0.1361,13,68.77,1
119.8281,1864,0.07085,0.32064,0.13281,73.01,73.00,0.1361,13,68.57,1
119.8831,1865,0.06776,0.30447,0.12192,73.17,73.00,0.1372,13,68.74,1
119.9393,1866,0.06615,0.28901,0.11888,73.22,73.00,0.1375,13,68.85,1
119.9969,1867,0.06487,0.28876,0.11793,73.23,73.00,0.1376,13,68.90,1
120.0539,1868,0.06190,0.28358,0.11126,73.33,73.00,0.1383,12,68.91,1
120.1154,1869,0.05950,0.28125,0.10840,73.37,73.00,0.1386,12,68.86,1
120.1760,1870,0.06121,0.28208,0.12049,73.19,73.00,0.1373,13,68.86,1
120.2394,1871,0.05925,0.28151,0.11723,73.24,73.00,0.1377,12,68.90,1
120.3019,1872,0.06802,0.29248,0.15215,72.72,72.00,0.1340,14,68.90,1
120.3638,1873,0.06658,0.23774,0.14411,72.84,72.00,0.1349,14,68.86,1
120.4313,1874,0.06963,0.24814,0.15393,72.69,72.00,0.1338,14,68.92,1
120.4982,1875,0.06401,0.24852,0.13221,73.02,73.00,0.1361,12,69.02,1
120.5580,1876,0.06523,0.26150,0.13936,72.91,72.00,0.1354,13,68.98,1
120.6182,1877,0.06414,0.27240,0.13723,72.94,72.00,0.1356,13,68.97,1
120.6806,1878,0.06263,0.27328,0.13442,72.98,72.00,0.1359,13,69.06,1
120.7433,1879,0.05973,0.26670,0.12752,73.09,73.00,0.1366,12,69.13,1
120.8033,1880,0.06154,0.24894,0.13869,72.92,72.00,0.1354,14,68.86,1
120.8693,1881,0.06042,0.21265,0.13748,72.94,72.00,0.1356,14,68.86,1
120.9325,1882,0.05705,0.18076,0.12879,73.07,73.00,0.1365,13,68.89,1
120.9970,1883,0.06242,0.24866,0.15258,72.71,72.00,0.1340,13,68.65,1
121.0654,1884,0.06145,0.21913,0.14912,72.76,72.00,0.1343,14,68.70,1
121.1281,1885,0.06193,0.23996,0.15189,72.72,72.00,0.1341,13,68.84,1
121.1980,1886,0.06711,0.25943,0.17065,72.44,72.00,0.1321,14,68.96,1
121.2661,1887,0.07674,0.28870,0.20071,71.99,71.00,0.1289,15,69.00,1
121.3290,1888,0.07133,0.30081,0.17379,72.39,72.00,0.1318,13,69.06,1
121.3944,1889,0.06666,0.26906,0.15613,72.66,72.00,0.1336,13,69.12,1
121.4671,1890,0.07441,0.31907,0.18604,72.21,72.00,0.1305,14,68.86,1
121.5311,1891,0.07301,0.31798,0.17799,72.33,72.00,0.1313,14,68.87,1
121.5943,1892,0.07770,0.29429,0.19343,72.10,72.00,0.1297,15,68.99,1
121.6551,1893,0.08190,0.29999,0.20459,71.93,71.00,0.1285,15,68.99,1
121.7182,1894,0.07914,0.30024,0.18976,72.15,72.00,0.1301,14,68.97,1
121.7795,1895,0.08242,0.29686,0.20025,72.00,71.00,0.1290,15,69.02,1
121.8396,1896,0.08357,0.28646,0.20171,71.97,71.00,0.1288,15,69.03,1
121.9018,1897,0.07833,0.28297,0.18114,72.28,72.00,0.1310,14,69.09,1
121.9678,1898,0.08151,0.29012,0.19533,72.07,72.00,0.1295,15,69.08,1
122.0327,1899,0.08061,0.29101,0.19243,72.11,72.00,0.1298,14,69.15,1
122.1001,1900,0.07890,0.24962,0.18799,72.18,72.00,0.1303,15,69.13,1
122.1644,1901,0.08202,0.26806,0.20158,71.98,71.00,0.1288,15,69.11,1
122.2251,1902,0.07936,0.30573,0.19255,72.11,72.00,0.1298,14,68.85,1
122.2869,1903,0.07953,0.26121,0.19568,72.06,72.00,0.1295,16,68.92,1
122.3522,1904,0.08306,0.27833,0.21034,71.84,71.00,0.1279,15,68.89,1
122.4212,1905,0.08199,0.23985,0.20605,71.91,71.00,0.1284,16,68.99,1
122.4817,1906,0.07975,0.21663,0.19937,72.01,72.00,0.1291,15,68.99,1
122.5446,1907,0.07037,0.18615,0.16978,72.45,72.00,0.1322,14,68.96,1
122.6092,1908,0.06394,0.18027,0.15730,72.64,72.00,0.1335,14,68.96,1
122.6773,1909,0.05571,0.16447,0.14176,72.87,72.00,0.1351,13,68.98,1
122.7476,1910,0.05415,0.15877,0.15250,72.71,72.00,0.1340,14,69.00,1
122.8103,1911,0.06125,0.16329,0.18821,72.18,72.00,0.1302,15,69.09,1
122.8729,1912,0.05910,0.15426,0.18400,72.24,72.00,0.1307,14,69.17,1
122.9378,1913,0.06792,0.16570,0.21799,71.73,71.00,0.1271,16,69.25,1
122.9976,1914,0.07458,0.18202,0.23647,71.45,71.00,0.1252,16,69.23,1
123.0577,1915,0.06551,0.16315,0.19679,72.05,72.00,0.1293,13,69.29,1
123.1189,1916,0.06856,0.16909,0.20838,71.87,71.00,0.1281,15,69.27,1
123.1877,1917,0.07305,0.18293,0.22206,71.67,71.00,0.1267,16,69.36,1
123.2515,1918,0.07865,0.19589,0.23663,71.45,71.00,0.1252,16,69.29,1
123.3115,1919,0.07819,0.24961,0.22787,71.58,71.00,0.1261,13,69.29,1
123.3733,1920,0.06754,0.19137,0.18608,72.21,72.00,0.1305,13,69.39,1
123.4348,1921,0.06282,0.22257,0.17433,72.39,72.00,0.1317,12,69.40,1
123.5016,1922,0.05265,0.16643,0.14656,72.80,72.00,0.1346,12,69.45,1
123.5708,1923,0.05632,0.13614,0.17281,72.41,72.00,0.1319,13,69.45,1
123.6332,1924,0.06566,0.12794,0.21048,71.84,71.00,0.1279,14,69.31,1
123.6955,1925,0.09147,0.18914,0.29616,70.56,70.00,0.1189,15,68.62,1
123.7584,1926,0.07065,0.16964,0.20245,71.96,71.00,0.1287,14,68.34,1
123.8248,1927,0.07281,0.20692,0.21052,71.84,71.00,0.1279,18,68.01,1
123.8878,1928,0.06939,0.15154,0.19753,72.04,72.00,0.1293,15,67.80,1
123.9484,1929,0.06220,0.11502,0.17438,72.38,72.00,0.1317,15,67.34,1
124.0133,1930,0.00000,0.02294,0.00834,74.87,74.00,0.1491,15,67.46,1
124.0756,1931,0.00000,0.39445,-0.01352,75.47,75.00,0.1486,15,67.15,1
124.1376,1932,0.00000,0.52567,0.03878,74.42,74.00,0.1459,17,66.74,1
124.2048,1933,0.02410,0.63302,0.16889,72.47,72.00,0.1323,18,66.94,1
124.2749,1934,0.04881,0.45983,0.25195,71.22,71.00,0.1235,17,67.20,1
124.3406,1935,0.07610,0.07555,0.32482,70.13,70.00,0.1159,18,67.29,1
124.4040,1936,0.12149,-0.02867,0.44573,68.31,68.00,0.1032,19,67.76,1
124.4711,1937,0.13600,-0.06806,0.43364,68.50,68.00,0.1045,20,67.83,1
124.5331,1938,0.16601,-0.34326,0.48608,67.71,67.00,0.0990,19,67.57,1
124.6022,1939,0.14211,-0.26233,0.33973,69.90,69.00,0.1143,18,64.65,1
124.6686,1940,0.05301,-0.22934,0.01225,74.82,74.00,0.1487,15,61.52,1
124.7368,1941,0.00000,-0.01823,-0.07629,77.67,77.00,0.1420,17,59.23,1
124.8047,1942,0.00000,0.13231,-0.06279,77.20,77.00,0.1434,17,56.95,1
124.8690,1943,0.03580,0.27171,0.14094,72.89,72.00,0.1352,17,53.87,1
124.9358,1944,0.05397,0.28860,0.21353,71.80,71.00,0.1276,20,52.63,1
125.0094,1945,0.12488,-0.00560,0.44632,68.31,68.00,0.1031,19,53.70,1
125.0764,1946,0.17723,-0.27981,0.56410,66.54,66.00,0.0908,20,54.47,1
125.1489,1947,0.19251,-0.37589,0.52579,67.11,67.00,0.0948,18,55.40,1
125.2140,1948,0.10606,-0.32347,0.16783,72.48,72.00,0.1324,16,54.35,1
125.2779,1949,0.05206,-0.51273,0.00358,74.95,74.00,0.1496,10,55.41,1
125.3446,1950,0.00000,-0.48177,-0.07605,77.66,77.00,0.1420,8,56.50,1
125.4072,1951,-0.03875,-0.43174,-0.18662,81.53,81.00,0.1304,11,56.62,1
125.4760,1952,-0.07506,-0.17414,-0.21763,82.62,82.00,0.1271,9,57.16,1
125.5417,1953,-0.04905,-0.52595,-0.03970,76.39,76.00,0.1458,5,57.16,1
125.6052,1954,-0.05043,-0.30426,-0.00468,75.16,75.00,0.1495,11,58.98,1
125.6724,1955,0.00000,-0.18069,0.21427,71.79,71.00,0.1275,20,59.17,1
125.7460,1956,0.08116,-0.07373,0.45190,68.22,68.00,0.1026,27,60.11,1
125.8125,1957,0.13418,0.16310,0.56100,66.59,66.00,0.0911,27,61.08,1
125.8802,1958,0.16159,0.35907,0.55942,66.61,66.00,0.0913,27,62.15,1
125.9495,1959,0.11003,0.46455,0.29517,70.57,70.00,0.1190,27,62.15,1
126.0235,1960,0.04733,0.52165,0.06433,74.04,74.00,0.1432,27,62.15,1
126.0890,1961,0.00000,0.54173,-0.01680,75.59,75.00,0.1482,27,62.15,1
126.1558,1962,0.07255,0.55809,0.23645,71.45,71.00,0.1252,27,63.21,1
126.2239,1963,0.16333,0.26765,0.53611,66.96,66.00,0.0937,26,62.64,1
126.2895,1964,0.23385,0.02475,0.69899,64.52,64.00,0.0766,25,62.59,1
126.3608,1965,0.26571,-0.22773,0.69064,64.64,64.00,0.0775,21,62.45,1
126.4282,1966,0.19726,-0.34010,0.35979,69.60,69.00,0.1122,18,61.73,1
126.4942,1967,0.09858,-0.23076,0.00938,74.86,74.00,0.1490,11,58.88,1
126.5590,1968,-0.02525,-0.20311,-0.34842,87.19,82.00,0.1134,5,59.39,1
126.6299,1969,-0.07790,-0.60152,-0.37522,88.13,88.00,0.1106,5,59.39,1
126.6970,1970,-0.09978,0.07733,-0.31185,85.91,85.00,0.1173,5,58.55,1
126.7649,1971,-0.13961,-0.37344,-0.33592,86.76,86.00,0.1147,4,58.55,1
126.8437,1972,-0.19016,-0.45008,-0.37242,88.03,88.00,0.0000,2,58.55,0
126.9124,1973,-0.22950,-0.50972,-0.39900,88.97,88.00,0.0000,1,58.55,0
126.9781,1974,-0.26379,-0.56171,-0.42366,89.83,89.00,0.0000,2,58.55,0
127.0462,1975,-0.40960,0.58645,-0.75304,101.36,97.00,0.0709,3,58.55,1
127.1116,1976,-0.48367,0.36675,-0.86822,105.39,105.00,0.0588,4,58.55,1
127.1812,1977,-0.49496,0.34842,-0.77234,102.03,102.00,0.0689,5,58.55,1
127.2449,1978,-0.36346,0.50104,-0.22807,82.98,94.00,0.1261,4,58.55,1
127.3095,1979,-0.35564,0.59267,-0.24464,83.56,86.00,0.0000,1,58.55,0
127.3804,1980,-0.27412,0.15771,-0.01032,75.36,78.00,0.1489,9,58.55,1
127.4451,1981,-0.11819,-0.05763,0.42077,68.69,70.00,0.1058,16,57.10,1
127.5104,1982,-0.05483,-0.54297,0.47570,67.86,67.00,0.1001,15,54.73,1
127.5846,1983,0.00000,-0.53382,0.45654,68.15,68.00,0.1021,16,52.53,1
127.6468,1984,0.00000,-0.39871,0.36015,69.60,69.00,0.1122,11,49.90,1
127.7099,1985,0.00000,-0.35284,0.18408,72.24,72.00,0.1307,8,48.61,1
127.7774,1986,-0.02341,-0.27446,0.09119,73.63,73.00,0.1404,6,48.61,1
127.8521,1987,-0.03193,-0.62264,0.01941,74.71,74.00,0.1480,4,49.95,1
127.9175,1988,-0.03892,-0.33417,-0.02329,75.82,75.00,0.1476,7,49.95,1
127.9808,1989,0.00000,-0.30368,0.11439,73.28,73.00,0.1380,10,49.95,1
128.0482,1990,0.04668,-0.23157,0.22308,71.65,71.00,0.1266,12,53.45,1
128.1214,1991,0.03818,-0.11558,0.12885,73.07,73.00,0.1365,13,53.45,1
128.1849,1992,0.03181,-0.08569,0.07649,73.85,73.00,0.1420,17,53.92,1
128.2491,1993,0.06589,-0.16726,0.17663,72.35,72.00,0.1315,16,54.30,1
128.3157,1994,0.11431,-0.27775,0.30537,70.42,70.00,0.1179,16,54.18,1
128.3843,1995,0.14837,-0.37172,0.35644,69.65,69.00,0.1126,17,54.72,1
128.4600,1996,0.16897,-0.39671,0.35002,69.75,69.00,0.1132,15,55.14,1
128.5259,1997,0.15850,-0.41104,0.25746,71.14,71.00,0.1230,12,54.49,1
128.5956,1998,0.17502,-0.41768,0.28051,70.79,70.00,0.1205,14,54.64,1
128.6647,1999,0.18804,-0.42673,0.29120,70.63,70.00,0.1194,16,54.97,1
128.7445,2000,0.18145,-0.43917,0.23269,71.51,71.00,0.1256,15,55.29,1
128.8130,2001,0.14473,-0.33168,0.09522,73.57,73.00,0.1400,11,53.22,1
128.8811,2002,0.12647,-0.21743,0.05310,74.20,74.00,0.1444,10,52.02,1
128.9469,2003,0.10587,-0.21688,0.01047,74.84,74.00,0.1489,11,50.59,1
129.0115,2004,0.07742,-0.32674,-0.05181,76.81,76.00,0.1446,12,50.88,1
129.0850,2005,0.03780,-0.17992,-0.13475,79.72,79.00,0.1359,13,51.67,1
129.1489,2006,0.00000,-0.10880,-0.21040,82.36,82.00,0.1279,14,51.98,1
129.2166,2007,-0.04359,-0.05494,-0.27842,84.74,84.00,0.1208,12,52.45,1
129.2891,2008,-0.06358,-0.06568,-0.25637,83.97,83.00,0.1231,11,53.09,1
129.3557,2009,-0.05317,-0.01975,-0.15176,80.31,80.00,0.1341,14,53.25,1
129.4220,2010,-0.03850,-0.04328,-0.06149,77.15,77.00,0.1435,13,53.26,1
129.4909,2011,0.00000,-0.18156,0.08542,73.72,73.00,0.1410,13,54.00,1
129.5645,2012,0.04647,-0.28461,0.22601,71.61,71.00,0.1263,12,53.82,1
129.6296,2013,0.06673,-0.24957,0.24899,71.27,71.00,0.1239,12,52.79,1
129.7001,2014,0.09737,-0.05586,0.30348,70.45,70.00,0.1181,10,52.21,1
129.7755,2015,0.11421,-0.13144,0.29787,70.53,70.00,0.1187,10,51.82,1
129.8420,2016,0.08441,-0.29151,0.14938,72.76,72.00,0.1343,10,52.10,1
129.9081,2017,0.00000,-0.38649,-0.13782,79.82,79.00,0.1355,12,52.56,1
129.9803,2018,-0.04001,-0.49392,-0.22762,82.97,82.00,0.1261,10,53.85,1
130.0485,2019,-0.07044,-0.10872,-0.26044,84.12,84.00,0.1227,9,54.80,1
130.1137,2020,-0.12363,0.02198,-0.37244,88.04,88.00,0.1109,9,56.42,1
130.1832,2021,-0.13823,0.44888,-0.32982,86.54,86.00,0.1154,9,57.61,1
130.2454,2022,-0.12805,0.57657,-0.22823,82.99,82.00,0.1260,10,57.99,1
130.3082,2023,-0.11261,0.23499,-0.13528,79.73,79.00,0.1358,11,58.19,1
130.3753,2024,-0.05537,-0.03689,0.07965,73.81,73.00,0.1416,10,57.19,1
130.4395,2025,0.05244,-0.03420,0.41994,68.70,68.00,0.1059,13,56.68,1
130.5035,2026,0.15069,-0.09765,0.65563,65.17,65.00,0.0812,12,56.37,1
130.5805,2027,0.20506,-0.30614,0.66791,64.98,64.00,0.0799,12,57.80,1
130.6472,2028,0.23159,-0.24256,0.62195,65.67,65.00,0.0847,13,58.40,1
130.7173,2029,0.20229,-0.01546,0.40305,68.95,68.00,0.1077,13,58.84,1
130.7902,2030,0.11620,-0.07582,0.05387,74.19,74.00,0.1443,13,59.61,1
130.8578,2031,0.00000,0.19071,-0.31062,85.87,82.00,0.1174,12,61.79,1
130.9258,2032,-0.11331,0.35931,-0.58516,95.48,90.00,0.0886,12,63.23,1
131.0009,2033,-0.11828,0.73553,-0.42310,89.81,89.00,0.1056,12,63.62,1
131.0695,2034,-0.10894,0.80777,-0.28111,84.84,84.00,0.1205,13,63.75,1
131.1407,2035,-0.12412,0.95258,-0.26184,84.16,84.00,0.1225,11,64.16,1
131.2134,2036,-0.13160,0.70832,-0.22769,82.97,82.00,0.1261,10,64.51,1
131.2794,2037,-0.11262,0.47030,-0.12228,79.28,79.00,0.1372,11,64.68,1
131.3472,2038,-0.06937,0.23826,0.03972,74.40,74.00,0.1458,15,64.83,1
131.4176,2039,-0.03525,0.14570,0.13087,73.04,73.00,0.1363,12,64.64,1
131.4809,2040,0.03341,0.22099,0.32564,70.12,70.00,0.1158,12,63.92,1
131.5442,2041,0.06634,0.33474,0.35986,69.60,69.00,0.1122,11,62.79,1
131.6073,2042,0.08905,0.40525,0.35916,69.61,69.00,0.1123,11,61.32,1
131.6687,2043,0.07526,0.47300,0.23843,71.42,71.00,0.1250,10,61.09,1
131.7286,2044,0.03504,0.25268,0.05891,74.12,74.00,0.1438,12,62.55,1
131.7900,2045,-0.03551,0.19667,-0.18629,81.52,81.00,0.1304,13,64.10,1
131.8574,2046,-0.10866,0.14773,-0.38215,88.38,88.00,0.1099,13,64.04,1
131.9229,2047,-0.13064,0.27960,-0.36344,87.72,87.00,0.1118,11,65.45,1
131.9956,2048,-0.18423,0.05122,-0.45874,91.06,91.00,0.1018,13,65.59,1
132.0621,2049,-0.20030,0.27442,-0.41829,89.64,89.00,0.1061,12,66.16,1
132.1326,2050,-0.16369,0.38152,-0.21349,82.47,82.00,0.1276,14,66.59,1
132.2074,2051,-0.11168,0.34387,-0.01232,75.43,75.00,0.1487,12,65.68,1
132.2908,2052,0.00000,-0.04748,0.35923,69.61,69.00,0.1123,12,66.07,1
132.3615,2053,0.15414,0.09511,0.73474,63.98,63.00,0.0729,14,65.75,1
132.4363,2054,0.19696,-0.31827,0.68374,64.74,64.00,0.0782,15,65.21,1
132.5039,2055,0.20035,-0.25242,0.54682,66.80,66.00,0.0926,14,64.92,1
132.5779,2056,0.17191,-0.28234,0.33683,69.95,69.00,0.1146,13,66.06,1
132.6454,2057,0.11162,0.09487,0.08570,73.71,73.00,0.1410,13,66.14,1
132.7132,2058,0.02327,0.34877,-0.20082,82.03,81.00,0.1289,12,66.48,1
132.7831,2059,-0.04758,0.05626,-0.36151,87.65,87.00,0.1120,14,66.59,1
132.8495,2060,-0.08676,-0.19900,-0.38877,88.61,88.00,0.1092,16,67.45,1
132.9135,2061,-0.10925,-0.26068,-0.36606,87.81,87.00,0.1116,15,67.04,1
132.9805,2062,-0.13120,-0.29691,-0.35176,87.31,87.00,0.1131,15,67.23,1
133.0510,2063,-0.12358,-0.39037,-0.24326,83.51,83.00,0.1245,15,67.98,1
133.1150,2064,-0.09111,-0.23796,-0.08853,78.10,78.00,0.1407,16,69.72,1
133.1794,2065,-0.04910,-0.24840,0.06227,74.07,74.00,0.1435,14,70.70,1
133.2413,2066,0.00000,-0.05389,0.25150,71.23,71.00,0.1236,14,71.20,1
133.3059,2067,0.08082,0.28473,0.41382,68.79,68.00,0.1065,15,71.22,1
133.3726,2068,0.10199,0.45626,0.38623,69.21,69.00,0.1094,15,70.76,1
133.4463,2069,0.08945,0.52451,0.25080,71.24,71.00,0.1237,17,70.18,1
133.5119,2070,0.05546,0.61069,0.09113,73.63,73.00,0.1404,18,70.31,1
133.5772,2071,0.04007,0.53448,0.03345,74.50,74.00,0.1465,16,72.02,1
133.6476,2072,0.02014,0.33214,-0.02562,75.90,75.00,0.1473,14,73.11,1
133.7193,2073,0.00000,0.23051,-0.10955,78.83,78.00,0.1385,14,74.26,1
133.7847,2074,-0.03558,0.34013,-0.15247,80.34,80.00,0.1340,13,74.78,1
133.8519,2075,-0.07526,0.32659,-0.24403,83.54,83.00,0.1244,11,74.02,1
133.9154,2076,-0.06752,0.06115,-0.15924,80.57,80.00,0.1333,16,75.22,1
133.9783,2077,-0.09510,0.01889,-0.22028,82.71,82.00,0.1269,16,76.09,1
134.0440,2078,-0.06491,-0.12098,-0.06935,77.43,77.00,0.1427,16,76.79,1
134.1075,2079,0.00000,-0.29832,0.13414,72.99,72.00,0.1359,16,77.32,1
134.1731,2080,0.00000,-0.20993,0.13112,73.03,73.00,0.1362,16,78.52,1
134.2380,2081,0.00000,-0.01925,0.12487,73.13,73.00,0.1369,15,78.65,1
134.3050,2082,0.00000,0.18101,0.04915,74.26,74.00,0.1448,17,79.22,1
134.3699,2083,0.00000,0.22497,0.09411,73.59,73.00,0.1401,15,80.32,1
134.4382,2084,0.02395,0.10914,0.10665,73.40,73.00,0.1388,16,81.19,1
134.5006,2085,0.02479,-0.04490,0.09008,73.65,73.00,0.1405,17,81.78,1
134.5644,2086,0.02754,-0.13356,0.08494,73.73,73.00,0.1411,19,81.61,1
134.6309,2087,0.03649,-0.43347,0.10327,73.45,73.00,0.1392,20,81.35,1
134.6936,2088,0.04452,-0.45402,0.11642,73.25,73.00,0.1378,21,80.78,1
134.7594,2089,0.04950,-0.61750,0.11698,73.25,73.00,0.1377,20,80.00,1
134.8310,2090,0.05864,-0.66140,0.13199,73.02,73.00,0.1361,21,78.83,1
134.8969,2091,0.03340,-0.60506,0.02908,74.56,74.00,0.1469,20,77.52,1
134.9620,2092,0.00000,-0.36386,-0.07592,77.66,77.00,0.1420,21,75.68,1
135.0310,2093,-0.05594,-0.24841,-0.23780,83.32,83.00,0.1250,18,74.42,1
135.0951,2094,-0.08398,-0.21523,-0.27194,84.52,84.00,0.1214,20,73.15,1
135.1653,2095,-0.08964,-0.14822,-0.22174,82.76,82.00,0.1267,21,69.64,1
135.2293,2096,-0.08293,-0.20028,-0.15204,80.32,80.00,0.1340,20,68.30,1
135.2925,2097,-0.03868,-0.12959,0.02760,74.59,74.00,0.1471,22,69.53,1
135.3573,2098,-0.03634,-0.27382,0.02106,74.68,74.00,0.1478,20,69.75,1
135.4183,2099,-0.03277,-0.36083,0.02192,74.67,74.00,0.1477,20,69.81,1
135.4816,2100,0.02332,-0.54865,0.20561,71.92,71.00,0.1284,21,70.48,1
135.5530,2101,0.06982,-0.64256,0.30977,70.35,70.00,0.1175,21,71.22,1
135.6339,2102,0.08127,-0.67699,0.26479,71.03,71.00,0.1222,22,71.13,1
135.7013,2103,0.05438,-0.67619,0.12231,73.17,73.00,0.1372,21,70.66,1
135.7679,2104,0.02663,-0.51382,0.01237,74.81,74.00,0.1487,20,69.86,1
135.8305,2105,0.00000,-0.42113,-0.08434,77.95,77.00,0.1411,22,68.29,1
135.8923,2106,-0.02547,-0.29095,-0.12686,79.44,79.00,0.1367,22,65.56,1
135.9572,2107,-0.02688,-0.14680,-0.09388,78.29,78.00,0.1401,22,64.54,1
136.0190,2108,-0.03741,-0.04021,-0.10483,78.67,78.00,0.1390,21,63.24,1
136.0871,2109,-0.04204,0.04641,-0.09247,78.24,78.00,0.1403,20,61.77,1
136.1518,2110,-0.06222,0.05083,-0.14063,79.92,79.00,0.1352,15,60.00,1
136.2136,2111,-0.07715,0.06918,-0.16351,80.72,80.00,0.1328,20,59.11,1
136.2793,2112,-0.09555,0.03529,-0.19455,81.81,81.00,0.1296,15,57.37,1
136.3426,2113,-0.10257,0.02301,-0.18388,81.44,81.00,0.1307,16,56.47,1
136.4043,2114,-0.09992,0.01214,-0.14607,80.11,80.00,0.1347,18,55.53,1
136.4675,2115,-0.07035,0.00058,-0.02517,75.88,75.00,0.1474,20,54.90,1
136.5321,2116,-0.04465,-0.03867,0.05373,74.19,74.00,0.1444,21,53.88,1
136.5985,2117,-0.03666,-0.09830,0.05311,74.20,74.00,0.1444,20,55.44,1
136.6636,2118,-0.02954,-0.12651,0.05256,74.21,74.00,0.1445,21,56.85,1
136.7362,2119,-0.03208,-0.22983,0.01778,74.73,74.00,0.1481,21,56.92,1
136.8033,2120,-0.03881,-0.16508,-0.01901,75.67,75.00,0.1480,19,57.82,1
136.8651,2121,-0.04651,-0.08515,-0.04995,76.75,76.00,0.1448,20,57.77,1
136.9274,2122,-0.05151,-0.03349,-0.06514,77.28,77.00,0.1432,20,57.79,1
136.9887,2123,-0.05132,-0.00103,-0.05963,77.09,77.00,0.1437,21,56.99,1
137.0538,2124,-0.03735,0.00109,-0.00785,75.27,75.00,0.1492,18,56.68,1
137.1162,2125,-0.03803,0.15976,-0.01894,75.66,75.00,0.1480,19,56.44,1
137.1758,2126,-0.03282,0.22530,-0.00637,75.22,75.00,0.1493,19,57.01,1
137.2388,2127,-0.05190,0.14203,-0.08144,77.85,77.00,0.1414,20,56.66,1
137.3042,2128,-0.04368,0.26404,-0.04424,76.55,76.00,0.1454,16,57.03,1
137.3734,2129,-0.03046,0.33841,0.00054,74.99,74.00,0.1499,16,57.17,1
137.4360,2130,-0.02270,0.29431,0.01682,74.75,74.00,0.1482,16,57.57,1
137.4980,2131,0.00000,0.41485,0.06936,73.96,73.00,0.1427,15,58.31,1
137.5636,2132,0.05121,0.08719,0.23605,71.46,71.00,0.1252,13,58.62,1
137.6283,2133,0.08092,-0.26737,0.27960,70.81,70.00,0.1206,15,59.06,1
137.6960,2134,0.11825,-0.69412,0.34214,69.87,69.00,0.1141,16,58.79,1
137.7686,2135,0.15377,-0.94757,0.38569,69.21,69.00,0.1095,17,59.41,1
137.8304,2136,0.14667,-1.05712,0.29263,70.61,70.00,0.1193,18,60.02,1
137.8933,2137,0.11752,-0.93407,0.14790,72.78,72.00,0.1345,19,60.64,1
137.9568,2138,0.07962,-0.63952,0.00760,74.89,74.00,0.1492,18,62.07,1
138.0247,2139,0.02230,-0.38221,-0.16626,80.82,80.00,0.1325,19,63.59,1
138.1010,2140,0.00000,-0.12886,-0.21033,82.36,82.00,0.1279,21,64.94,1
138.1696,2141,-0.06613,-0.00974,-0.32890,86.51,86.00,0.1155,21,67.12,1
138.2404,2142,-0.12422,0.04361,-0.43650,90.28,90.00,0.1042,22,68.07,1
138.3159,2143,-0.15585,0.06744,-0.43218,90.13,90.00,0.1046,22,69.41,1
138.3802,2144,-0.13686,-0.04631,-0.28226,84.88,84.00,0.1204,21,70.32,1
138.4455,2145,-0.07269,-0.14395,-0.01631,75.57,76.00,0.1483,20,70.95,1
138.5109,2146,0.04309,-0.29482,0.36566,69.52,69.00,0.1116,21,70.89,1
138.5735,2147,0.16285,-0.54867,0.68358,64.75,64.00,0.0782,22,69.75,1
138.6367,2148,0.19624,-0.44472,0.64208,65.37,65.00,0.0826,14,67.97,1
138.7020,2149,0.25117,-0.72764,0.69314,64.60,64.00,0.0772,12,66.68,1
138.7665,2150,0.27791,-0.66511,0.65059,65.24,65.00,0.0817,21,66.19,1
138.8286,2151,0.18691,-0.40265,0.22568,71.61,71.00,0.1263,21,67.15,1
138.8904,2152,0.02808,-0.17489,-0.33514,86.73,79.00,0.1148,21,68.95,1
138.9532,2153,0.00000,-0.35814,-0.33914,86.87,86.00,0.1144,12,66.97,1
139.0146,2154,0.00000,-0.38642,-0.17373,81.08,81.00,0.1318,21,66.92,1
139.0760,2155,0.00000,-0.42758,-0.11597,79.06,79.00,0.1378,15,66.86,1
139.1413,2156,0.00000,-0.36285,-0.15706,80.50,80.00,0.1335,16,67.67,1
139.2029,2157,0.00000,-0.22895,-0.07120,77.49,77.00,0.1425,13,70.87,1
139.2663,2158,0.02369,-0.02422,0.05056,74.24,74.00,0.1447,20,72.68,1
139.3289,2159,0.03770,-0.19648,0.09787,73.53,73.00,0.1397,17,74.26,1
139.3913,2160,0.00000,-0.22060,-0.02527,75.88,75.00,0.1473,18,75.06,1
139.4566,2161,0.00000,-0.46304,-0.05425,76.90,76.00,0.1443,17,75.70,1
139.5197,2162,0.00000,-0.30379,0.01091,74.84,74.00,0.1489,21,77.63,1
139.5849,2163,0.04209,-0.14237,0.14417,72.84,72.00,0.1349,16,77.66,1
139.6524,2164,0.06315,-0.21882,0.19193,72.12,72.00,0.1298,16,78.67,1
139.7295,2165,0.07220,-0.14981,0.18524,72.22,72.00,0.1305,19,81.10,1
139.8001,2166,0.04838,-0.14178,0.07623,73.86,73.00,0.1420,18,77.09,1
139.8701,2167,0.03288,-0.11882,0.02351,74.65,74.00,0.1475,17,80.58,1
139.9427,2168,0.00000,-0.12278,-0.02729,75.96,75.00,0.1471,18,80.58,1
140.0081,2169,0.00000,-0.07707,-0.07011,77.45,77.00,0.1426,19,83.22,1
140.0762,2170,-0.04211,-0.01721,-0.17030,80.96,80.00,0.1321,16,80.63,1
140.1390,2171,-0.10864,0.14100,-0.35185,87.31,87.00,0.1131,14,78.32,1
140.2049,2172,-0.14012,0.33858,-0.37490,88.12,88.00,0.1106,13,75.05,1
140.2812,2173,-0.13132,0.45597,-0.25050,83.77,83.00,0.1237,14,75.58,1
140.3443,2174,-0.15669,0.43616,-0.29399,85.29,85.00,0.1191,15,71.62,1
140.4100,2175,-0.17302,0.45528,-0.29962,85.49,85.00,0.1185,12,70.01,1
140.4785,2176,-0.11342,0.51036,-0.04669,76.63,77.00,0.1451,14,70.01,1
140.5447,2177,-0.10691,0.38646,-0.03929,76.38,76.00,0.1459,19,70.73,1
140.6134,2178,-0.09457,0.40186,-0.01383,75.48,75.00,0.1485,21,72.33,1
140.6795,2179,-0.09669,0.25851,-0.04224,76.48,76.00,0.1456,17,74.76,1
140.7471,2180,-0.08443,0.33214,-0.01433,75.50,75.00,0.1485,20,75.46,1
140.8110,2181,-0.08453,0.63798,-0.03353,76.17,76.00,0.1465,15,77.01,1
140.8766,2182,-0.09598,0.65872,-0.08722,78.05,78.00,0.1408,19,77.71,1
140.9500,2183,-0.12210,0.60802,-0.17876,81.26,81.00,0.1312,16,79.82,1
141.0154,2184,-0.08492,0.28184,-0.03363,76.18,76.00,0.1465,13,81.24,1
141.0800,2185,-0.03797,0.23354,0.11123,73.33,73.00,0.1383,11,78.28,1
141.1470,2186,0.00000,0.09761,0.20534,71.92,71.00,0.1284,14,76.72,1
141.2162,2187,0.00000,-0.09721,0.09731,73.54,73.00,0.1398,12,74.32,1
141.2806,2188,-0.04974,-0.05054,-0.07838,77.74,77.00,0.1418,13,76.06,1
141.3444,2189,-0.07819,0.17918,-0.17005,80.95,80.00,0.1321,16,76.10,1
141.4142,2190,-0.02230,-0.15328,0.04994,74.25,74.00,0.1448,14,75.35,1
141.4883,2191,0.00000,-0.55220,0.11488,73.28,73.00,0.1379,15,76.02,1
141.5558,2192,0.02792,-0.47917,0.15328,72.70,72.00,0.1339,13,75.92,1
141.6236,2193,0.06137,-0.48235,0.22415,71.64,71.00,0.1265,15,75.42,1
141.6923,2194,0.09366,-0.19761,0.27757,70.84,70.00,0.1209,11,75.31,1
141.7564,2195,0.07004,-0.28994,0.13779,72.93,72.00,0.1355,14,73.38,1
141.8295,2196,0.07456,-0.39355,0.12652,73.10,73.00,0.1367,14,71.60,1
141.8980,2197,0.05395,-0.21487,0.03678,74.45,74.00,0.1461,13,71.46,1
141.9662,2198,0.08998,-0.12285,0.16304,72.55,72.00,0.1329,15,70.87,1
142.0328,2199,0.06283,-0.07644,0.04531,74.32,74.00,0.1452,18,71.58,1
142.1004,2200,0.08401,-0.14721,0.12220,73.17,73.00,0.1372,15,71.52,1
142.1663,2201,0.06029,-0.43329,0.02806,74.58,74.00,0.1471,14,70.97,1
142.2311,2202,0.05949,-0.14781,0.03499,74.48,74.00,0.1463,14,71.57,1
142.2990,2203,0.04357,-0.14229,-0.01176,75.41,75.00,0.1488,16,69.27,1
142.3674,2204,0.02374,0.13435,-0.06132,77.15,77.00,0.1436,14,67.79,1
142.4308,2205,0.02513,-0.01395,-0.02970,76.04,76.00,0.1469,15,68.53,1
142.4967,2206,0.07352,0.06102,0.15574,72.66,72.00,0.1336,14,67.95,1
142.5609,2207,0.10206,0.05186,0.23088,71.54,71.00,0.1258,15,67.73,1
142.6303,2208,0.08704,-0.04144,0.13896,72.92,72.00,0.1354,13,67.66,1
142.6935,2209,0.09937,-0.11249,0.16845,72.47,72.00,0.1323,16,68.83,1
142.7612,2210,0.06694,-0.09827,0.03785,74.43,74.00,0.1460,14,67.88,1
142.8254,2211,0.05269,-0.07500,0.00137,74.98,74.00,0.1499,14,68.92,1
142.8926,2212,0.03482,-0.05842,-0.03947,76.38,76.00,0.1459,14,68.46,1
142.9581,2213,0.10451,0.01254,0.22878,71.57,71.00,0.1260,13,68.97,1
143.0299,2214,0.14761,-0.04639,0.34032,69.90,69.00,0.1143,14,68.47,1
143.1000,2215,0.16173,-0.05211,0.33163,70.03,70.00,0.1152,13,67.69,1
143.1651,2216,0.13393,0.05165,0.19172,72.12,72.00,0.1299,15,68.00,1
143.2313,2217,0.13375,-0.06133,0.18070,72.29,72.00,0.1310,14,68.76,1
143.2969,2218,0.11299,-0.08507,0.10327,73.45,73.00,0.1392,15,69.59,1
143.3646,2219,0.05688,-0.06610,-0.07697,77.69,77.00,0.1419,16,69.09,1
143.4405,2220,0.03896,0.01902,-0.07872,77.76,77.00,0.1417,15,70.25,1
143.5061,2221,0.02210,0.00696,-0.08872,78.11,78.00,0.1407,14,70.09,1
143.5749,2222,0.05030,0.17408,0.05552,74.17,74.00,0.1442,13,70.38,1
143.6405,2223,0.05608,0.14967,0.08584,73.71,73.00,0.1410,14,67.74,1
143.7032,2224,0.07205,0.21254,0.14409,72.84,72.00,0.1349,15,68.42,1
143.7646,2225,0.08130,0.32386,0.16734,72.49,72.00,0.1324,13,69.02,1
143.8290,2226,0.06361,0.27522,0.09239,73.61,73.00,0.1403,14,68.36,1
143.8953,2227,0.07565,0.23861,0.13921,72.91,72.00,0.1354,15,70.95,1
143.9598,2228,0.11321,0.14536,0.26393,71.04,71.00,0.1223,15,72.09,1
144.0212,2229,0.10936,-0.00883,0.22027,71.70,71.00,0.1269,15,73.12,1
144.0780,2230,0.14348,-0.06408,0.32250,70.16,70.00,0.1161,14,74.00,1
144.1406,2231,0.14902,-0.04445,0.30329,70.45,70.00,0.1182,13,73.10,1
144.2015,2232,0.15696,-0.27611,0.30135,70.48,70.00,0.1184,14,72.26,1
144.2604,2233,0.13258,-0.03727,0.19071,72.14,72.00,0.1300,13,73.27,1
144.3248,2234,0.12190,0.01015,0.15383,72.69,72.00,0.1338,14,72.74,1
144.3846,2235,0.12111,0.06727,0.15997,72.60,72.00,0.1332,14,73.34,1
144.4450,2236,0.11278,0.09190,0.13864,72.92,72.00,0.1354,14,72.95,1
144.5033,2237,0.09980,0.22889,0.10511,73.42,73.00,0.1390,13,73.92,1
144.5618,2238,0.10350,0.21156,0.13681,72.95,72.00,0.1356,14,74.06,1
144.6193,2239,0.10481,0.17452,0.15263,72.71,72.00,0.1340,14,73.97,1
144.6744,2240,0.09232,0.27131,0.11589,73.26,73.00,0.1378,13,74.41,1
144.7327,2241,0.11402,0.25206,0.20844,71.87,71.00,0.1281,14,74.12,1
144.7902,2242,0.13290,0.13507,0.27113,70.93,70.00,0.1215,13,73.56,1
144.8469,2243,0.12746,0.12062,0.23610,71.46,71.00,0.1252,14,73.55,1
144.9035,2244,0.12632,0.10962,0.22526,71.62,71.00,0.1263,14,74.40,1
144.9594,2245,0.14636,0.04730,0.29307,70.60,70.00,0.1192,13,75.23,1
145.0232,2246,0.13955,0.05872,0.25085,71.24,71.00,0.1237,14,75.21,1
145.0778,2247,0.11588,0.18858,0.16224,72.57,72.00,0.1330,13,75.15,1
145.1341,2248,0.11791,0.17381,0.18282,72.26,72.00,0.1308,14,75.77,1
145.1912,2249,0.12019,0.28143,0.20001,72.00,71.00,0.1290,13,75.66,1
145.2482,2250,0.11726,0.23848,0.19526,72.07,72.00,0.1295,14,75.56,1
145.3071,2251,0.13088,0.12728,0.25058,71.24,71.00,0.1237,13,75.08,1
145.3644,2252,0.12579,0.10918,0.22836,71.57,71.00,0.1260,14,75.34,1
145.4210,2253,0.12601,0.10392,0.23054,71.54,71.00,0.1258,14,75.91,1
145.4767,2254,0.12551,0.10142,0.23027,71.55,71.00,0.1258,14,76.38,1
145.5335,2255,0.11549,0.08502,0.19687,72.05,72.00,0.1293,14,75.24,1
145.5919,2256,0.13447,0.03210,0.27394,70.89,70.00,0.1212,13,75.29,1
145.6484,2257,0.12928,0.05944,0.24943,71.26,71.00,0.1238,14,75.71,1
145.7122,2258,0.12524,0.08132,0.23522,71.47,71.00,0.1253,14,75.67,1
145.7693,2259,0.12857,0.13819,0.25064,71.24,71.00,0.1237,12,76.10,1
145.8274,2260,0.14641,0.07896,0.31452,70.28,70.00,0.1170,13,76.54,1
145.8849,2261,0.15613,0.03538,0.33762,69.94,69.00,0.1145,13,76.39,1
145.9453,2262,0.16498,0.08089,0.35320,69.70,69.00,0.1129,14,76.82,1
146.0045,2263,0.16638,0.04017,0.33880,69.92,69.00,0.1144,13,76.23,1
146.0636,2264,0.10052,0.00651,0.09355,73.60,73.00,0.1402,14,74.61,1
146.1274,2265,0.05969,-0.00402,-0.00682,75.24,75.00,0.1493,14,74.45,1
146.1959,2266,0.09180,0.01642,0.16883,72.47,72.00,0.1323,13,74.91,1
146.2579,2267,0.11085,0.08625,0.25008,71.25,71.00,0.1237,12,75.31,1
146.3192,2268,0.14208,0.15464,0.35444,69.68,69.00,0.1128,12,74.88,1
146.3803,2269,0.14232,0.20385,0.32959,70.06,70.00,0.1154,12,75.34,1
146.4487,2270,0.11297,0.06165,0.20783,71.88,71.00,0.1282,13,75.16,1
146.5129,2271,0.11221,-0.07577,0.21513,71.77,71.00,0.1274,14,74.54,1
146.5770,2272,0.11183,-0.16107,0.22128,71.68,71.00,0.1268,14,74.01,1
146.6394,2273,0.11218,-0.11875,0.22789,71.58,71.00,0.1261,15,73.25,1
146.6983,2274,0.11381,-0.08375,0.23694,71.45,71.00,0.1251,15,72.32,1
146.7568,2275,0.07403,-0.23494,0.09960,73.51,73.00,0.1395,15,70.92,1
146.8176,2276,0.04832,-0.23702,0.04128,74.38,74.00,0.1457,15,69.70,1
146.8826,2277,0.03415,0.04331,0.03616,74.46,74.00,0.1462,13,70.38,1
146.9552,2278,0.05507,0.15002,0.15445,72.68,72.00,0.1338,13,72.34,1
147.0195,2279,0.05883,-0.18115,0.17832,72.33,72.00,0.1313,14,74.41,1
147.0859,2280,0.06241,-0.09943,0.19547,72.07,72.00,0.1295,16,73.10,1
147.1530,2281,0.09153,-0.05440,0.29536,70.57,70.00,0.1190,15,71.99,1
147.2277,2282,0.05890,-0.39411,0.15992,72.60,72.00,0.1332,13,74.06,1
147.2945,2283,0.04422,-0.24927,0.12101,73.18,73.00,0.1373,15,76.62,1
147.3599,2284,0.07713,-0.34196,0.25117,71.23,71.00,0.1236,11,74.96,1
147.4245,2285,0.09264,-0.10608,0.29178,70.62,70.00,0.1194,11,74.96,1
147.4934,2286,0.14692,-0.06031,0.45522,68.17,68.00,0.1022,12,74.96,1
147.5668,2287,0.13313,-0.34173,0.34597,69.81,69.00,0.1137,7,74.96,1
147.6409,2288,-0.08361,-0.01793,-0.41487,89.52,77.00,0.1064,5,74.96,1
147.7087,2289,-0.11395,-0.45705,-0.37014,87.95,85.00,0.1111,4,74.96,1
147.7729,2290,-0.02398,-0.74365,0.05674,74.15,77.00,0.1440,3,74.96,1
147.8412,2291,0.08598,-0.94675,0.45283,68.21,69.00,0.1025,4,74.96,1
147.9086,2292,0.10397,-0.22005,0.44184,68.37,68.00,0.1036,3,74.96,1
147.9739,2293,0.12892,-0.11207,0.41867,68.72,68.00,0.0000,1,74.96,0
148.0356,2294,0.00000,-0.12855,0.00244,74.96,74.00,0.1497,7,74.96,1
148.0982,2295,-0.14682,-0.18907,-0.48092,91.83,82.00,0.0995,10,74.96,1
148.1604,2296,0.03792,-0.39815,0.26151,71.08,74.00,0.1225,7,74.96,1
148.2216,2297,0.08041,-0.11160,0.37591,69.36,69.00,0.1105,11,74.96,1
148.2855,2298,0.07512,-0.48289,0.30263,70.46,70.00,0.1182,3,74.96,1
148.3479,2299,0.00000,-0.40883,0.04713,74.29,74.00,0.1451,5,74.96,1
148.4071,2300,0.11692,-0.13178,0.43721,68.44,68.00,0.1041,14,74.96,1
148.4698,2301,0.15197,0.02889,0.49829,67.53,67.00,0.0977,18,75.76,1
148.5317,2302,0.13206,-0.23675,0.36138,69.58,69.00,0.1121,14,74.38,1
148.5928,2303,0.00000,-0.05415,-0.12754,79.46,77.00,0.1366,14,74.05,1
148.6553,2304,0.09328,0.08792,0.26948,70.96,70.00,0.1217,18,73.17,1
148.7186,2305,0.14224,0.16127,0.42479,68.63,68.00,0.1054,19,70.36,1
148.7854,2306,0.11696,0.23710,0.28748,70.69,70.00,0.1198,20,70.44,1
148.8493,2307,0.03707,0.35657,-0.00093,75.03,75.00,0.1499,23,71.35,1
148.9120,2308,0.05568,-0.03051,0.11479,73.28,73.00,0.1379,17,73.38,1
148.9781,2309,-0.04516,-0.25443,-0.21041,82.36,81.00,0.1279,19,74.19,1
149.0395,2310,-0.07837,0.09810,-0.23704,83.30,83.00,0.1251,16,75.84,1
149.0997,2311,-0.02308,0.03458,0.04155,74.38,75.00,0.1456,21,75.67,1
149.1598,2312,0.00000,-0.05527,0.11309,73.30,73.00,0.1381,23,75.31,1
149.2182,2313,-0.02867,-0.15519,0.04930,74.26,74.00,0.1448,19,72.38,1
149.2778,2314,-0.06168,-0.11540,-0.04968,76.74,76.00,0.1448,18,70.10,1
149.3372,2315,-0.05060,-0.21456,0.02554,74.62,74.00,0.1473,21,67.21,1
149.3987,2316,-0.02768,-0.08496,0.12385,73.14,73.00,0.1370,21,65.15,1
149.4679,2317,0.00000,0.01544,0.22826,71.58,71.00,0.1260,25,63.43,1
149.5296,2318,0.08727,-0.07818,0.48953,67.66,67.00,0.0986,24,63.10,1
149.5918,2319,0.13963,-0.16538,0.59053,66.14,66.00,0.0880,24,62.94,1
149.6535,2320,0.17209,-0.25319,0.60966,65.86,65.00,0.0860,25,62.27,1
149.7168,2321,0.20135,-0.26858,0.61694,65.75,65.00,0.0852,26,62.24,1
149.7829,2322,0.21100,-0.26204,0.55641,66.65,66.00,0.0916,24,62.64,1
149.8482,2323,0.19737,-0.16896,0.43891,68.42,68.00,0.1039,27,62.83,1
149.9116,2324,0.16109,-0.11867,0.27674,70.85,70.00,0.1209,26,62.77,1
149.9787,2325,0.13459,-0.02529,0.18748,72.19,72.00,0.1303,22,61.49,1
150.0513,2326,0.12313,0.13662,0.17255,72.41,72.00,0.1319,22,60.43,1
150.1165,2327,0.08606,0.13184,0.06974,73.95,73.00,0.1427,23,59.31,1
150.1850,2328,0.07309,0.16280,0.07263,73.91,73.00,0.1424,23,58.82,1
150.2517,2329,0.09003,0.26286,0.17139,72.43,72.00,0.1320,22,58.35,1
150.3230,2330,0.09908,0.25232,0.21856,71.72,71.00,0.1271,25,57.64,1
150.3917,2331,0.07689,0.19096,0.14660,72.80,72.00,0.1346,25,57.67,1
150.4602,2332,0.04088,0.13781,0.04457,74.33,74.00,0.1453,26,57.46,1
150.5391,2333,0.00000,0.21494,-0.05658,76.98,76.00,0.1441,26,57.41,1
150.6066,2334,-0.03553,0.34341,-0.10293,78.60,78.00,0.1392,26,57.19,1
150.6730,2335,-0.05003,0.27898,-0.08743,78.06,78.00,0.1408,25,56.71,1
150.7365,2336,0.00000,0.31352,0.13925,72.91,72.00,0.1354,21,54.90,1
150.8014,2337,0.00000,0.14934,0.18686,72.20,72.00,0.1304,20,53.08,1
150.8609,2338,0.02219,-0.05002,0.20296,71.96,71.00,0.1287,17,51.35,1
150.9209,2339,0.00000,-0.16343,0.13841,72.92,72.00,0.1355,21,50.82,1
150.9793,2340,0.05285,0.00191,0.30054,70.49,70.00,0.1184,19,50.27,1
151.0374,2341,0.06809,-0.01024,0.32317,70.15,70.00,0.1161,17,50.17,1
151.1014,2342,0.08427,0.07095,0.34254,69.86,69.00,0.1140,16,53.45,1
151.1728,2343,0.13001,-0.16236,0.45770,68.13,68.00,0.1019,15,56.31,1
151.2513,2344,0.15469,-0.03883,0.46840,67.97,67.00,0.1008,14,56.60,1
151.3192,2345,0.14242,-0.02791,0.36822,69.48,69.00,0.1113,19,56.65,1
151.3870,2346,0.11744,0.11386,0.25249,71.21,71.00,0.1235,14,55.73,1
151.4537,2347,0.10212,0.03453,0.19806,72.03,72.00,0.1292,15,54.34,1
151.5219,2348,0.07377,0.06063,0.11203,73.32,73.00,0.1382,18,53.77,1
151.5970,2349,0.04562,0.11302,0.04980,74.25,74.00,0.1448,21,53.14,1
151.6641,2350,0.03986,0.21839,0.07134,73.93,73.00,0.1425,19,52.55,1
151.7344,2351,0.00000,0.14350,0.00808,74.88,74.00,0.1492,23,53.31,1
151.7978,2352,0.00000,0.23304,0.00160,74.98,74.00,0.1498,24,53.16,1
151.8642,2353,-0.02367,0.25965,-0.02670,75.93,75.00,0.1472,24,52.19,1
151.9366,2354,0.00000,0.25595,0.10607,73.41,73.00,0.1389,23,51.00,1
152.0197,2355,0.02082,0.27407,0.18832,72.18,72.00,0.1302,20,50.08,1
152.0891,2356,0.02562,0.27097,0.19601,72.06,72.00,0.1294,20,49.03,1
152.1578,2357,0.05949,0.24571,0.30021,70.50,70.00,0.1185,19,48.67,1
152.2261,2358,0.06333,0.20901,0.28025,70.80,70.00,0.1206,17,46.63,1
152.2920,2359,0.10027,0.02734,0.38089,69.29,69.00,0.1100,16,45.16,1
152.3557,2360,0.12618,0.10448,0.42441,68.63,68.00,0.1054,15,44.35,1
152.4196,2361,0.11833,-0.19524,0.34557,69.82,69.00,0.1137,19,45.68,1
152.4895,2362,0.13077,-0.14172,0.35549,69.67,69.00,0.1127,17,49.41,1
152.5540,2363,0.09895,-0.50649,0.21690,71.75,71.00,0.1272,13,53.17,1
152.6171,2364,0.16577,-0.24252,0.44964,68.26,68.00,0.1028,15,56.15,1
152.6829,2365,0.12491,-0.34746,0.25941,71.11,71.00,0.1228,13,61.89,1
152.7559,2366,0.10520,-0.12118,0.18932,72.16,72.00,0.1301,15,63.95,1
152.8219,2367,0.05158,-0.31868,0.02086,74.69,74.00,0.1478,15,61.72,1
152.8890,2368,0.12028,-0.00415,0.30615,70.41,70.00,0.1179,14,58.05,1
152.9637,2369,0.10796,0.33853,0.24418,71.34,71.00,0.1244,11,58.05,1
153.0412,2370,0.06679,-0.15301,0.10375,73.44,73.00,0.1391,11,60.49,1
153.1100,2371,0.06983,-0.25959,0.14431,72.84,72.00,0.1348,14,59.21,1
153.1788,2372,0.08410,-0.18789,0.21108,71.83,71.00,0.1278,19,58.92,1
153.2563,2373,0.10590,-0.39401,0.28596,70.71,70.00,0.1200,19,58.55,1
153.3263,2374,0.13740,-0.35189,0.37520,69.37,69.00,0.1106,22,59.68,1
153.3952,2375,0.13005,-0.28051,0.31459,70.28,70.00,0.1170,20,58.89,1
153.4638,2376,0.12970,-0.20289,0.29472,70.58,70.00,0.1191,23,57.12,1
153.5418,2377,0.09095,-0.18848,0.15040,72.74,72.00,0.1342,23,57.11,1
153.6082,2378,0.08103,-0.17053,0.13847,72.92,72.00,0.1355,22,55.72,1
153.6763,2379,0.06162,-0.14624,0.09621,73.56,73.00,0.1399,22,54.50,1
153.7442,2380,0.02923,-0.03176,0.01800,74.73,74.00,0.1481,23,55.23,1
153.8136,2381,-0.04008,0.12146,-0.16992,80.95,80.00,0.1322,22,57.73,1
153.8799,2382,0.00000,-0.00741,0.02402,74.64,74.00,0.1475,16,60.83,1
153.9433,2383,0.05416,-0.13480,0.27314,70.90,70.00,0.1213,17,60.78,1
154.0054,2384,0.05448,0.19667,0.24995,71.25,71.00,0.1238,18,62.93,1
154.0696,2385,0.04951,-0.00635,0.21485,71.78,71.00,0.1274,16,64.52,1
154.1311,2386,0.09417,-0.13842,0.36098,69.59,69.00,0.1121,12,66.04,1
154.1991,2387,0.11532,-0.43522,0.39031,69.15,69.00,0.1090,15,67.75,1
154.2708,2388,0.15038,-0.18557,0.46046,68.09,68.00,0.1017,22,68.52,1
154.3335,2389,0.15314,-0.27701,0.41511,68.77,68.00,0.1064,16,68.97,1
154.3917,2390,0.18465,-0.29880,0.48526,67.72,67.00,0.0990,15,70.02,1
154.4532,2391,0.18320,-0.16833,0.42664,68.60,68.00,0.1052,15,71.05,1
154.5174,2392,0.19848,0.06617,0.44131,68.38,68.00,0.1037,14,72.30,1
154.5779,2393,0.21164,0.10349,0.45038,68.24,68.00,0.1027,13,73.12,1
154.6406,2394,0.22918,0.17305,0.47406,67.89,67.00,0.1002,15,73.87,1
154.7106,2395,0.18830,0.42792,0.28938,70.66,70.00,0.1196,13,74.64,1
154.7737,2396,0.17515,0.22357,0.24896,71.27,71.00,0.1239,11,75.28,1
154.8367,2397,0.17727,0.25193,0.26955,70.96,70.00,0.1217,13,76.09,1
154.8997,2398,0.20206,0.27491,0.36268,69.56,69.00,0.1119,13,75.69,1
154.9656,2399,0.23184,0.19161,0.45105,68.23,68.00,0.1026,16,75.96,1
155.0304,2400,0.23168,0.25450,0.41753,68.74,68.00,0.1062,15,76.17,1
155.0926,2401,0.22935,0.02591,0.38747,69.19,69.00,0.1093,17,76.39,1
155.1561,2402,0.22259,-0.01418,0.35012,69.75,69.00,0.1132,16,76.39,1
155.2203,2403,0.22124,-0.02247,0.34071,69.89,69.00,0.1142,16,76.08,1
155.2813,2404,0.22553,0.20810,0.35342,69.70,69.00,0.1129,15,76.11,1
155.3374,2405,0.22855,0.04176,0.35954,69.61,69.00,0.1122,16,76.12,1
155.3967,2406,0.23096,0.25844,0.36236,69.56,69.00,0.1120,15,76.17,1
155.4558,2407,0.21755,0.13488,0.30940,70.36,70.00,0.1175,16,76.46,1
155.5136,2408,0.20500,0.04728,0.27119,70.93,70.00,0.1215,16,76.80,1
155.5713,2409,0.18815,-0.10324,0.22538,71.62,71.00,0.1263,15,77.60,1
155.6302,2410,0.17912,-0.17374,0.21632,71.76,71.00,0.1273,15,78.04,1
155.6892,2411,0.19441,0.08561,0.29308,70.60,70.00,0.1192,15,77.87,1
155.7478,2412,0.19938,0.23235,0.31537,70.27,70.00,0.1169,13,77.73,1
155.8055,2413,0.20042,0.15378,0.31885,70.22,70.00,0.1165,16,77.54,1
155.8646,2414,0.21150,0.30820,0.35677,69.65,69.00,0.1125,15,77.40,1
155.9204,2415,0.20552,0.49260,0.32713,70.09,70.00,0.1157,17,77.30,1
155.9765,2416,0.21069,0.54005,0.34341,69.85,69.00,0.1139,16,77.80,1
156.0323,2417,0.20257,0.64319,0.30952,70.36,70.00,0.1175,16,77.62,1
156.0884,2418,0.18805,0.69613,0.26027,71.10,71.00,0.1227,16,78.04,1
156.1450,2419,0.18088,0.36925,0.24732,71.29,71.00,0.1240,15,78.47,1
156.2012,2420,0.17878,0.46345,0.25394,71.19,71.00,0.1233,16,78.31,1
156.2552,2421,0.15188,0.60094,0.17006,72.45,72.00,0.1321,15,78.12,1
156.3112,2422,0.13424,0.63661,0.13576,72.96,72.00,0.1357,16,77.89,1
156.3670,2423,0.12299,0.67582,0.12973,73.05,73.00,0.1364,17,78.51,1
156.4250,2424,0.14367,0.52044,0.23657,71.45,71.00,0.1252,13,78.91,1
156.4845,2425,0.17206,0.47637,0.34526,69.82,69.00,0.1137,16,79.27,1
156.5495,2426,0.18005,0.31512,0.35623,69.66,69.00,0.1126,15,80.08,1
156.6067,2427,0.16171,0.35042,0.27658,70.85,70.00,0.1210,14,79.67,1
156.6635,2428,0.17955,0.34675,0.34050,69.89,69.00,0.1142,15,79.90,1
156.7219,2429,0.17243,0.38326,0.30347,70.45,70.00,0.1181,17,80.10,1
156.7788,2430,0.15304,0.41133,0.23205,71.52,71.00,0.1256,15,80.26,1
156.8377,2431,0.15179,0.49436,0.23992,71.40,71.00,0.1248,15,80.39,1
156.8971,2432,0.13212,0.43518,0.18053,72.29,72.00,0.1310,15,81.06,1
156.9601,2433,0.13119,0.45012,0.20048,71.99,71.00,0.1290,15,81.66,1
157.0222,2434,0.14647,0.30665,0.27009,70.95,70.00,0.1216,15,81.35,1
157.0877,2435,0.15141,0.40505,0.28692,70.70,70.00,0.1199,15,81.40,1
157.1481,2436,0.16503,0.31042,0.33020,70.05,70.00,0.1153,14,81.97,1
157.2095,2437,0.14461,0.29171,0.24631,71.31,71.00,0.1241,14,81.97,1
157.2759,2438,0.12711,0.27507,0.19257,72.11,72.00,0.1298,15,82.49,1
157.3394,2439,0.13252,0.34998,0.22924,71.56,71.00,0.1259,16,82.91,1
157.4002,2440,0.15335,0.31504,0.30924,70.36,70.00,0.1175,15,83.35,1
157.4595,2441,0.15781,0.20796,0.31507,70.27,70.00,0.1169,14,83.36,1
157.5176,2442,0.17046,0.20617,0.34917,69.76,69.00,0.1133,15,83.84,1
157.5777,2443,0.15027,0.26024,0.26152,71.08,71.00,0.1225,16,84.22,1
157.6371,2444,0.16138,0.23488,0.30355,70.45,70.00,0.1181,14,84.56,1
157.6930,2445,0.17180,0.24730,0.33432,69.99,69.00,0.1149,15,84.87,1
157.7494,2446,0.16181,0.15306,0.28734,70.69,70.00,0.1198,14,85.14,1
157.8059,2447,0.16918,0.18427,0.31203,70.32,70.00,0.1172,15,85.39,1
157.8615,2448,0.17704,0.12674,0.33355,70.00,69.00,0.1150,16,85.04,1
157.9182,2449,0.19508,0.08592,0.38686,69.20,69.00,0.1094,15,84.62,1
157.9829,2450,0.21026,0.08217,0.41646,68.75,68.00,0.1063,16,84.27,1
158.0425,2451,0.20627,0.06651,0.37640,69.35,69.00,0.1105,16,83.99,1
158.1045,2452,0.19705,-0.05553,0.32770,70.08,70.00,0.1156,14,83.73,1
158.1735,2453,0.18900,-0.14244,0.29511,70.57,70.00,0.1190,14,83.47,1
158.2365,2454,0.19985,-0.08632,0.33549,69.97,69.00,0.1148,15,83.24,1
158.3012,2455,0.19439,-0.05193,0.31058,70.34,70.00,0.1174,16,83.35,1
158.3637,2456,0.18606,-0.07573,0.28183,70.77,70.00,0.1204,15,83.49,1
158.4229,2457,0.18410,-0.05068,0.28117,70.78,70.00,0.1205,15,83.25,1
158.4816,2458,0.18878,0.04788,0.30316,70.45,70.00,0.1182,17,83.05,1
158.5388,2459,0.18696,0.04983,0.29744,70.54,70.00,0.1188,15,82.86,1
158.5967,2460,0.20408,0.13282,0.35945,69.61,69.00,0.1123,16,82.69,1
158.6528,2461,0.20142,0.16051,0.33893,69.92,69.00,0.1144,16,82.56,1
158.7158,2462,0.19329,0.07504,0.30359,70.45,70.00,0.1181,15,82.67,1
158.7739,2463,0.18959,0.08015,0.29227,70.62,70.00,0.1193,16,82.79,1
158.8301,2464,0.19394,0.07679,0.31132,70.33,70.00,0.1173,16,82.48,1
158.8871,2465,0.19626,0.12088,0.31910,70.21,70.00,0.1165,17,82.36,1
158.9411,2466,0.21017,0.17297,0.36637,69.50,69.00,0.1115,17,82.26,1
158.9961,2467,0.20945,0.19910,0.35239,69.71,69.00,0.1130,17,82.15,1
159.0521,2468,0.20760,0.21309,0.33782,69.93,69.00,0.1145,17,82.04,1
159.1092,2469,0.21690,0.23409,0.36627,69.51,69.00,0.1115,17,82.01,1
159.1642,2470,0.20710,0.19768,0.32174,70.17,70.00,0.1162,17,82.42,1
159.2198,2471,0.20242,0.14278,0.30506,70.42,70.00,0.1180,17,82.16,1
159.2759,2472,0.19750,0.14237,0.29098,70.64,70.00,0.1194,16,82.06,1
159.3337,2473,0.19866,0.03919,0.30128,70.48,70.00,0.1184,15,81.95,1
159.3993,2474,0.18882,-0.04532,0.27086,70.94,70.00,0.1216,15,82.10,1
159.4581,2475,0.18714,-0.00529,0.27475,70.88,70.00,0.1212,17,82.47,1
159.5168,2476,0.18472,-0.01558,0.27461,70.88,70.00,0.1212,15,82.31,1
159.5729,2477,0.18286,0.01912,0.27553,70.87,70.00,0.1211,17,82.62,1
159.6288,2478,0.18096,0.00424,0.27558,70.87,70.00,0.1211,16,82.48,1
159.6862,2479,0.17928,-0.01071,0.27616,70.86,70.00,0.1210,16,82.33,1
159.7447,2480,0.19076,0.00264,0.32269,70.16,70.00,0.1161,16,82.37,1
159.8062,2481,0.20139,0.06184,0.35540,69.67,69.00,0.1127,17,82.41,1
159.8726,2482,0.19425,0.06277,0.31830,70.23,70.00,0.1166,17,82.90,1
159.9305,2483,0.18941,0.05000,0.29932,70.51,70.00,0.1186,15,82.71,1
159.9890,2484,0.19855,0.04416,0.33305,70.00,70.00,0.1150,16,82.55,1
160.0487,2485,0.19368,0.02926,0.31060,70.34,70.00,0.1174,16,82.68,1
160.1144,2486,0.20590,0.08445,0.35282,69.71,69.00,0.1130,16,82.51,1
160.1707,2487,0.19752,0.06445,0.31491,70.28,70.00,0.1169,15,82.36,1
160.2268,2488,0.19664,0.08001,0.31133,70.33,70.00,0.1173,17,81.91,1
160.2836,2489,0.19093,0.04215,0.29152,70.63,70.00,0.1194,16,81.86,1
160.3393,2490,0.20376,0.09275,0.34118,69.88,69.00,0.1142,16,81.80,1
160.3967,2491,0.20573,0.04753,0.34182,69.87,69.00,0.1141,15,82.11,1
160.4553,2492,0.19896,-0.02285,0.31173,70.32,70.00,0.1173,14,81.71,1
160.5120,2493,0.19645,-0.06418,0.30362,70.45,70.00,0.1181,14,81.19,1
160.5694,2494,0.19363,-0.09622,0.29606,70.56,70.00,0.1189,14,80.81,1
160.6260,2495,0.20229,-0.04204,0.33032,70.05,70.00,0.1153,15,81.00,1
160.6840,2496,0.20793,0.06531,0.34646,69.80,69.00,0.1136,17,80.68,1
160.7405,2497,0.20725,0.09159,0.33736,69.94,69.00,0.1146,15,80.25,1
160.8079,2498,0.22084,0.18188,0.37971,69.30,69.00,0.1101,17,80.33,1
160.8682,2499,0.23106,0.23838,0.40182,68.97,68.00,0.1078,17,80.40,1
160.9315,2500,0.22869,0.26245,0.37556,69.37,69.00,0.1106,17,80.11,1
160.9928,2501,0.21868,0.20551,0.33061,70.04,70.00,0.1153,15,79.85,1
161.0560,2502,0.21145,0.17452,0.30576,70.41,70.00,0.1179,16,79.91,1
161.1239,2503,0.21325,0.18550,0.31816,70.23,70.00,0.1166,16,79.54,1
161.1932,2504,0.21497,0.17188,0.32673,70.10,70.00,0.1157,16,79.20,1
161.2569,2505,0.21517,0.16518,0.32779,70.08,70.00,0.1156,16,78.89,1
161.3220,2506,0.21578,0.15963,0.32998,70.05,70.00,0.1154,16,78.66,1
161.3850,2507,0.21033,0.15228,0.31088,70.34,70.00,0.1174,16,78.94,1
161.4490,2508,0.21790,0.19472,0.34092,69.89,69.00,0.1142,17,78.67,1
161.5127,2509,0.22226,0.19899,0.35286,69.71,69.00,0.1129,16,78.43,1
161.5828,2510,0.22326,0.19981,0.35018,69.75,69.00,0.1132,16,78.37,1
161.6461,2511,0.22430,0.20207,0.34928,69.76,69.00,0.1133,16,78.29,1
161.7053,2512,0.22458,0.20433,0.34653,69.80,69.00,0.1136,16,78.18,1
161.7660,2513,0.22571,0.23092,0.34750,69.79,69.00,0.1135,17,77.98,1
161.8287,2514,0.23230,0.24998,0.36731,69.49,69.00,0.1114,16,77.43,1
161.8978,2515,0.21721,0.13784,0.30733,70.39,70.00,0.1177,14,77.71,1
161.9603,2516,0.20965,0.01253,0.28798,70.68,70.00,0.1198,13,77.47,1
162.0226,2517,0.19669,-0.44231,0.25375,71.19,71.00,0.1234,11,76.95,1
162.0880,2518,0.18288,-0.51315,0.22408,71.64,71.00,0.1265,12,77.03,1
162.1556,2519,0.17986,-0.78417,0.23807,71.43,71.00,0.1250,11,76.57,1
162.2177,2520,0.17915,-0.96300,0.25314,71.20,71.00,0.1234,11,77.10,1
162.2791,2521,0.17802,-0.78728,0.26197,71.07,71.00,0.1225,12,76.93,1
162.3538,2522,0.18361,-0.57837,0.29308,70.60,70.00,0.1192,12,76.55,1
162.4154,2523,0.18150,-0.46785,0.28819,70.68,70.00,0.1197,12,76.53,1
162.4744,2524,0.18102,-0.39848,0.28964,70.66,70.00,0.1196,12,76.50,1
162.5400,2525,0.18131,-0.32897,0.29352,70.60,70.00,0.1192,12,76.48,1
162.6106,2526,0.18861,-0.24111,0.32041,70.19,70.00,0.1164,12,76.05,1
162.6719,2527,0.19416,-0.19788,0.33514,69.97,69.00,0.1148,12,75.66,1
162.7363,2528,0.20015,-0.15954,0.34822,69.78,69.00,0.1134,12,75.23,1
162.8039,2529,0.20257,-0.15945,0.34618,69.81,69.00,0.1137,12,74.90,1
162.8763,2530,0.20076,-0.18331,0.33033,70.05,70.00,0.1153,12,74.70,1
162.9455,2531,0.18906,-0.30329,0.28614,70.71,70.00,0.1200,12,75.05,1
163.0075,2532,0.18078,-0.63722,0.26362,71.05,71.00,0.1223,11,75.06,1
163.0701,2533,0.18912,-0.51697,0.30252,70.46,70.00,0.1182,12,75.63,1
163.1367,2534,0.19153,-0.36941,0.31187,70.32,70.00,0.1173,13,75.76,1
163.1992,2535,0.18131,-0.65016,0.27553,70.87,70.00,0.1211,11,75.83,1
163.2636,2536,0.17875,-0.59457,0.27388,70.89,70.00,0.1212,12,75.97,1
163.3323,2537,0.18443,-0.49604,0.30080,70.49,70.00,0.1184,12,76.58,1
163.3969,2538,0.17429,-0.72666,0.26641,71.00,71.00,0.1220,11,76.69,1
163.4601,2539,0.16764,-0.41935,0.25156,71.23,71.00,0.1236,11,77.09,1
163.5253,2540,0.13695,-0.66118,0.15713,72.64,72.00,0.1335,10,77.38,1
163.5938,2541,0.13030,-0.45535,0.16758,72.49,72.00,0.1324,11,77.31,1
163.6576,2542,0.12707,-0.30652,0.18265,72.26,72.00,0.1308,11,77.31,1
163.7205,2543,0.14366,-0.24844,0.26037,71.09,71.00,0.1227,12,77.28,1
163.7858,2544,0.15443,-0.30621,0.29944,70.51,70.00,0.1186,12,77.38,1
163.8499,2545,0.16752,-0.46574,0.33741,69.94,69.00,0.1146,12,77.88,1
163.9185,2546,0.17108,-0.46981,0.33358,70.00,69.00,0.1150,12,77.91,1
163.9769,2547,0.17064,-0.71858,0.32022,70.20,70.00,0.1164,11,77.65,1
164.0368,2548,0.17797,-0.84484,0.33705,69.94,69.00,0.1146,11,77.04,1
164.1003,2549,0.16487,-0.97015,0.27936,70.81,70.00,0.1207,11,77.48,1
164.1621,2550,0.15450,-1.04216,0.24506,71.32,71.00,0.1243,12,77.27,1
164.2240,2551,0.15512,-1.07601,0.25635,71.15,71.00,0.1231,11,77.24,1
164.2889,2552,0.14938,-0.86241,0.24279,71.36,71.00,0.1245,11,77.24,1
164.3535,2553,0.13798,-0.64395,0.21231,71.82,71.00,0.1277,13,77.71,1
164.4240,2554,0.13983,-0.77077,0.23511,71.47,71.00,0.1253,11,77.89,1
164.4873,2555,0.15059,-0.69701,0.28021,70.80,70.00,0.1206,12,78.10,1
164.5494,2556,0.12036,-0.35542,0.17438,72.38,72.00,0.1317,12,78.41,1
164.6139,2557,0.12735,-0.45936,0.22032,71.70,71.00,0.1269,10,78.61,1
164.6921,2558,0.12590,-0.59966,0.22722,71.59,71.00,0.1261,11,78.88,1
164.7551,2559,0.15164,-0.79096,0.32162,70.18,70.00,0.1162,11,79.05,1
164.8183,2560,0.14220,-0.88978,0.27539,70.87,70.00,0.1211,12,79.71,1
164.8850,2561,0.17240,-0.86107,0.37582,69.36,69.00,0.1105,11,79.87,1
164.9537,2562,0.19661,-0.66199,0.43139,68.53,68.00,0.1047,12,79.86,1
165.0242,2563,0.18864,-0.78057,0.36567,69.51,69.00,0.1116,13,79.97,1
165.0879,2564,0.17037,-0.87468,0.28565,70.72,70.00,0.1200,13,79.98,1
165.1482,2565,0.19459,-0.80190,0.36996,69.45,69.00,0.1112,12,79.63,1
165.2100,2566,0.16842,-0.89389,0.26200,71.07,71.00,0.1225,13,79.83,1
165.2777,2567,0.16644,-0.85540,0.26353,71.05,71.00,0.1223,12,79.48,1
165.3378,2568,0.16249,-0.83074,0.25637,71.15,71.00,0.1231,12,79.67,1
165.4006,2569,0.17149,-0.69517,0.29539,70.57,70.00,0.1190,13,79.68,1
165.4700,2570,0.16584,-0.70434,0.27444,70.88,70.00,0.1212,12,79.84,1
165.5332,2571,0.17037,-0.77214,0.29340,70.60,70.00,0.1192,13,79.55,1
165.5963,2572,0.16637,-0.70596,0.27858,70.82,70.00,0.1207,13,79.17,1
165.6726,2573,0.15936,-0.77730,0.25747,71.14,71.00,0.1230,12,79.23,1
165.7370,2574,0.16238,-0.68908,0.27460,70.88,70.00,0.1212,13,78.72,1
165.8050,2575,0.16805,-0.76588,0.29651,70.55,70.00,0.1189,13,78.18,1
165.8641,2576,0.18896,-0.79000,0.36568,69.51,69.00,0.1116,12,77.42,1
165.9257,2577,0.19656,-0.55142,0.37455,69.38,69.00,0.1107,13,78.01,1
165.9843,2578,0.18401,-0.65422,0.31340,70.30,70.00,0.1171,13,78.24,1
166.0467,2579,0.18630,-0.47775,0.31787,70.23,70.00,0.1166,14,77.73,1
166.1053,2580,0.17824,-0.54830,0.28569,70.71,70.00,0.1200,13,77.57,1
166.1635,2581,0.17466,-0.34925,0.27619,70.86,70.00,0.1210,14,78.85,1
166.2255,2582,0.17572,-0.27510,0.28508,70.72,70.00,0.1201,14,78.12,1
166.2881,2583,0.17054,-0.41977,0.26981,70.95,70.00,0.1217,12,78.47,1
166.3591,2584,0.15083,-0.67135,0.20864,71.87,71.00,0.1281,11,78.74,1
166.4199,2585,0.13035,-0.40510,0.15704,72.64,72.00,0.1335,16,78.62,1
166.4874,2586,0.14053,-0.17988,0.22287,71.66,71.00,0.1266,22,78.16,1
166.5540,2587,0.15104,-0.27500,0.27168,70.92,70.00,0.1215,17,76.86,1
166.6176,2588,0.12504,-0.36505,0.18317,72.25,72.00,0.1308,18,75.34,1
166.6847,2589,0.09276,-0.17509,0.09388,73.59,73.00,0.1401,16,74.43,1
166.7577,2590,0.07580,-0.01855,0.07987,73.80,73.00,0.1416,16,72.42,1
166.8237,2591,0.06841,-0.08393,0.09366,73.60,73.00,0.1402,20,69.00,1
166.8923,2592,0.04345,-0.15261,0.04349,74.35,74.00,0.1454,18,65.82,1
166.9575,2593,0.04079,-0.08760,0.07638,73.85,73.00,0.1420,23,65.51,1
167.0196,2594,0.06958,-0.09216,0.20455,71.93,71.00,0.1285,24,64.45,1
167.0879,2595,0.08813,-0.05483,0.26785,70.98,70.00,0.1219,27,62.20,1
167.1558,2596,0.09667,-0.09035,0.28177,70.77,70.00,0.1204,26,60.05,1
167.2310,2597,0.11315,-0.13154,0.31879,70.22,70.00,0.1165,26,58.39,1
167.3021,2598,0.10629,-0.11324,0.26999,70.95,70.00,0.1217,26,57.09,1
167.3763,2599,0.09840,-0.13050,0.23176,71.52,71.00,0.1257,26,55.66,1
167.4419,2600,0.09680,-0.08420,0.22531,71.62,71.00,0.1263,27,55.36,1
167.5056,2601,0.10787,-0.06085,0.26340,71.05,71.00,0.1223,27,55.17,1
167.5693,2602,0.10741,-0.06375,0.25392,71.19,71.00,0.1233,27,54.52,1
167.6384,2603,0.10358,-0.02913,0.23495,71.48,71.00,0.1253,27,54.70,1
167.7123,2604,0.10047,-0.10026,0.22361,71.65,71.00,0.1265,23,54.39,1
167.7776,2605,0.10874,-0.15413,0.25353,71.20,71.00,0.1234,21,54.74,1
167.8439,2606,0.12416,-0.20558,0.30085,70.49,70.00,0.1184,20,54.97,1
167.9088,2607,0.12077,-0.09270,0.27416,70.89,70.00,0.1212,24,55.76,1
167.9786,2608,0.10398,0.04432,0.20811,71.88,71.00,0.1281,25,57.01,1
168.0519,2609,0.10773,0.07884,0.22919,71.56,71.00,0.1259,22,57.74,1
168.1166,2610,0.11625,0.13475,0.26014,71.10,71.00,0.1227,23,58.79,1
168.1823,2611,0.10594,0.23727,0.21997,71.70,71.00,0.1269,25,59.84,1
168.2446,2612,0.09384,0.21845,0.18282,72.26,72.00,0.1308,26,61.68,1
168.3099,2613,0.06248,0.21430,0.08753,73.69,73.00,0.1408,27,62.92,1
168.3802,2614,0.05115,0.13591,0.08491,73.73,73.00,0.1411,27,64.63,1
168.4470,2615,0.02495,0.13726,0.02699,74.60,74.00,0.1472,27,65.42,1
168.5156,2616,0.00000,0.13914,-0.02327,75.81,75.00,0.1476,27,65.96,1
168.5898,2617,0.00000,0.17524,0.00631,74.91,74.00,0.1493,27,66.13,1
168.6570,2618,0.00000,0.15297,0.04957,74.26,74.00,0.1448,26,66.37,1
168.7249,2619,0.00000,0.17111,0.12268,73.16,73.00,0.1371,27,66.46,1
168.7874,2620,0.02819,0.20586,0.21783,71.73,71.00,0.1271,26,66.00,1
168.8519,2621,0.05428,0.24633,0.29241,70.61,70.00,0.1193,24,65.29,1
168.9215,2622,0.06926,0.21763,0.31041,70.34,70.00,0.1174,26,65.10,1
168.9830,2623,0.07891,0.21662,0.31279,70.31,70.00,0.1172,25,64.92,1
169.0441,2624,0.08530,0.19564,0.30561,70.42,70.00,0.1179,25,64.79,1
169.1036,2625,0.08562,0.18238,0.28168,70.77,70.00,0.1204,25,64.26,1
169.1658,2626,0.08997,0.09374,0.27775,70.83,70.00,0.1208,25,63.91,1
169.2263,2627,0.10829,0.07445,0.32508,70.12,70.00,0.1159,23,63.90,1
169.2911,2628,0.13728,0.01941,0.39840,69.02,69.00,0.1082,23,64.52,1
169.3545,2629,0.15305,-0.06341,0.41186,68.82,68.00,0.1068,23,64.21,1
169.4144,2630,0.15890,-0.12082,0.39340,69.10,69.00,0.1087,22,63.59,1
169.4776,2631,0.16692,-0.18880,0.38706,69.19,69.00,0.1094,23,63.56,1
169.5398,2632,0.18973,-0.17568,0.43657,68.45,68.00,0.1042,21,63.85,1
169.6043,2633,0.18412,-0.23782,0.37752,69.34,69.00,0.1104,23,64.42,1
169.6747,2634,0.15445,-0.29092,0.25085,71.24,71.00,0.1237,20,63.64,1
169.7372,2635,0.10957,-0.18064,0.10469,73.43,73.00,0.1390,19,64.20,1
169.8006,2636,0.00000,-0.10981,-0.20977,82.34,81.00,0.1280,23,61.94,1
169.8675,2637,-0.05344,0.13910,-0.30591,85.71,85.00,0.1179,19,61.35,1
169.9391,2638,-0.08329,0.05597,-0.27590,84.66,84.00,0.1210,19,60.50,1
170.0008,2639,-0.08298,0.15639,-0.17792,81.23,81.00,0.1313,20,60.82,1
170.0624,2640,-0.11730,0.12072,-0.22718,82.95,82.00,0.1261,22,60.33,1
170.1254,2641,-0.11572,0.09261,-0.14663,80.13,80.00,0.1346,22,60.33,1
170.1871,2642,-0.10621,0.15635,-0.06326,77.21,77.00,0.1434,16,60.13,1
170.2534,2643,-0.05702,0.33505,0.13790,72.93,72.00,0.1355,12,59.59,1
170.3225,2644,-0.10132,0.61036,-0.03474,76.22,76.00,0.1464,10,59.23,1
170.3855,2645,-0.06487,0.44686,0.11058,73.34,73.00,0.1384,11,58.01,1
170.4527,2646,-0.02968,0.18923,0.21759,71.74,71.00,0.1272,11,57.41,1
170.5190,2647,-0.05378,0.19986,0.09792,73.53,73.00,0.1397,12,56.94,1
170.5950,2648,-0.02016,-0.01976,0.20421,71.94,71.00,0.1286,13,57.11,1
170.6624,2649,-0.05740,0.19254,0.04663,74.30,74.00,0.1451,10,56.90,1
170.7363,2650,0.00000,0.03531,0.24064,71.39,71.00,0.1247,12,57.01,1
170.8041,2651,0.04159,-0.06159,0.35269,69.71,69.00,0.1130,14,55.42,1
170.8733,2652,0.06350,-0.27927,0.36665,69.50,69.00,0.1115,10,54.85,1
170.9538,2653,0.06378,-0.68651,0.30054,70.49,70.00,0.1184,10,54.41,1
171.0216,2654,0.04018,-0.70906,0.18584,72.21,72.00,0.1305,10,54.17,1
171.0953,2655,0.04262,-0.39245,0.18713,72.19,72.00,0.1304,13,53.05,1
171.1671,2656,0.03921,-0.29667,0.16944,72.46,72.00,0.1322,12,52.95,1
171.2378,2657,0.00000,-0.22527,0.06973,73.95,73.00,0.1427,13,53.42,1
171.3106,2658,0.00000,-0.15637,0.09384,73.59,73.00,0.1401,13,53.43,1
171.3751,2659,0.00000,-0.10600,0.10694,73.40,73.00,0.1388,13,52.99,1
171.4383,2660,0.03292,-0.12046,0.18475,72.23,72.00,0.1306,12,52.49,1
171.5008,2661,0.03816,0.00927,0.19586,72.06,72.00,0.1294,13,52.19,1
171.5653,2662,0.04897,-0.03459,0.22453,71.63,71.00,0.1264,12,51.77,1
171.6330,2663,0.02671,-0.08537,0.13269,73.01,73.00,0.1361,13,51.44,1
171.6978,2664,0.02288,-0.07716,0.12709,73.09,73.00,0.1367,13,51.20,1
171.7566,2665,0.00000,-0.06134,0.10654,73.40,73.00,0.1388,13,50.98,1
171.8198,2666,0.00000,-0.06404,0.09823,73.53,73.00,0.1397,13,51.65,1
171.8765,2667,0.03296,0.05904,0.18780,72.18,72.00,0.1303,13,52.22,1
171.9339,2668,0.05381,0.12486,0.25485,71.18,71.00,0.1232,13,51.89,1
171.9966,2669,0.06716,0.17757,0.28094,70.79,70.00,0.1205,13,51.90,1
172.0570,2670,0.07648,0.21005,0.28996,70.65,70.00,0.1196,13,51.66,1
172.1158,2671,0.06657,0.25791,0.23251,71.51,71.00,0.1256,14,51.30,1
172.1753,2672,0.04947,0.13293,0.16368,72.54,72.00,0.1328,13,51.12,1
172.2311,2673,0.03260,0.04373,0.11047,73.34,73.00,0.1384,13,51.71,1
172.2867,2674,0.02030,-0.02381,0.08341,73.75,73.00,0.1412,13,52.59,1
172.3422,2675,0.00000,-0.07971,0.07082,73.94,73.00,0.1426,13,53.03,1
172.3985,2676,0.00000,-0.10860,0.08358,73.75,73.00,0.1412,13,52.52,1
172.4538,2677,0.00000,-0.13231,0.10317,73.45,73.00,0.1392,13,52.17,1
172.5169,2678,0.00000,0.02198,0.13111,73.03,73.00,0.1362,14,52.69,1
172.5777,2679,0.02047,-0.02036,0.15508,72.67,72.00,0.1337,13,52.32,1
172.6361,2680,0.02094,-0.05186,0.15847,72.62,72.00,0.1334,13,51.89,1
172.6936,2681,0.02216,-0.07120,0.16381,72.54,72.00,0.1328,13,51.60,1
172.7555,2682,0.00000,-0.13853,0.12733,73.09,73.00,0.1366,12,52.04,1
172.8285,2683,0.02103,-0.18619,0.16521,72.52,72.00,0.1327,11,53.03,1
172.9092,2684,0.00000,-0.23731,0.13523,72.97,72.00,0.1358,12,53.40,1
172.9766,2685,0.03512,-0.22974,0.21381,71.79,71.00,0.1275,12,52.86,1
173.0368,2686,0.05763,-0.05867,0.27899,70.82,70.00,0.1207,13,52.42,1
173.1009,2687,0.04547,-0.04933,0.21173,71.82,71.00,0.1278,13,52.03,1
173.1675,2688,0.02279,-0.09236,0.12475,73.13,73.00,0.1369,13,51.73,1
173.2313,2689,0.03684,-0.09229,0.18475,72.23,72.00,0.1306,13,52.65,1
173.3087,2690,0.02934,-0.08155,0.15598,72.66,72.00,0.1336,13,52.29,1
173.3687,2691,0.02080,-0.07850,0.13059,73.04,73.00,0.1363,13,53.11,1
173.4302,2692,0.00000,-0.06870,0.10450,73.43,73.00,0.1390,13,53.67,1
173.4866,2693,0.00000,-0.08563,0.11969,73.20,73.00,0.1374,13,53.15,1
173.5431,2694,0.00000,-0.15883,0.12950,73.06,73.00,0.1364,12,52.68,1
173.5999,2695,0.02813,-0.11906,0.18715,72.19,72.00,0.1303,13,53.02,1
173.6577,2696,0.02581,-0.10305,0.17359,72.40,72.00,0.1318,13,52.61,1
173.7214,2697,0.00000,-0.16697,0.12757,73.09,73.00,0.1366,12,53.65,1
173.7806,2698,0.03247,-0.18149,0.19906,72.01,72.00,0.1291,12,53.09,1
173.8429,2699,0.03430,-0.17138,0.19722,72.04,72.00,0.1293,12,53.91,1
173.9058,2700,0.02057,-0.19878,0.14248,72.86,72.00,0.1350,12,54.65,1
173.9672,2701,0.02035,-0.06157,0.14727,72.79,72.00,0.1345,13,55.39,1
174.0329,2702,0.03214,-0.08165,0.19236,72.11,72.00,0.1298,13,55.95,1
174.0986,2703,0.03638,-0.10763,0.20054,71.99,71.00,0.1289,12,56.35,1
174.1601,2704,0.04189,-0.13233,0.21214,71.82,71.00,0.1277,12,56.24,1
174.2210,2705,0.03431,-0.13448,0.17662,72.35,72.00,0.1315,13,55.52,1
174.2833,2706,0.03246,-0.17428,0.16928,72.46,72.00,0.1322,13,55.77,1
174.3455,2707,0.03373,-0.06533,0.17440,72.38,72.00,0.1317,13,55.82,1
174.4065,2708,0.04163,-0.12015,0.20137,71.98,71.00,0.1289,12,55.98,1
174.4650,2709,0.03156,-0.19918,0.16034,72.59,72.00,0.1332,12,56.11,1
174.5260,2710,0.02046,-0.25014,0.12477,73.13,73.00,0.1369,12,56.60,1
174.5870,2711,0.03283,-0.23473,0.17850,72.32,72.00,0.1313,13,56.81,1
174.6499,2712,0.03877,-0.22760,0.19723,72.04,72.00,0.1293,14,55.89,1
174.7191,2713,0.05142,-0.19788,0.23420,71.49,71.00,0.1254,13,55.07,1
174.7944,2714,0.05418,-0.17428,0.22764,71.59,71.00,0.1261,13,55.80,1
174.8568,2715,0.05755,-0.14345,0.22839,71.57,71.00,0.1260,13,55.92,1
174.9192,2716,0.03044,-0.18949,0.12550,73.12,73.00,0.1368,11,56.49,1
174.9837,2717,0.02350,-0.20295,0.11505,73.27,73.00,0.1379,13,56.88,1
175.0538,2718,0.00000,-0.23059,0.06675,74.00,73.00,0.1430,13,56.19,1
175.1194,2719,0.00000,-0.33039,0.05141,74.23,74.00,0.1446,12,55.57,1
175.1839,2720,0.00000,-0.30042,0.06093,74.09,74.00,0.1436,13,55.88,1
175.2516,2721,0.00000,-0.18678,0.13754,72.94,72.00,0.1356,14,56.49,1
175.3137,2722,0.03258,-0.12712,0.24191,71.37,71.00,0.1246,14,55.68,1
175.3766,2723,0.03624,-0.13822,0.23371,71.49,71.00,0.1255,13,55.24,1
175.4383,2724,0.06682,-0.18020,0.32223,70.17,70.00,0.1162,14,54.45,1
175.5016,2725,0.06968,-0.16302,0.29598,70.56,70.00,0.1189,14,53.14,1
175.5635,2726,0.06505,-0.05910,0.25301,71.20,71.00,0.1234,15,54.46,1
175.6266,2727,0.06665,-0.30881,0.24247,71.36,71.00,0.1245,8,53.81,1
175.6935,2728,0.07517,-0.08817,0.25876,71.12,71.00,0.1228,11,52.13,1
175.7578,2729,0.07141,-0.16716,0.23063,71.54,71.00,0.1258,11,50.97,1
175.8272,2730,0.04597,-0.13115,0.13552,72.97,72.00,0.1358,11,51.27,1
175.9014,2731,0.04039,0.04608,0.13345,73.00,72.00,0.1360,15,50.58,1
175.9673,2732,0.06233,0.08828,0.22114,71.68,71.00,0.1268,16,51.55,1
176.0320,2733,0.07264,-0.05705,0.24901,71.26,71.00,0.1239,12,53.75,1
176.0961,2734,0.08023,0.06718,0.26216,71.07,71.00,0.1225,15,55.32,1
176.1586,2735,0.09432,-0.01568,0.29637,70.55,70.00,0.1189,18,55.59,1
176.2216,2736,0.09819,-0.05256,0.28800,70.68,70.00,0.1198,22,58.51,1
176.2835,2737,0.11430,-0.03007,0.32617,70.11,70.00,0.1158,21,60.30,1
176.3450,2738,0.09495,0.05920,0.23453,71.48,71.00,0.1254,23,60.98,1
176.4111,2739,0.10650,0.12426,0.27156,70.93,70.00,0.1215,19,61.41,1
176.4768,2740,0.10997,0.02268,0.27235,70.91,70.00,0.1214,21,62.53,1
176.5487,2741,0.12058,-0.22406,0.29700,70.54,70.00,0.1188,22,62.96,1
176.6147,2742,0.09046,-0.27805,0.17950,72.31,72.00,0.1312,17,62.10,1
176.6803,2743,0.12722,-0.35308,0.31745,70.24,70.00,0.1167,19,64.48,1
176.7474,2744,0.13160,-0.34894,0.31219,70.32,70.00,0.1172,21,63.52,1
176.8165,2745,0.11831,-0.20590,0.24920,71.26,71.00,0.1238,23,60.44,1
176.8830,2746,0.02211,0.16949,-0.07970,77.79,77.00,0.1416,26,58.87,1
176.9495,2747,-0.05003,0.38810,-0.25195,83.82,83.00,0.1235,27,58.29,1
177.0238,2748,-0.10885,0.45505,-0.33479,86.72,86.00,0.1148,27,57.42,1
177.0933,2749,-0.13642,0.50620,-0.30889,85.81,85.00,0.1176,27,56.46,1
177.1636,2750,-0.14677,0.51926,-0.24148,83.45,83.00,0.1246,27,56.39,1
177.2365,2751,-0.15170,0.55079,-0.17921,81.27,81.00,0.1312,27,56.66,1
177.3018,2752,-0.16333,0.59165,-0.16921,80.92,80.00,0.1322,26,57.38,1
177.3643,2753,-0.16685,0.64460,-0.14006,79.90,79.00,0.1353,26,57.88,1
177.4270,2754,-0.15808,0.70333,-0.07855,77.75,77.00,0.1418,24,58.72,1
177.4882,2755,-0.17238,0.78859,-0.11426,79.00,78.00,0.1380,23,59.12,1
177.5532,2756,-0.18640,0.84173,-0.14227,79.98,79.00,0.1351,24,59.26,1
177.6131,2757,-0.18506,0.69838,-0.11544,79.04,79.00,0.1379,25,58.46,1
177.6748,2758,-0.16040,0.48731,-0.01511,75.53,75.00,0.1484,27,56.96,1
177.7351,2759,-0.06745,0.17456,0.30058,70.49,70.00,0.1184,24,56.48,1
177.7933,2760,0.00000,-0.01192,0.49912,67.51,67.00,0.0976,22,55.27,1
177.8533,2761,0.03067,-0.22919,0.45676,68.15,68.00,0.1020,20,53.44,1
177.9121,2762,0.02376,-0.20720,0.34065,69.89,69.00,0.1142,19,51.23,1
177.9723,2763,-0.02339,-0.09322,0.11173,73.32,73.00,0.1383,20,49.14,1
178.0317,2764,0.00000,-0.18858,0.23535,71.47,71.00,0.1253,21,47.26,1
178.0899,2765,0.00000,-0.19791,0.18240,72.26,72.00,0.1308,18,45.34,1
178.1497,2766,0.00000,-0.04011,0.10867,73.37,73.00,0.1386,21,44.64,1
178.2129,2767,0.00000,0.13359,0.08080,73.79,73.00,0.1415,21,44.01,1
178.2735,2768,-0.02392,0.18584,0.04374,74.34,74.00,0.1454,22,43.40,1
178.3325,2769,0.00000,0.42893,0.11547,73.27,73.00,0.1379,22,42.99,1
178.3934,2770,0.00000,0.59476,0.17213,72.42,72.00,0.1319,22,42.87,1
178.4539,2771,0.04177,0.63762,0.25849,71.12,71.00,0.1229,20,42.45,1
178.5135,2772,0.07619,0.62011,0.34552,69.82,69.00,0.1137,18,42.12,1
178.5720,2773,0.09385,0.59311,0.35958,69.61,69.00,0.1122,17,42.13,1
178.6313,2774,0.10555,0.77325,0.35354,69.70,69.00,0.1129,16,41.53,1
178.6933,2775,0.05397,0.59437,0.12874,73.07,73.00,0.1365,18,40.64,1
178.7535,2776,0.00000,0.24020,-0.06120,77.14,77.00,0.1436,17,39.62,1
178.8158,2777,-0.02103,-0.12712,-0.07503,77.63,77.00,0.1421,20,38.61,1
178.8753,2778,0.00000,-0.23612,0.00984,74.85,74.00,0.1490,21,37.79,1
178.9349,2779,0.00000,-0.38504,0.10702,73.39,73.00,0.1388,24,37.25,1
178.9964,2780,0.03883,-0.53191,0.20916,71.86,71.00,0.1280,21,36.85,1
179.0561,2781,0.06156,-0.55744,0.27045,70.94,70.00,0.1216,21,36.20,1
179.1130,2782,0.06199,-0.71311,0.24390,71.34,71.00,0.1244,21,35.61,1
179.1721,2783,0.08273,-0.64043,0.29570,70.56,70.00,0.1190,21,35.11,1
179.2360,2784,0.07854,-0.69528,0.24887,71.27,71.00,0.1239,21,34.63,1
179.2993,2785,0.09926,-0.41957,0.30296,70.46,70.00,0.1182,23,34.75,1
179.3618,2786,0.10343,-0.40607,0.28986,70.65,70.00,0.1196,19,34.51,1
179.4314,2787,0.08877,-0.53152,0.21540,71.77,71.00,0.1274,20,34.14,1
179.4959,2788,0.07038,-0.66460,0.14876,72.77,72.00,0.1344,19,33.68,1
179.5571,2789,0.06861,-0.60747,0.15423,72.69,72.00,0.1338,17,33.32,1
179.6214,2790,0.04150,-0.69383,0.07084,73.94,73.00,0.1426,18,33.48,1
179.6809,2791,0.02512,-0.70988,0.04024,74.40,74.00,0.1458,18,32.95,1
179.7423,2792,0.00000,-0.72790,0.01825,74.73,74.00,0.1481,19,32.58,1
179.8001,2793,0.00000,-0.63062,0.05551,74.17,74.00,0.1442,19,32.38,1
179.8618,2794,0.04170,-0.45703,0.18159,72.28,72.00,0.1309,18,32.04,1
179.9213,2795,0.06580,-0.30168,0.26191,71.07,71.00,0.1225,15,31.59,1
179.9825,2796,0.05863,-0.40236,0.21564,71.77,71.00,0.1274,16,32.30,1
180.0416,2797,0.05357,-0.53611,0.18909,72.16,72.00,0.1301,16,33.20,1
180.1028,2798,0.03204,-0.61283,0.11128,73.33,73.00,0.1383,16,35.04,1
180.1674,2799,0.06808,-0.21177,0.25271,71.21,71.00,0.1235,16,36.13,1
180.2315,2800,0.04109,-0.48174,0.14203,72.87,72.00,0.1351,13,35.32,1
180.2972,2801,0.04464,0.00360,0.16385,72.54,72.00,0.1328,15,35.84,1
180.3593,2802,0.00000,-0.11480,0.03466,74.48,74.00,0.1464,15,35.16,1
180.4235,2803,0.00000,-0.00937,0.03947,74.41,74.00,0.1459,14,34.41,1
180.4887,2804,0.03462,0.01774,0.19308,72.10,72.00,0.1297,11,34.87,1
180.5570,2805,0.00000,-0.03804,0.04477,74.33,74.00,0.1453,13,34.38,1
180.6202,2806,0.00000,0.14292,0.05091,74.24,74.00,0.1447,13,33.94,1
180.6809,2807,0.00000,-0.33523,0.13213,73.02,73.00,0.1361,10,35.05,1
180.7452,2808,0.07287,-0.09031,0.37221,69.42,69.00,0.1109,12,35.05,1
180.8074,2809,0.00000,-0.49873,0.10363,73.45,73.00,0.1391,12,35.99,1
180.8657,2810,-0.02592,-0.74934,-0.01229,75.43,75.00,0.1487,15,34.71,1
180.9255,2811,0.00000,-0.42081,0.06635,74.00,74.00,0.1430,17,33.84,1
180.9863,2812,-0.03704,-0.34914,0.00521,74.92,74.00,0.1495,21,33.44,1
181.0474,2813,-0.04973,-0.25071,-0.01101,75.39,75.00,0.1488,22,33.09,1
181.1079,2814,-0.03101,0.04435,0.08363,73.75,73.00,0.1412,22,32.85,1
181.1682,2815,-0.02843,0.21147,0.09912,73.51,73.00,0.1396,21,32.70,1
181.2312,2816,-0.02698,0.29134,0.10680,73.40,73.00,0.1388,22,32.49,1
181.2897,2817,0.00000,0.35889,0.15255,72.71,72.00,0.1340,22,32.51,1
181.3476,2818,0.00000,0.32448,0.15209,72.72,72.00,0.1340,23,32.32,1
181.4052,2819,-0.03447,0.18771,0.07030,73.95,73.00,0.1426,24,32.07,1
181.4648,2820,-0.03672,0.14973,0.07115,73.93,73.00,0.1425,21,31.81,1
181.5240,2821,-0.03639,0.14560,0.07990,73.80,73.00,0.1416,21,31.45,1
181.5844,2822,-0.02433,0.13948,0.12751,73.09,73.00,0.1366,22,31.46,1
181.6435,2823,-0.02566,0.01823,0.11740,73.24,73.00,0.1377,23,31.32,1
181.6999,2824,-0.02070,0.04734,0.13188,73.02,73.00,0.1362,22,30.99,1
181.7613,2825,0.00000,0.06034,0.15494,72.68,72.00,0.1337,23,30.89,1
181.8236,2826,0.00000,0.08500,0.14040,72.89,72.00,0.1353,24,30.87,1
181.8850,2827,-0.03699,0.02248,0.05820,74.13,74.00,0.1439,25,31.43,1
181.9451,2828,-0.03260,0.10481,0.08399,73.74,73.00,0.1412,25,31.49,1
182.0066,2829,-0.02787,0.16919,0.10463,73.43,73.00,0.1390,25,31.72,1
182.0656,2830,-0.02759,0.21431,0.10484,73.43,73.00,0.1390,25,31.89,1
182.1288,2831,-0.03157,0.31455,0.08987,73.65,73.00,0.1406,25,32.02,1
182.1927,2832,-0.03990,0.22985,0.06300,74.05,74.00,0.1434,24,32.15,1
182.2602,2833,-0.03971,0.24462,0.07169,73.92,73.00,0.1425,25,32.10,1
182.3235,2834,-0.04277,0.25061,0.06577,74.01,74.00,0.1431,25,32.12,1
182.3861,2835,-0.04764,0.23091,0.05425,74.19,74.00,0.1443,24,32.05,1
182.4514,2836,-0.03912,0.18985,0.09106,73.63,73.00,0.1404,24,32.46,1
182.5210,2837,-0.02824,0.16951,0.12663,73.10,73.00,0.1367,24,32.36,1
182.5809,2838,-0.02039,0.12644,0.14474,72.83,72.00,0.1348,24,33.05,1
182.6425,2839,0.00000,0.27081,0.20062,71.99,71.00,0.1289,23,33.38,1
182.7025,2840,0.00000,0.28626,0.19007,72.15,72.00,0.1300,23,33.52,1
182.7615,2841,0.00000,0.38193,0.20304,71.95,71.00,0.1287,23,33.92,1
182.8193,2842,0.00000,0.33748,0.16218,72.57,72.00,0.1330,25,33.93,1
182.8804,2843,0.00000,0.32364,0.14484,72.83,72.00,0.1348,24,34.34,1
182.9398,2844,0.00000,0.27299,0.13990,72.90,72.00,0.1353,25,34.04,1
182.9992,2845,0.00000,0.19704,0.11115,73.33,73.00,0.1383,25,34.54,1
183.0633,2846,0.00000,0.13065,0.09771,73.53,73.00,0.1397,24,35.04,1
183.1251,2847,0.00000,0.11182,0.10024,73.50,73.00,0.1395,24,34.74,1
183.1888,2848,0.00000,0.04844,0.10216,73.47,73.00,0.1393,23,34.29,1
183.2470,2849,0.00000,0.12539,0.12389,73.14,73.00,0.1370,22,33.90,1
183.3096,2850,0.00000,0.03671,0.10736,73.39,73.00,0.1387,24,33.47,1
183.3761,2851,0.00000,0.03266,0.11498,73.28,73.00,0.1379,22,33.89,1
183.4391,2852,0.00000,0.13613,0.13493,72.98,72.00,0.1358,23,33.97,1
183.5028,2853,-0.02017,0.04130,0.06334,74.05,74.00,0.1433,23,34.05,1
183.5669,2854,-0.02404,0.04757,0.06132,74.08,74.00,0.1436,22,34.15,1
183.6335,2855,-0.02507,0.02742,0.06890,73.97,73.00,0.1428,22,33.88,1
183.7040,2856,-0.02801,-0.00749,0.06753,73.99,73.00,0.1429,21,33.22,1
183.7701,2857,-0.02959,-0.04570,0.06956,73.96,73.00,0.1427,19,32.56,1
183.8354,2858,-0.03452,-0.12911,0.05877,74.12,74.00,0.1438,22,32.07,1
183.8998,2859,-0.04303,-0.08467,0.03715,74.44,74.00,0.1461,21,31.50,1
183.9657,2860,-0.04223,0.01264,0.05175,74.22,74.00,0.1446,20,30.93,1
184.0292,2861,-0.03395,0.15844,0.08734,73.69,73.00,0.1408,20,30.43,1
184.0943,2862,-0.03577,0.16179,0.07947,73.81,73.00,0.1417,20,30.01,1
184.1536,2863,-0.02829,-0.05007,0.10551,73.42,73.00,0.1389,21,31.32,1
184.2174,2864,0.00000,-0.12788,0.20630,71.91,71.00,0.1283,21,33.85,1
184.2796,2865,0.03014,-0.36199,0.27568,70.86,70.00,0.1211,19,34.83,1
184.3415,2866,0.06602,-0.41641,0.36100,69.58,69.00,0.1121,21,35.03,1
184.4031,2867,0.08637,-0.46248,0.37891,69.32,69.00,0.1102,19,35.92,1
184.4642,2868,0.11315,-0.49314,0.41868,68.72,68.00,0.1060,20,36.65,1
184.5273,2869,0.10678,-0.17713,0.33839,69.92,69.00,0.1145,21,38.73,1
184.5888,2870,0.03792,0.02801,0.06403,74.04,74.00,0.1433,23,39.04,1
184.6533,2871,0.00000,0.06996,-0.06237,77.18,77.00,0.1435,23,38.64,1
184.7210,2872,-0.02087,0.18270,-0.05315,76.86,76.00,0.1444,24,38.44,1
184.7833,2873,-0.03254,0.17075,-0.04790,76.68,76.00,0.1450,26,37.96,1
184.8439,2874,-0.02491,0.36631,0.01807,74.73,74.00,0.1481,25,37.52,1
184.9090,2875,-0.02238,0.43755,0.05118,74.23,74.00,0.1446,24,37.10,1
184.9711,2876,0.00000,0.29310,0.10409,73.44,73.00,0.1391,22,36.66,1
185.0322,2877,-0.02777,0.04709,0.05092,74.24,74.00,0.1447,20,35.92,1
185.0932,2878,-0.04457,0.00418,0.00459,74.93,74.00,0.1495,20,35.08,1
185.1550,2879,0.00000,-0.36047,0.13933,72.91,72.00,0.1354,17,36.13,1
185.2139,2880,0.02292,-0.20372,0.25608,71.16,71.00,0.1231,13,35.48,1
185.2802,2881,0.06132,-0.01900,0.35360,69.70,69.00,0.1129,11,34.61,1
185.3403,2882,-0.09343,-0.44986,-0.23557,83.25,77.00,0.1253,3,34.61,1
185.4019,2883,-0.24045,0.13624,-0.66993,98.45,85.00,0.0797,6,34.61,1
185.4646,2884,-0.27528,0.47129,-0.62542,96.89,93.00,0.0843,8,34.61,1
185.5258,2885,-0.31262,0.79651,-0.61764,96.62,96.00,0.0851,7,34.61,1
185.5889,2886,-0.34154,0.53998,-0.59083,95.68,95.00,0.0880,6,34.61,1
185.6522,2887,-0.28738,0.33254,-0.29291,85.25,87.00,0.1192,10,34.61,1
185.7130,2888,-0.23950,-0.27070,-0.09437,78.30,79.00,0.1401,11,34.95,1
185.7758,2889,-0.19472,-0.70236,0.04720,74.29,74.00,0.1450,17,34.73,1
185.8388,2890,-0.13751,-0.96058,0.20093,71.99,71.00,0.1289,15,34.40,1
185.8989,2891,-0.08987,-1.09291,0.29433,70.59,70.00,0.1191,17,33.91,1
185.9630,2892,-0.03992,-1.04784,0.37617,69.36,69.00,0.1105,19,33.21,1
186.0292,2893,0.00000,-0.90658,0.40650,68.90,68.00,0.1073,19,33.63,1
186.1001,2894,0.02640,-0.81563,0.38679,69.20,69.00,0.1094,18,32.87,1
186.1658,2895,0.05980,-0.67349,0.41187,68.82,68.00,0.1068,18,32.21,1
186.2341,2896,0.05502,-0.61417,0.30549,70.42,70.00,0.1179,18,31.79,1
186.2992,2897,0.07088,-0.49172,0.30555,70.42,70.00,0.1179,19,31.68,1
186.3652,2898,0.07656,-0.21866,0.27468,70.88,70.00,0.1212,20,33.40,1
186.4250,2899,0.08260,-0.30146,0.25989,71.10,71.00,0.1227,20,34.16,1
186.4882,2900,0.04414,-0.35620,0.09486,73.58,73.00,0.1400,20,36.37,1
186.5478,2901,0.02769,-0.34368,0.04475,74.33,74.00,0.1453,20,36.83,1
186.6058,2902,0.00000,-0.30146,-0.01877,75.66,75.00,0.1480,19,37.74,1
186.6632,2903,0.00000,-0.27101,0.00250,74.96,74.00,0.1497,20,36.52,1
186.7206,2904,0.00000,-0.29654,0.01134,74.83,74.00,0.1488,21,36.61,1
186.7801,2905,0.00000,-0.34683,-0.00845,75.30,75.00,0.1491,21,36.61,1
186.8403,2906,-0.04090,-0.44519,-0.08559,78.00,77.00,0.1410,16,35.19,1
186.9003,2907,-0.05849,-0.61539,-0.11098,78.88,78.00,0.1383,18,34.97,1
186.9646,2908,-0.08083,-0.83107,-0.14798,80.18,80.00,0.1345,18,35.37,1
187.0340,2909,-0.06002,-0.80813,-0.02765,75.97,75.00,0.1471,18,35.59,1
187.0985,2910,0.00000,-0.59427,0.14718,72.79,72.00,0.1345,18,35.73,1
187.1634,2911,0.00000,-0.70388,0.17506,72.37,72.00,0.1316,17,35.70,1
187.2244,2912,0.03336,-0.84076,0.25766,71.14,71.00,0.1229,16,35.27,1
187.2894,2913,0.00000,-0.93644,0.13686,72.95,72.00,0.1356,17,34.09,1
187.3593,2914,0.06361,-0.44517,0.29568,70.56,70.00,0.1190,16,38.33,1
187.4245,2915,0.06691,-0.64918,0.25856,71.12,71.00,0.1229,15,47.10,1
187.4937,2916,0.04080,-0.65726,0.13120,73.03,73.00,0.1362,17,50.55,1
187.5661,2917,0.02652,-0.57034,0.07801,73.83,73.00,0.1418,20,50.31,1
187.6325,2918,0.03085,-0.25862,0.10080,73.49,73.00,0.1394,20,50.70,1
187.6999,2919,0.02042,-0.14125,0.06800,73.98,73.00,0.1429,20,50.34,1
187.7668,2920,0.00000,-0.20374,0.04440,74.33,74.00,0.1453,20,49.71,1
187.8402,2921,0.00000,-0.27373,0.05307,74.20,74.00,0.1444,19,50.17,1
187.9035,2922,0.03059,-0.10490,0.13362,73.00,72.00,0.1360,15,49.79,1
187.9662,2923,0.04895,-0.20416,0.19011,72.15,72.00,0.1300,20,50.28,1
188.0324,2924,0.06327,-0.20247,0.22061,71.69,71.00,0.1268,20,49.87,1
188.0967,2925,0.06772,-0.37043,0.21287,71.81,71.00,0.1276,18,51.53,1
188.1632,2926,0.04768,-0.34172,0.12391,73.14,73.00,0.1370,19,53.77,1
188.2250,2927,0.03002,-0.51585,0.06514,74.02,74.00,0.1432,18,54.65,1
188.2860,2928,0.05657,-0.37327,0.17214,72.42,72.00,0.1319,18,53.00,1
188.3524,2929,0.04613,-0.42508,0.12651,73.10,73.00,0.1367,19,52.44,1
188.4287,2930,0.04780,-0.62014,0.13474,72.98,72.00,0.1359,20,52.92,1
188.4958,2931,0.04182,-0.74536,0.11489,73.28,73.00,0.1379,20,53.13,1
188.5610,2932,0.05097,-0.77924,0.15126,72.73,72.00,0.1341,19,53.52,1
188.6273,2933,0.03685,-0.70377,0.09975,73.50,73.00,0.1395,20,51.45,1
188.6914,2934,0.07414,-0.33125,0.23718,71.44,71.00,0.1251,19,49.60,1
188.7598,2935,0.05714,-0.38763,0.15583,72.66,72.00,0.1336,24,47.94,1
188.8302,2936,0.06264,-0.22002,0.17325,72.40,72.00,0.1318,22,46.73,1
188.8978,2937,0.06926,-0.27073,0.19119,72.13,72.00,0.1299,22,45.40,1
188.9672,2938,0.05973,-0.32144,0.15056,72.74,72.00,0.1342,21,44.06,1
189.0392,2939,0.06267,-0.21896,0.16326,72.55,72.00,0.1329,22,42.97,1
189.1062,2940,0.06823,-0.18863,0.18211,72.27,72.00,0.1309,22,42.25,1
189.1722,2941,0.07205,-0.16257,0.19140,72.13,72.00,0.1299,22,41.50,1
189.2369,2942,0.06235,-0.15299,0.15312,72.70,72.00,0.1339,23,41.89,1
189.2989,2943,0.05544,-0.22131,0.13340,73.00,72.00,0.1360,24,41.59,1
189.3647,2944,0.03250,-0.26479,0.06283,74.06,74.00,0.1434,25,42.69,1
189.4345,2945,0.05005,-0.02583,0.14895,72.77,72.00,0.1344,23,43.23,1
189.5008,2946,0.05559,0.08563,0.17115,72.43,72.00,0.1320,25,43.20,1
189.5644,2947,0.07201,0.18628,0.22605,71.61,71.00,0.1263,24,43.57,1
189.6268,2948,0.08151,0.13162,0.24616,71.31,71.00,0.1242,23,43.76,1
189.6920,2949,0.08792,0.12671,0.25220,71.22,71.00,0.1235,23,43.91,1
189.7576,2950,0.08337,0.05501,0.22080,71.69,71.00,0.1268,25,44.30,1
189.8210,2951,0.09402,0.04785,0.25128,71.23,71.00,0.1236,25,44.30,1
189.8851,2952,0.08426,-0.02275,0.20529,71.92,71.00,0.1284,24,43.98,1
189.9482,2953,0.08153,-0.11261,0.19543,72.07,72.00,0.1295,24,44.26,1
190.0173,2954,0.06751,-0.24841,0.14958,72.76,72.00,0.1343,25,43.54,1
190.0779,2955,0.06728,-0.29822,0.16083,72.59,72.00,0.1331,25,43.24,1
190.1406,2956,0.07022,-0.27791,0.18059,72.29,72.00,0.1310,25,43.16,1
190.1992,2957,0.07474,-0.26126,0.20107,71.98,71.00,0.1289,26,42.67,1
190.2590,2958,0.06710,-0.28223,0.17488,72.38,72.00,0.1316,24,42.53,1
190.3181,2959,0.06108,-0.32013,0.16014,72.60,72.00,0.1332,24,42.19,1
190.3809,2960,0.06266,-0.30818,0.17563,72.37,72.00,0.1316,23,42.11,1
190.4413,2961,0.06023,-0.30846,0.17305,72.40,72.00,0.1318,22,41.90,1
190.5001,2962,0.05287,-0.32917,0.15343,72.70,72.00,0.1339,23,41.76,1
190.5649,2963,0.04631,-0.31447,0.14161,72.88,72.00,0.1351,24,41.55,1
190.6297,2964,0.03485,-0.35601,0.11486,73.28,73.00,0.1379,24,41.70,1
190.6913,2965,0.05166,-0.15842,0.19056,72.14,72.00,0.1300,22,41.55,1
190.7560,2966,0.05134,-0.18250,0.18929,72.16,72.00,0.1301,23,41.61,1
190.8221,2967,0.03953,-0.25797,0.14826,72.78,72.00,0.1344,24,41.31,1
190.8933,2968,0.04080,-0.32341,0.16241,72.56,72.00,0.1329,24,40.91,1
190.9554,2969,0.03831,-0.43968,0.15862,72.62,72.00,0.1333,21,40.99,1
191.0182,2970,0.04087,-0.48993,0.17280,72.41,72.00,0.1319,21,40.43,1
191.0808,2971,0.04261,-0.48030,0.18062,72.29,72.00,0.1310,19,40.24,1
191.1467,2972,0.05236,-0.44030,0.21418,71.79,71.00,0.1275,22,40.02,1
191.2117,2973,0.06084,-0.40724,0.23556,71.47,71.00,0.1253,19,40.14,1
191.2763,2974,0.06507,-0.37778,0.23804,71.43,71.00,0.1250,22,40.22,1
191.3379,2975,0.06440,-0.32465,0.22465,71.63,71.00,0.1264,23,40.22,1
191.4047,2976,0.06520,-0.28210,0.21940,71.71,71.00,0.1270,21,39.92,1
191.4716,2977,0.06689,-0.15795,0.21905,71.71,71.00,0.1270,24,40.51,1
191.5332,2978,0.06381,-0.10963,0.20335,71.95,71.00,0.1286,25,41.91,1
191.5954,2979,0.08090,0.01484,0.26094,71.09,71.00,0.1226,27,41.89,1
191.6570,2980,0.09550,0.07326,0.29736,70.54,70.00,0.1188,25,41.89,1
191.7213,2981,0.08059,-0.02376,0.22399,71.64,71.00,0.1265,25,43.09,1
191.7927,2982,0.06423,-0.16196,0.16425,72.54,72.00,0.1328,24,45.13,1
191.8564,2983,0.06744,-0.09393,0.18551,72.22,72.00,0.1305,23,45.14,1
191.9201,2984,0.06847,-0.16551,0.19383,72.09,72.00,0.1296,25,44.31,1
191.9831,2985,0.06816,-0.10961,0.19538,72.07,72.00,0.1295,24,44.91,1
192.0499,2986,0.04867,-0.11785,0.13061,73.04,73.00,0.1363,21,44.01,1
192.1115,2987,0.04001,-0.16474,0.11663,73.25,73.00,0.1378,23,43.64,1
192.1729,2988,0.04179,-0.20963,0.14078,72.89,72.00,0.1352,21,42.88,1
192.2375,2989,0.04193,-0.25745,0.15318,72.70,72.00,0.1339,23,42.31,1
192.2980,2990,0.05515,-0.29287,0.20655,71.90,71.00,0.1283,26,42.61,1
192.3579,2991,0.06605,-0.24209,0.23999,71.40,71.00,0.1248,25,42.45,1
192.4236,2992,0.06035,-0.22652,0.20802,71.88,71.00,0.1282,23,42.01,1
192.4833,2993,0.07720,-0.09248,0.26290,71.06,71.00,0.1224,23,41.81,1
192.5475,2994,0.07225,-0.13451,0.22979,71.55,71.00,0.1259,22,41.30,1
192.6204,2995,0.06901,-0.32278,0.21071,71.84,71.00,0.1279,21,40.81,1
192.6847,2996,0.06034,-0.45096,0.17877,72.32,72.00,0.1312,20,40.61,1
192.7483,2997,0.04751,-0.43209,0.13989,72.90,72.00,0.1353,24,40.85,1
192.8140,2998,0.02065,-0.39540,0.06173,74.07,74.00,0.1435,23,40.55,1
192.8769,2999,0.02255,-0.28220,0.09768,73.53,73.00,0.1397,22,40.22,1
192.9400,3000,0.02604,-0.20264,0.12929,73.06,73.00,0.1364,24,40.22,1
193.0015,3001,0.03536,-0.15636,0.17225,72.42,72.00,0.1319,22,40.41,1
193.0598,3002,0.04449,-0.06909,0.20451,71.93,71.00,0.1285,23,40.81,1
193.1231,3003,0.04828,0.01483,0.21095,71.84,71.00,0.1279,24,41.48,1
193.1851,3004,0.04849,0.06840,0.20406,71.94,71.00,0.1286,24,41.69,1
193.2439,3005,0.04186,0.05925,0.17584,72.36,72.00,0.1315,23,42.34,1
193.3043,3006,0.02767,-0.06736,0.12757,73.09,73.00,0.1366,23,42.52,1
193.3642,3007,0.04499,-0.12727,0.19945,72.01,72.00,0.1291,21,42.93,1
193.4265,3008,0.04693,-0.27175,0.20115,71.98,71.00,0.1289,22,44.18,1
193.4896,3009,0.03484,-0.35468,0.15411,72.69,72.00,0.1338,21,44.87,1
193.5500,3010,0.02245,-0.36107,0.11681,73.25,73.00,0.1377,21,44.44,1
193.6100,3011,0.00000,-0.35677,0.07868,73.82,73.00,0.1417,22,43.84,1
193.6702,3012,-0.02507,-0.38346,-0.01710,75.60,75.00,0.1482,20,43.16,1
193.7339,3013,-0.03801,-0.49958,-0.02080,75.73,75.00,0.1478,18,44.30,1
193.7960,3014,-0.04124,-0.69928,0.00548,74.92,74.00,0.1494,19,43.57,1
193.8582,3015,0.00000,-0.84543,0.12894,73.07,73.00,0.1365,16,43.82,1
193.9212,3016,0.00000,-0.97798,0.17041,72.44,72.00,0.1321,13,43.09,1
193.9882,3017,0.00000,-1.05626,0.16191,72.57,72.00,0.1330,14,41.64,1
194.0550,3018,0.00000,-1.03261,0.12522,73.12,73.00,0.1369,15,40.23,1
194.1336,3019,0.00000,-1.05775,0.14272,72.86,72.00,0.1350,10,38.36,1
194.1976,3020,0.00000,-1.05671,0.13695,72.95,72.00,0.1356,11,38.40,1
194.2635,3021,0.00000,-1.04937,0.20060,71.99,71.00,0.1289,11,42.12,1
194.3330,3022,0.05154,-1.03880,0.33046,70.04,70.00,0.1153,11,39.81,1
194.3965,3023,0.06029,-1.02720,0.31882,70.22,70.00,0.1165,11,38.40,1
194.4608,3024,0.09948,-0.67296,0.41627,68.76,68.00,0.1063,12,38.56,1
194.5238,3025,0.09658,-0.54802,0.35075,69.74,69.00,0.1132,12,37.13,1
194.5861,3026,0.06956,-0.57503,0.22093,71.69,71.00,0.1268,16,36.09,1
194.6520,3027,0.06920,-0.23671,0.21434,71.78,71.00,0.1275,14,35.21,1
194.7272,3028,0.03950,-0.31198,0.10934,73.36,73.00,0.1385,15,34.71,1
194.7915,3029,0.00000,-0.59520,-0.01182,75.41,75.00,0.1488,12,34.07,1
194.8564,3030,0.00000,-0.79966,0.05680,74.15,74.00,0.1440,10,33.76,1
194.9180,3031,0.00000,-0.93426,0.03802,74.43,74.00,0.1460,9,34.58,1
194.9774,3032,0.00000,-0.53507,0.12821,73.08,73.00,0.1365,9,36.12,1
195.0352,3033,0.08144,-0.48858,0.38574,69.21,69.00,0.1095,7,36.12,1
195.0927,3034,0.05353,-0.37432,0.24037,71.39,71.00,0.1248,11,47.41,1
195.1550,3035,0.00000,-0.61240,0.06402,74.04,74.00,0.1433,10,55.37,1
195.2178,3036,0.03899,-0.79983,0.19797,72.03,72.00,0.1292,12,55.37,1
195.2846,3037,-0.05203,-0.93303,-0.12410,79.34,79.00,0.1370,10,52.53,1
195.3494,3038,-0.03417,-1.01367,0.00441,74.93,74.00,0.1495,10,50.08,1
195.4121,3039,-0.03729,-1.05368,0.02453,74.63,74.00,0.1474,12,47.67,1
195.4737,3040,0.00000,-1.06852,0.13770,72.93,72.00,0.1355,8,45.71,1
195.5349,3041,-0.07493,-0.77839,-0.08214,77.88,77.00,0.1414,8,44.13,1
195.5993,3042,-0.04566,-0.85287,0.06673,74.00,73.00,0.1430,6,43.17,1
195.6631,3043,0.00000,-0.57713,0.26014,71.10,71.00,0.1227,7,42.35,1
195.7252,3044,0.06406,-0.72069,0.42089,68.69,68.00,0.1058,6,42.02,1
195.7882,3045,0.10258,-0.63402,0.48968,67.65,67.00,0.0986,6,40.47,1
195.8457,3046,0.03056,-0.77476,0.16878,72.47,72.00,0.1323,6,42.47,1
195.9069,3047,0.00000,-0.88148,0.02457,74.63,74.00,0.1474,7,42.32,1
195.9666,3048,0.00000,-0.95607,0.09554,73.57,73.00,0.1400,8,45.14,1
196.0292,3049,0.00000,-1.00429,0.09431,73.59,73.00,0.1401,8,42.73,1
196.0911,3050,0.00000,-1.02985,0.13589,72.96,72.00,0.1357,8,42.45,1
196.1575,3051,0.04600,-1.00649,0.28712,70.69,70.00,0.1199,12,42.66,1
196.2284,3052,0.04601,-0.94930,0.25261,71.21,71.00,0.1235,16,41.79,1
196.2932,3053,0.03547,-0.91741,0.19591,72.06,72.00,0.1294,16,40.53,1
196.3563,3054,0.04657,-0.78920,0.22755,71.59,71.00,0.1261,17,39.92,1
196.4216,3055,0.03228,-0.55900,0.16517,72.52,72.00,0.1327,18,39.32,1
196.4830,3056,0.00000,-0.33202,0.09486,73.58,73.00,0.1400,20,38.78,1
196.5489,3057,0.00000,-0.08777,0.09192,73.62,73.00,0.1403,18,37.80,1
196.6194,3058,0.02114,0.15790,0.16078,72.59,72.00,0.1331,17,37.11,1
196.6814,3059,0.02442,0.03048,0.17238,72.41,72.00,0.1319,16,36.26,1
196.7411,3060,0.03593,-0.07385,0.20991,71.85,71.00,0.1280,14,36.86,1
196.7991,3061,0.02651,-0.15390,0.16748,72.49,72.00,0.1324,14,37.75,1
196.8566,3062,0.00000,-0.47643,0.12257,73.16,73.00,0.1371,13,40.19,1
196.9161,3063,0.00000,-0.75591,0.11752,73.24,73.00,0.1377,13,42.62,1
196.9769,3064,0.06975,-0.94687,0.33262,70.01,70.00,0.1151,11,42.62,1
197.0366,3065,0.06689,-1.05818,0.28573,70.71,70.00,0.1200,12,45.66,1
197.0991,3066,0.05162,-1.11528,0.20745,71.89,71.00,0.1282,13,48.95,1
197.1624,3067,0.04019,-1.12881,0.16203,72.57,72.00,0.1330,14,50.80,1
197.2247,3068,0.04782,-1.12030,0.19330,72.10,72.00,0.1297,11,49.82,1
197.2866,3069,0.07347,-1.09926,0.27957,70.81,70.00,0.1206,13,49.49,1
197.3485,3070,0.08355,-0.92479,0.29310,70.60,70.00,0.1192,13,47.77,1
197.4089,3071,0.10456,-0.46482,0.34377,69.84,69.00,0.1139,13,46.20,1
197.4688,3072,0.10139,-0.24395,0.30122,70.48,70.00,0.1184,12,44.22,1
197.5270,3073,0.08301,0.21880,0.21744,71.74,71.00,0.1272,12,42.63,1
197.5857,3074,0.07859,0.31483,0.20130,71.98,71.00,0.1289,13,40.83,1
197.6464,3075,0.06887,-0.08322,0.17020,72.45,72.00,0.1321,9,39.32,1
197.7139,3076,0.08233,-0.23922,0.22739,71.59,71.00,0.1261,9,38.26,1
197.7734,3077,0.09732,0.17226,0.27566,70.87,70.00,0.1211,10,37.17,1
197.8329,3078,0.09997,0.15555,0.27119,70.93,70.00,0.1215,12,36.75,1
197.8962,3079,0.10224,-0.03775,0.26655,71.00,71.00,0.1220,12,36.66,1
197.9572,3080,0.11357,-0.17224,0.29572,70.56,70.00,0.1189,13,36.49,1
198.0205,3081,0.09798,-0.35997,0.22529,71.62,71.00,0.1263,16,36.51,1
198.0890,3082,0.08768,-0.55509,0.19069,72.14,72.00,0.1300,14,36.86,1
198.1513,3083,0.05829,-0.72300,0.09803,73.53,73.00,0.1397,15,36.17,1
198.2122,3084,0.05016,-0.91827,0.09755,73.54,73.00,0.1398,12,35.01,1
198.2753,3085,0.04607,-1.03877,0.11000,73.35,73.00,0.1385,12,34.65,1
198.3361,3086,0.05582,-1.09791,0.16503,72.52,72.00,0.1327,12,34.19,1
198.3986,3087,0.02478,-1.11883,0.06526,74.02,74.00,0.1431,13,33.47,1
198.4601,3088,-0.04429,-1.11426,-0.14608,80.11,80.00,0.1347,13,33.02,1
198.5220,3089,-0.08966,-0.77474,-0.23177,83.11,83.00,0.1257,12,39.32,1
198.5834,3090,-0.10066,-0.84478,-0.18527,81.48,81.00,0.1305,14,39.32,1
198.6454,3091,-0.15758,-0.90388,-0.31611,86.06,86.00,0.1168,11,39.32,1
198.7047,3092,-0.17334,-0.94853,-0.28501,84.98,84.00,0.1201,9,39.32,1
198.7679,3093,-0.14993,-0.98051,-0.12683,79.44,79.00,0.1367,12,39.32,1
198.8309,3094,-0.12808,-1.00078,-0.01615,75.57,75.00,0.1483,13,37.99,1
198.8916,3095,-0.12062,-1.01143,0.01622,74.76,74.00,0.1483,11,38.79,1
198.9486,3096,-0.12404,-1.01559,0.00264,74.96,74.00,0.1497,11,39.51,1
199.0046,3097,-0.17235,-1.01616,-0.16714,80.85,80.00,0.1324,11,38.46,1
199.0613,3098,-0.13608,-1.01469,-0.00471,75.16,75.00,0.1495,7,37.36,1
199.1160,3099,-0.13361,-1.01209,0.00194,74.97,74.00,0.1498,7,37.83,1
199.1719,3100,-0.17104,-1.00927,-0.13557,79.74,79.00,0.1358,7,35.84,1
199.2293,3101,-0.17749,-1.00656,-0.13471,79.71,79.00,0.1359,6,35.84,1
199.2884,3102,-0.07975,-1.00419,0.23313,71.50,71.00,0.1255,3,35.84,1
199.3471,3103,-0.27735,-1.00233,-0.52324,93.31,79.00,0.0951,5,35.84,1
199.4090,3104,-0.45213,-1.00095,-1.00000,110.00,87.00,0.0450,6,35.84,1
199.4690,3105,-0.58014,-1.00008,-1.00000,110.00,95.00,0.0450,3,35.84,1
199.5283,3106,-0.61726,-0.99958,-1.00000,110.00,103.00,0.0450,5,35.84,1
199.5866,3107,-0.38226,-0.99936,-0.16971,80.94,95.00,0.1322,4,35.84,1
199.6442,3108,-0.30560,-0.99931,0.06313,74.05,87.00,0.1434,8,35.84,1
199.7021,3109,-0.25609,-0.99937,0.15344,72.70,79.00,0.1339,8,35.84,1
199.7630,3110,-0.19740,-0.93229,0.25783,71.13,71.00,0.1229,9,35.84,1
199.8208,3111,-0.19320,-0.95116,0.16056,72.59,72.00,0.1331,9,35.84,1
199.8803,3112,-0.14093,-0.96768,0.25652,71.15,71.00,0.1231,11,35.84,1
199.9407,3113,-0.18827,-0.98111,-0.01374,75.48,75.00,0.1486,7,45.16,1
200.0077,3114,-0.25531,-0.99149,-0.29120,85.19,83.00,0.1194,7,52.74,1
200.0698,3115,-0.21136,-0.99812,-0.11720,79.10,79.00,0.1377,9,52.74,1
200.1290,3116,-0.09755,-0.55571,0.26065,71.09,71.00,0.1226,9,57.47,1
200.1884,3117,-0.09502,-0.68416,0.17399,72.39,72.00,0.1317,7,57.47,1
200.2493,3118,-0.13421,-0.79537,-0.03701,76.30,76.00,0.1461,9,62.12,1
200.3122,3119,-0.12924,-0.88493,-0.04370,76.53,76.00,0.1454,7,62.12,1
200.3734,3120,-0.15920,-0.94927,-0.16934,80.93,80.00,0.1322,12,65.78,1
200.4323,3121,-0.11598,-0.99061,-0.01182,75.41,75.00,0.1488,12,68.33,1
200.4949,3122,-0.04914,-1.01590,0.19315,72.10,72.00,0.1297,10,64.30,1
200.5549,3123,0.00000,-1.02715,0.28601,70.71,70.00,0.1200,15,62.54,1
200.6155,3124,0.00000,-0.91327,0.25588,71.16,71.00,0.1231,17,59.18,1
200.6761,3125,0.03641,-0.48444,0.26541,71.02,71.00,0.1221,16,56.00,1
200.7409,3126,0.04876,0.02868,0.23671,71.45,71.00,0.1251,18,53.19,1
200.8049,3127,0.06685,0.03913,0.24170,71.37,71.00,0.1246,22,52.68,1
200.8734,3128,0.10118,-0.01535,0.30321,70.45,70.00,0.1182,22,52.70,1
200.9354,3129,0.10559,-0.09174,0.25881,71.12,71.00,0.1228,20,52.76,1
200.9961,3130,0.10301,-0.08257,0.20578,71.91,71.00,0.1284,18,52.31,1
201.0578,3131,0.09598,-0.30979,0.15154,72.73,72.00,0.1341,19,52.55,1
201.1189,3132,0.09900,-0.44973,0.14713,72.79,72.00,0.1346,20,54.54,1
201.1808,3133,0.08525,-0.59885,0.08653,73.70,73.00,0.1409,21,57.73,1
201.2481,3134,0.08558,-0.46870,0.09004,73.65,73.00,0.1405,24,60.16,1
201.3128,3135,0.04933,-0.13624,-0.03352,76.17,76.00,0.1465,27,61.72,1
201.3774,3136,0.03368,0.16976,-0.05820,77.04,77.00,0.1439,26,63.91,1
201.4391,3137,0.05545,0.13540,0.04856,74.27,74.00,0.1449,24,64.32,1
201.5041,3138,0.04149,-0.04349,0.00713,74.89,74.00,0.1493,22,66.33,1
201.5649,3139,0.04451,-0.24558,0.03262,74.51,74.00,0.1466,20,67.46,1
201.6266,3140,0.03732,-0.21342,0.01646,74.75,74.00,0.1483,21,69.19,1
201.6875,3141,0.00000,0.31388,-0.08465,77.96,77.00,0.1411,18,70.54,1
201.7515,3142,0.00000,0.48476,-0.09503,78.33,78.00,0.1400,20,71.21,1
201.8168,3143,0.00000,0.73771,-0.07898,77.76,77.00,0.1417,19,72.60,1
201.8801,3144,0.00000,0.80171,-0.01339,75.47,75.00,0.1486,19,74.22,1
201.9412,3145,0.06327,0.41858,0.22669,71.60,71.00,0.1262,17,75.17,1
202.0006,3146,0.10346,0.26118,0.32613,70.11,70.00,0.1158,14,75.36,1
202.0608,3147,0.10553,0.24648,0.27493,70.88,70.00,0.1211,15,75.79,1
202.1215,3148,0.11162,0.10562,0.25356,71.20,71.00,0.1234,14,77.20,1
202.1833,3149,0.14118,-0.08665,0.32223,70.17,70.00,0.1162,15,77.60,1
202.2499,3150,0.14769,-0.21807,0.29503,70.57,70.00,0.1190,17,76.89,1
202.3128,3151,0.14039,-0.52915,0.23422,71.49,71.00,0.1254,18,76.12,1
202.3775,3152,0.11584,-0.73332,0.13019,73.05,73.00,0.1363,19,74.77,1
202.4415,3153,0.08939,-0.86933,0.04498,74.33,74.00,0.1453,22,73.10,1
202.5050,3154,0.05416,-0.85428,-0.05200,76.82,76.00,0.1445,22,71.19,1
202.5668,3155,0.00000,-0.80056,-0.17933,81.28,81.00,0.1312,21,71.07,1
202.6313,3156,0.00000,-0.59260,-0.14746,80.16,80.00,0.1345,22,71.10,1
202.6939,3157,-0.02016,-0.28068,-0.14065,79.92,79.00,0.1352,22,67.67,1
202.7566,3158,0.00000,-0.05546,-0.07077,77.48,77.00,0.1426,21,65.52,1
202.8204,3159,0.00000,0.08296,-0.03279,76.15,76.00,0.1466,20,64.89,1
202.8860,3160,0.00000,0.14591,0.02651,74.60,74.00,0.1472,22,62.64,1
202.9554,3161,0.00000,0.15155,-0.00087,75.03,75.00,0.1499,21,64.82,1
203.0207,3162,-0.02729,0.01902,-0.03486,76.22,76.00,0.1463,22,66.42,1
203.0873,3163,0.00000,-0.01165,0.02875,74.57,74.00,0.1470,22,65.98,1
203.1487,3164,-0.02103,-0.02062,0.00840,74.87,74.00,0.1491,22,65.26,1
203.2124,3165,-0.04607,0.16845,-0.07327,77.56,77.00,0.1423,17,62.97,1
203.2768,3166,0.00000,0.45000,0.05912,74.11,74.00,0.1438,12,60.76,1
203.3403,3167,0.00000,0.39777,0.05789,74.13,74.00,0.1439,15,59.08,1
203.4101,3168,0.00000,0.54939,0.06890,73.97,73.00,0.1428,19,57.96,1
203.4723,3169,0.00000,0.65143,0.08502,73.72,73.00,0.1411,13,56.76,1
203.5344,3170,0.00000,0.55272,0.06193,74.07,74.00,0.1435,21,55.99,1
203.5964,3171,0.02892,0.48116,0.17593,72.36,72.00,0.1315,20,55.41,1
203.6594,3172,0.02887,0.38938,0.14483,72.83,72.00,0.1348,20,55.36,1
203.7213,3173,0.07093,0.30212,0.26998,70.95,70.00,0.1217,17,54.97,1
203.7827,3174,0.11574,-0.30431,0.38079,69.29,69.00,0.1100,17,55.43,1
203.8456,3175,0.13509,-0.73225,0.38219,69.27,69.00,0.1099,16,55.48,1
203.9096,3176,0.12975,-0.97061,0.30111,70.48,70.00,0.1184,15,55.37,1
203.9739,3177,0.09878,-1.11978,0.15586,72.66,72.00,0.1336,14,55.60,1
204.0361,3178,0.09185,-0.98020,0.13006,73.05,73.00,0.1363,18,56.54,1
204.1007,3179,0.05081,-0.74454,-0.00762,75.27,75.00,0.1492,17,57.58,1
204.1663,3180,0.00000,-0.34579,-0.13599,79.76,79.00,0.1357,17,58.52,1
204.2330,3181,0.00000,-0.00253,-0.13052,79.57,79.00,0.1363,14,59.92,1
204.2965,3182,-0.05958,0.20787,-0.23578,83.25,83.00,0.1252,20,61.50,1
204.3620,3183,-0.10466,0.45166,-0.31717,86.10,86.00,0.1167,16,64.06,1
204.4257,3184,-0.12098,0.53760,-0.29123,85.19,85.00,0.1194,15,65.03,1
204.4878,3185,-0.14283,0.39237,-0.29877,85.46,85.00,0.1186,18,65.51,1
204.5518,3186,-0.08926,0.46756,-0.04783,76.67,77.00,0.1450,20,66.93,1
204.6179,3187,-0.05576,0.33867,0.07262,73.91,73.00,0.1424,19,67.33,1
204.6814,3188,0.00000,-0.05302,0.22514,71.62,71.00,0.1264,21,66.56,1
204.7479,3189,0.06012,-0.21232,0.39518,69.07,69.00,0.1085,19,65.66,1
204.8116,3190,0.08947,-0.36107,0.41040,68.84,68.00,0.1069,20,64.90,1
204.8749,3191,0.08172,-0.39049,0.30127,70.48,70.00,0.1184,21,64.64,1
204.9401,3192,0.02779,-0.09872,0.06179,74.07,74.00,0.1435,16,65.57,1
205.0051,3193,0.00000,-0.01579,-0.05135,76.80,76.00,0.1446,17,66.60,1
205.0661,3194,-0.05394,0.10288,-0.18561,81.50,81.00,0.1305,18,67.84,1
205.1273,3195,-0.04084,0.02751,-0.08558,78.00,77.00,0.1410,15,68.63,1
205.1887,3196,0.02410,0.01124,0.17016,72.45,72.00,0.1321,15,67.90,1
205.2525,3197,0.08810,-0.06768,0.36491,69.53,69.00,0.1117,13,65.01,1
205.3164,3198,0.13969,-0.10338,0.47472,67.88,67.00,0.1002,15,63.45,1
205.3775,3199,0.19766,-0.14797,0.59343,66.10,66.00,0.0877,15,62.20,1
205.4380,3200,0.19070,-0.21127,0.46963,67.96,67.00,0.1007,15,61.26,1
205.5000,3201,0.18603,-0.20804,0.38687,69.20,69.00,0.1094,16,60.23,1
205.5609,3202,0.16374,-0.34558,0.26725,70.99,70.00,0.1219,19,58.54,1
205.6213,3203,0.15291,-0.42983,0.21763,71.74,71.00,0.1271,20,58.89,1
205.6852,3204,0.12820,-0.52068,0.13186,73.02,73.00,0.1362,22,60.28,1
205.7484,3205,0.07956,-0.66923,-0.01732,75.61,75.00,0.1482,18,60.65,1
205.8079,3206,0.06985,-0.59928,-0.00220,75.08,75.00,0.1498,20,62.19,1
205.8690,3207,0.06060,-0.47610,0.00946,74.86,74.00,0.1490,23,64.07,1
205.9318,3208,0.06871,-0.54376,0.07707,73.84,73.00,0.1419,19,67.56,1
205.9940,3209,0.02818,-0.41615,-0.04272,76.50,76.00,0.1455,18,71.57,1
206.0596,3210,0.00000,-0.46564,-0.09408,78.29,78.00,0.1401,19,75.92,1
206.1218,3211,0.00000,-0.38884,-0.06535,77.29,77.00,0.1431,19,76.97,1
206.1848,3212,0.00000,-0.37370,-0.02858,76.00,76.00,0.1470,20,78.98,1
206.2490,3213,-0.03504,-0.15242,-0.08094,77.83,77.00,0.1415,19,82.68,1
206.3177,3214,-0.03531,-0.20894,-0.03861,76.35,76.00,0.1459,17,84.66,1
206.3784,3215,-0.05152,-0.05172,-0.06878,77.41,77.00,0.1428,20,83.09,1
206.4401,3216,-0.06632,0.08600,-0.08964,78.14,78.00,0.1406,18,82.69,1
206.5007,3217,-0.07353,-0.02682,-0.08303,77.91,77.00,0.1413,19,81.42,1
206.5607,3218,-0.08466,-0.00303,-0.09465,78.31,78.00,0.1401,18,80.58,1
206.6285,3219,-0.07436,0.25534,-0.02827,75.99,75.00,0.1470,15,79.22,1
206.6937,3220,-0.05389,0.08969,0.05361,74.20,74.00,0.1444,15,79.22,1
206.7653,3221,-0.05309,0.01500,0.04694,74.30,74.00,0.1451,15,79.22,1
206.8294,3222,-0.07537,0.19894,-0.03585,76.25,76.00,0.1462,16,80.10,1
206.8958,3223,-0.06152,0.26568,0.02355,74.65,74.00,0.1475,15,79.79,1
206.9609,3224,-0.04396,0.13096,0.08113,73.78,73.00,0.1415,14,79.41,1
207.0260,3225,0.00000,-0.39289,0.25552,71.17,71.00,0.1232,14,79.57,1
207.0879,3226,0.04530,-0.75289,0.31979,70.20,70.00,0.1164,16,78.31,1
207.1489,3227,0.00000,-0.98015,0.10894,73.37,73.00,0.1386,12,78.31,1
207.2118,3228,0.00000,-1.11027,0.12553,73.12,73.00,0.1368,14,78.31,1
207.2776,3229,0.02635,-1.17019,0.16644,72.50,72.00,0.1325,15,78.28,1
207.3433,3230,0.00000,-1.17621,0.05396,74.19,74.00,0.1443,12,78.75,1
207.4070,3231,0.00000,-1.15441,0.05999,74.10,74.00,0.1437,12,79.93,1
207.4709,3232,0.02467,-0.76540,0.14835,72.77,72.00,0.1344,15,80.46,1
207.5329,3233,0.04175,-0.58043,0.19206,72.12,72.00,0.1298,14,82.58,1
207.5944,3234,0.03874,-0.63411,0.15899,72.62,72.00,0.1333,13,83.52,1
207.6546,3235,0.03211,-0.76671,0.12169,73.17,73.00,0.1372,10,83.52,1
207.7188,3236,0.00000,-0.75767,0.05237,74.21,74.00,0.1445,13,86.12,1
207.7800,3237,0.00000,-0.81888,0.01837,74.72,74.00,0.1481,11,89.06,1
207.8443,3238,0.00000,-0.64277,0.06253,74.06,74.00,0.1434,12,89.06,1
207.9087,3239,0.06090,-0.78340,0.24389,71.34,71.00,0.1244,5,89.06,1
207.9693,3240,0.03464,-0.78869,0.12095,73.19,73.00,0.1373,11,89.06,1
208.0305,3241,0.04621,-0.37412,0.15798,72.63,72.00,0.1334,13,89.06,1
208.0914,3242,0.04386,-0.24940,0.13920,72.91,72.00,0.1354,14,89.06,1
208.1528,3243,0.03392,0.14387,0.09887,73.52,73.00,0.1396,9,89.06,1
208.2152,3244,0.07440,-0.00486,0.24423,71.34,71.00,0.1244,8,89.06,1
208.2818,3245,0.00000,0.39266,-0.05823,77.04,77.00,0.1439,5,89.06,1
208.3531,3246,-0.04125,0.34285,-0.14020,79.91,79.00,0.1353,8,89.06,1
208.4173,3247,-0.09080,0.21852,-0.25567,83.95,83.00,0.1232,7,89.06,1
208.4801,3248,-0.10214,0.02886,-0.22147,82.75,82.00,0.1267,7,89.06,1
208.5407,3249,-0.12543,0.00269,-0.24231,83.48,83.00,0.0000,1,89.06,0
208.6054,3250,-0.10753,-0.17772,-0.13576,79.75,79.00,0.1357,6,89.06,1
208.6667,3251,0.00000,-0.61996,0.24554,71.32,71.00,0.1242,6,89.06,1
208.7282,3252,0.00000,-0.68729,0.17007,72.45,72.00,0.1321,6,89.06,1
208.7875,3253,0.00000,-0.81955,0.13684,72.95,72.00,0.0000,1,89.06,0
208.8473,3254,0.08967,-0.96116,0.37908,69.31,69.00,0.1102,3,90.45,1
208.9080,3255,0.04411,-0.69057,0.16018,72.60,72.00,0.1332,10,90.45,1
208.9679,3256,0.00000,0.08458,-0.05822,77.04,77.00,0.1439,4,90.45,1
209.0299,3257,0.00000,0.09327,-0.01980,75.69,75.00,0.1479,10,83.51,1
209.0924,3258,-0.03905,-0.31419,-0.10319,78.61,78.00,0.1392,4,83.51,1
209.1571,3259,-0.05108,-0.32633,-0.12658,79.43,79.00,0.0000,2,83.51,0
209.2188,3260,-0.06139,-0.33673,-0.13532,79.74,79.00,0.0000,2,83.51,0
209.2796,3261,-0.07060,-0.34602,-0.13493,79.72,79.00,0.0000,0,83.51,0
209.3416,3262,-0.04695,-0.86355,-0.05721,77.00,77.00,0.1440,3,83.51,1
209.3994,3263,-0.05559,-0.98551,-0.07967,77.79,77.00,0.1416,6,83.51,1
209.4592,3264,0.00000,-1.05275,0.06128,74.08,74.00,0.1436,6,83.51,1
209.5159,3265,0.00000,-1.14922,0.05713,74.14,74.00,0.0000,1,83.51,0
209.5761,3266,0.00000,-1.10215,0.08189,73.77,73.00,0.1414,4,83.51,1
209.6361,3267,0.00000,-1.15684,0.07370,73.89,73.00,0.0000,0,83.51,0
209.6950,3268,0.00000,-0.90290,0.00056,74.99,74.00,0.1499,5,83.51,1
209.7556,3269,0.00000,-0.87770,0.00050,74.99,74.00,0.0000,1,83.51,0
209.8163,3270,0.08342,-0.94610,0.27755,70.84,70.00,0.1209,6,83.51,1
209.8764,3271,0.10591,-0.94518,0.27455,70.88,70.00,0.0000,2,83.51,0
209.9371,3272,0.13850,-0.97922,0.33199,70.02,70.00,0.1151,4,83.51,1
209.9979,3273,0.13531,-0.35208,0.27237,70.91,70.00,0.1214,5,83.51,1
210.0594,3274,0.11538,-0.03483,0.16742,72.49,72.00,0.1324,6,82.16,1
210.1258,3275,0.00000,-0.24198,-0.20318,82.11,80.00,0.1287,3,82.16,1
210.1932,3276,-0.05992,-0.55231,-0.38772,88.57,88.00,0.1093,3,82.16,1
210.2546,3277,-0.09844,-0.58944,-0.39341,88.77,88.00,0.0000,2,82.16,0
210.3159,3278,-0.13277,-0.62255,-0.39188,88.72,88.00,0.0000,0,82.16,0
210.3784,3279,-0.16463,-0.65327,-0.39133,88.70,88.00,0.0000,2,82.16,0
210.4392,3280,-0.19204,-0.67970,-0.38975,88.64,88.00,0.0000,2,82.16,0
210.5016,3281,-0.21788,-0.70461,-0.38934,88.63,88.00,0.0000,0,82.16,0
210.5657,3282,-0.24150,-0.72738,-0.38927,88.62,88.00,0.0000,2,82.16,0
210.6286,3283,-0.30835,-0.97859,-0.51387,92.99,92.00,0.0960,3,82.16,1
210.6961,3284,-0.33832,-1.03766,-0.50830,92.79,92.00,0.0000,1,82.16,0
210.7689,3285,-0.36735,-1.09489,-0.51128,92.89,92.00,0.0000,0,82.16,0
210.8447,3286,-0.20632,-0.22646,-0.05690,76.99,84.00,0.1440,4,78.34,1
210.9169,3287,-0.07200,0.29726,0.29826,70.53,76.00,0.1187,3,78.34,1
210.9933,3288,-0.02068,0.56875,0.31283,70.31,70.00,0.0000,2,78.34,0
211.0635,3289,0.02112,0.67308,0.31556,70.27,70.00,0.0000,1,78.34,0
211.1330,3290,-0.08159,0.42959,-0.04347,76.52,76.00,0.1454,3,78.34,1
211.2063,3291,-0.14891,0.35179,-0.25309,83.86,83.00,0.1234,3,78.34,1
211.2735,3292,-0.16355,0.34041,-0.24769,83.67,83.00,0.0000,0,78.34,0
211.3458,3293,-0.17774,0.32939,-0.24906,83.72,83.00,0.0000,0,78.34,0
211.4245,3294,-0.19151,0.31868,-0.25116,83.79,83.00,0.0000,2,78.34,0
211.4928,3295,-0.20240,0.31022,-0.25176,83.81,83.00,0.0000,0,78.34,0
211.5638,3296,-0.21258,0.30232,-0.25262,83.84,83.00,0.0000,1,78.34,0
211.6323,3297,-0.22138,0.29548,-0.25309,83.86,83.00,0.0000,2,78.34,0
211.6948,3298,-0.22860,0.28987,-0.25291,83.85,83.00,0.0000,2,78.34,0
211.7600,3299,-0.23537,0.28461,-0.25298,83.85,83.00,0.0000,1,78.34,0
211.8326,3300,-0.24217,0.27933,-0.25365,83.88,83.00,0.0000,2,78.34,0
211.8978,3301,-0.24767,0.27505,-0.25372,83.88,83.00,0.0000,1,78.34,0
211.9634,3302,-0.25264,0.27119,-0.25381,83.88,83.00,0.0000,1,78.34,0
212.0343,3303,-0.25748,0.26743,-0.25419,83.90,83.00,0.0000,0,78.34,0
212.0992,3304,-0.26148,0.26433,-0.25424,83.90,83.00,0.0000,0,78.34,0
212.1609,3305,-0.26488,0.26168,-0.25411,83.89,83.00,0.0000,0,78.34,0
212.2281,3306,-0.26822,0.25909,-0.25423,83.90,83.00,0.0000,0,78.34,0
212.2982,3307,-0.27136,0.25664,-0.25446,83.91,83.00,0.0000,0,78.34,0
212.3609,3308,-0.27390,0.25468,-0.25441,83.90,83.00,0.0000,0,78.34,0
212.4284,3309,-0.27628,0.25282,-0.25446,83.91,83.00,0.0000,0,78.34,0
212.4950,3310,-0.27851,0.25109,-0.25456,83.91,83.00,0.0000,1,78.34,0
212.5673,3311,-0.28058,0.24948,-0.25472,83.92,83.00,0.0000,0,78.34,0
212.6329,3312,-0.28236,0.24810,-0.25480,83.92,83.00,0.0000,0,78.34,0
212.6964,3313,-0.28386,0.24693,-0.25477,83.92,83.00,0.0000,0,78.34,0
212.7638,3314,-0.28531,0.24581,-0.25483,83.92,83.00,0.0000,1,78.34,0
212.8286,3315,-0.28656,0.24484,-0.25484,83.92,83.00,0.0000,1,78.34,0
212.8998,3316,-0.28780,0.24388,-0.25494,83.92,83.00,0.0000,1,78.34,0
212.9779,3317,0.00000,0.00000,0.00000,75.00,75.00,0.0000,0,78.34,0
213.0406,3318,0.00000,0.00000,0.00000,75.00,75.00,0.0000,0,78.34,0
213.1031,3319,0.00000,0.00000,0.00000,75.00,75.00,0.0000,0,78.34,0
213.1633,3320,0.00000,0.00000,0.00000,75.00,75.00,0.0000,0,78.34,0
213.2285,3321,0.00000,0.00000,0.00000,75.00,75.00,0.0000,0,78.34,0
213.3010,3322,0.00000,0.00000,0.00000,75.00,75.00,0.0000,0,78.34,0
213.3612,3323,0.00000,0.00000,0.00000,75.00,75.00,0.0000,0,78.34,0
213.4221,3324,0.00000,0.00000,0.00000,75.00,75.00,0.0000,0,78.34,0
213.4826,3325,0.00000,0.00000,0.00000,75.00,75.00,0.0000,0,78.34,0
213.5542,3326,0.00000,0.00000,0.00000,75.00,75.00,0.0000,0,78.34,0
213.6236,3327,0.00000,0.00000,0.00000,75.00,75.00,0.0000,0,78.34,0
213.6847,3328,0.00000,0.00000,0.00000,75.00,75.00,0.0000,0,78.34,0
213.7459,3329,0.00000,0.00000,0.00000,75.00,75.00,0.0000,0,78.34,0
213.8078,3330,0.00000,0.00000,0.00000,75.00,75.00,0.0000,0,78.34,0
213.8685,3331,0.00000,0.00000,0.00000,75.00,75.00,0.0000,0,78.34,0
213.9299,3332,0.00000,0.00000,0.00000,75.00,75.00,0.0000,0,78.34,0
213.9891,3333,0.00000,0.00000,0.00000,75.00,75.00,0.0000,0,78.34,0
214.0498,3334,0.00000,0.00000,0.00000,75.00,75.00,0.0000,0,78.34,0
214.1135,3335,0.00000,0.00000,0.00000,75.00,75.00,0.0000,0,78.34,0
214.1813,3336,0.00000,0.00000,0.00000,75.00,75.00,0.0000,0,78.34,0
214.2540,3337,0.00000,0.00000,0.00000,75.00,75.00,0.0000,0,78.34,0
214.3207,3338,0.00000,0.00000,0.00000,75.00,75.00,0.0000,0,78.34,0
214.3841,3339,0.00000,0.00000,0.00000,75.00,75.00,0.0000,1,78.34,0
214.4539,3340,0.00000,0.00000,0.00000,75.00,75.00,0.0000,0,78.34,0
214.5195,3341,0.00000,0.00000,0.00000,75.00,75.00,0.0000,1,78.34,0
214.5845,3342,0.00000,0.00000,0.00000,75.00,75.00,0.0000,0,78.34,0
214.6527,3343,0.00000,0.00000,0.00000,75.00,75.00,0.0000,2,78.34,0
214.7359,3344,0.00000,0.00000,0.00000,75.00,75.00,0.0000,2,78.34,0
214.8055,3345,0.02625,-0.41512,0.02429,74.64,74.00,0.1475,5,79.21,1
214.8787,3346,0.12457,0.36104,0.26578,71.01,71.00,0.1221,4,79.21,1
214.9553,3347,0.13074,-0.26832,0.23068,71.54,71.00,0.1258,5,79.29,1
215.0212,3348,-0.07996,-0.00702,-0.61185,96.41,79.00,0.0858,21,78.46,1
215.0879,3349,-0.08718,0.07105,-0.45448,90.91,87.00,0.1023,21,78.46,1
215.1512,3350,0.08460,-0.14426,0.27630,70.86,79.00,0.1210,18,78.46,1
215.2187,3351,0.09009,-0.11642,0.23436,71.48,71.00,0.1254,15,73.51,1
215.2905,3352,0.09280,-0.09836,0.19638,72.05,72.00,0.1294,14,71.04,1
215.3562,3353,0.03815,0.22918,-0.01971,75.69,75.00,0.1479,10,69.48,1
215.4224,3354,0.08599,-0.11693,0.16443,72.53,72.00,0.1327,8,72.23,1
215.4872,3355,0.03562,-0.31744,-0.02989,76.05,76.00,0.1469,8,72.31,1
215.5578,3356,0.02604,-0.41480,-0.04455,76.56,76.00,0.0000,1,72.31,0
215.6222,3357,-0.18366,-0.27512,-0.69001,99.15,84.00,0.0775,6,72.31,1
215.6914,3358,-0.22208,-0.01022,-0.66581,98.30,92.00,0.0801,5,72.31,1
215.7667,3359,-0.21373,-0.29796,-0.49025,92.16,92.00,0.0985,10,72.33,1
215.8292,3360,-0.17509,-0.22065,-0.28265,84.89,84.00,0.1203,17,75.16,1
215.8930,3361,-0.09079,-0.26932,0.03649,74.45,76.00,0.1462,13,75.11,1
215.9560,3362,-0.04162,-0.08284,0.16535,72.52,72.00,0.1326,14,73.55,1
216.0179,3363,-0.04102,0.02900,0.09987,73.50,73.00,0.1395,12,72.49,1
216.0821,3364,0.00000,-0.13796,0.23049,71.54,71.00,0.1258,17,72.84,1
216.1439,3365,0.05153,-0.28784,0.29877,70.52,70.00,0.1186,19,72.03,1
216.2118,3366,0.10659,-0.41531,0.40344,68.95,68.00,0.1076,20,70.77,1
216.2755,3367,0.10375,-0.21309,0.29599,70.56,70.00,0.1189,23,68.53,1
216.3416,3368,0.10229,-0.11730,0.22404,71.64,71.00,0.1265,26,66.74,1
216.4138,3369,0.07246,0.02908,0.07383,73.89,73.00,0.1422,26,64.70,1
216.4908,3370,0.00000,0.00442,-0.16745,80.86,80.00,0.1324,19,64.07,1
216.5570,3371,0.00000,-0.27398,-0.15321,80.36,80.00,0.1339,11,63.14,1
216.6229,3372,-0.03578,-0.20439,-0.21129,82.40,82.00,0.1278,8,63.14,1
216.6882,3373,-0.08341,-0.07304,-0.32510,86.38,86.00,0.1159,6,63.14,1
216.7517,3374,-0.07238,-0.44914,-0.21797,82.63,82.00,0.1271,4,63.14,1
216.8232,3375,-0.18371,-0.06626,-0.55825,94.54,90.00,0.0914,10,62.52,1
216.8883,3376,-0.19683,0.04397,-0.49062,92.17,92.00,0.0985,7,62.27,1
216.9582,3377,-0.23097,0.13159,-0.51653,93.08,93.00,0.0958,6,61.84,1
217.0241,3378,-0.26235,0.07644,-0.54344,94.02,94.00,0.0929,14,61.71,1
217.0892,3379,-0.28999,-0.07479,-0.55929,94.58,94.00,0.0913,6,61.71,1
217.1567,3380,-0.09468,-0.04505,0.18920,72.16,86.00,0.1301,13,61.74,1
217.2208,3381,0.00000,0.12283,0.41330,68.80,78.00,0.1066,14,62.06,1
217.2873,3382,0.03104,0.25953,0.38112,69.28,70.00,0.1100,15,65.66,1
217.3476,3383,0.00000,0.46260,0.12847,73.07,73.00,0.1365,20,65.66,1
217.4061,3384,-0.06081,0.15948,-0.09981,78.49,78.00,0.1395,14,65.09,1
217.4653,3385,-0.03305,0.07873,-0.00385,75.13,75.00,0.1496,13,61.78,1
217.5229,3386,0.00000,0.19746,0.13193,73.02,73.00,0.1361,18,61.33,1
217.5846,3387,0.02051,-0.08346,0.11021,73.35,73.00,0.1384,19,61.12,1
217.6441,3388,0.05662,-0.25210,0.19742,72.04,72.00,0.1293,15,62.70,1
217.7030,3389,-0.08998,-0.01321,-0.37277,88.05,80.00,0.1109,9,62.70,1
217.7617,3390,-0.09245,0.06954,-0.31415,86.00,85.00,0.1170,16,63.47,1
217.8237,3391,0.00000,0.01013,0.04950,74.26,77.00,0.1448,14,67.28,1
217.8844,3392,0.00000,-0.18036,0.03005,74.55,74.00,0.1468,10,73.45,1
217.9441,3393,-0.05954,-0.29174,-0.19790,81.93,81.00,0.1292,3,73.45,1
218.0043,3394,-0.06992,-0.36426,-0.17556,81.14,81.00,0.0000,1,73.45,0
218.0640,3395,-0.07912,-0.42850,-0.15349,80.37,80.00,0.0000,0,73.45,0
218.1226,3396,-0.08724,-0.48528,-0.14341,80.02,80.00,0.0000,0,73.45,0
218.1806,3397,-0.09448,-0.53584,-0.14274,80.00,79.00,0.0000,0,73.45,0
218.2375,3398,-0.10092,-0.58080,-0.14206,79.97,79.00,0.0000,0,73.45,0
218.2947,3399,-0.10665,-0.62088,-0.14140,79.95,79.00,0.0000,0,73.45,0
218.3519,3400,-0.11188,-0.65742,-0.14087,79.93,79.00,0.0000,0,73.45,0
218.4093,3401,-0.11656,-0.69012,-0.14037,79.91,79.00,0.0000,0,73.45,0
218.4674,3402,-0.12090,-0.72044,-0.14002,79.90,79.00,0.0000,0,73.45,0
218.5264,3403,0.29845,-0.21732,0.67998,64.80,71.00,0.0786,4,73.45,1
218.5869,3404,0.34468,-0.18255,0.67145,64.93,64.00,0.0000,2,73.45,0
218.6413,3405,0.38204,-0.15446,0.66578,65.01,65.00,0.0000,1,73.45,0
218.6956,3406,0.41555,-0.12926,0.66059,65.09,65.00,0.0000,0,73.45,0
218.7520,3407,0.47393,0.39211,0.76839,63.47,63.00,0.0693,3,73.45,1
218.8095,3408,0.49790,0.15894,0.77081,63.44,63.00,0.0691,5,73.45,1
218.8677,3409,0.50879,-0.22374,0.73426,63.99,63.00,0.0729,4,73.45,1
218.9261,3410,0.52211,-0.16157,0.71589,64.26,64.00,0.0748,3,73.45,1
218.9847,3411,0.53276,-0.18181,0.69939,64.51,64.00,0.0766,3,73.45,1
219.0437,3412,0.53095,-0.11668,0.64856,65.27,65.00,0.0819,4,73.45,1
219.1002,3413,0.54450,-0.11835,0.62653,65.60,65.00,0.0000,1,73.45,0
219.1577,3414,0.55672,-0.11986,0.60462,65.93,65.00,0.0000,1,73.45,0
219.2152,3415,0.28346,-0.04930,-0.23516,83.23,73.00,0.1253,4,76.60,1
219.2717,3416,0.10727,-0.53534,-0.65818,98.04,81.00,0.0809,3,76.60,1
219.3316,3417,0.02174,-0.64095,-0.67502,98.63,89.00,0.0000,2,79.14,0
219.3885,3418,0.06697,0.23147,-0.36772,87.87,87.00,0.1114,5,79.14,1
219.4447,3419,0.00000,0.30817,-0.46001,91.10,91.00,0.1017,5,76.93,1
219.5022,3420,-0.02490,-0.09297,-0.44031,90.41,90.00,0.1038,3,76.93,1
219.5597,3421,-0.04353,-0.16522,-0.38858,88.60,88.00,0.1092,6,76.93,1
219.6166,3422,0.00000,0.30661,-0.15166,80.31,80.00,0.1341,4,76.93,1
219.6725,3423,-0.02226,0.41509,-0.16357,80.73,80.00,0.0000,1,76.93,0
219.7294,3424,-0.03732,0.50108,-0.16202,80.67,80.00,0.0000,2,76.93,0
219.7874,3425,-0.05106,0.57952,-0.16077,80.63,80.00,0.0000,1,76.93,0
219.8441,3426,0.00000,0.16373,0.01257,74.81,74.00,0.1487,3,76.93,1
219.9013,3427,-0.04672,0.24579,-0.13604,79.76,79.00,0.1357,6,76.93,1
219.9590,3428,-0.05524,-0.29833,-0.14120,79.94,79.00,0.1352,5,76.93,1
220.0168,3429,-0.13385,0.18446,-0.38719,88.55,87.00,0.1093,7,76.93,1
220.0773,3430,-0.10106,0.46381,-0.19534,81.84,81.00,0.1295,9,75.04,1
220.1348,3431,-0.06807,0.70684,-0.05132,76.80,76.00,0.1446,3,75.04,1
220.1943,3432,0.05361,0.46617,0.37595,69.36,69.00,0.1105,3,75.04,1
220.2569,3433,0.09196,0.50006,0.38238,69.26,69.00,0.0000,0,75.04,0
220.3160,3434,0.18852,-0.36310,0.62257,65.66,65.00,0.0846,3,75.04,1
220.3777,3435,0.14475,-0.76130,0.36087,69.59,69.00,0.1121,6,75.04,1
220.4386,3436,0.06927,-0.91049,0.04918,74.26,74.00,0.1448,11,75.13,1
220.5003,3437,0.00000,-0.76064,-0.16704,80.85,80.00,0.1325,10,75.42,1
220.5646,3438,-0.02186,-0.72022,-0.20423,82.15,82.00,0.1286,9,74.93,1
220.6237,3439,-0.08810,-0.78033,-0.38188,88.37,88.00,0.1099,7,75.43,1
220.6851,3440,-0.10304,-0.60651,-0.34416,87.05,87.00,0.1139,4,75.69,1
220.7477,3441,-0.11613,0.11796,-0.31479,86.02,86.00,0.1169,3,76.32,1
220.8076,3442,-0.19692,0.40013,-0.53829,93.84,93.00,0.0935,4,77.39,1
220.8709,3443,-0.27178,0.46985,-0.69352,99.27,99.00,0.0772,6,77.39,1
220.9325,3444,-0.24512,-0.08902,-0.47469,91.61,91.00,0.1002,4,77.39,1
220.9971,3445,-0.04314,-0.52271,0.29918,70.51,83.00,0.1186,5,77.39,1
221.0630,3446,0.11492,-0.29025,0.73702,63.94,75.00,0.0726,3,77.39,1
221.1223,3447,0.13272,-0.44249,0.61906,65.71,67.00,0.0850,4,77.39,1
221.1847,3448,0.06990,-0.26800,0.25245,71.21,71.00,0.1235,5,77.39,1
221.2450,3449,0.02512,-0.59387,0.03923,74.41,74.00,0.1459,6,77.39,1
221.3119,3450,0.00000,-0.70412,-0.10732,78.76,78.00,0.1387,7,77.39,1
221.3727,3451,0.05538,-0.89061,0.16563,72.52,72.00,0.1326,13,78.75,1
221.4357,3452,0.03031,-0.83825,0.04250,74.36,74.00,0.1455,12,78.75,1
221.4954,3453,0.00000,-0.48156,-0.01844,75.65,75.00,0.1481,17,78.75,1
221.5548,3454,0.00000,-0.27497,-0.05675,76.99,76.00,0.1440,17,80.28,1
221.6165,3455,0.00000,-0.09310,-0.05387,76.89,76.00,0.1443,16,80.28,1
221.6792,3456,0.03545,-0.03938,0.08771,73.68,73.00,0.1408,13,82.45,1
221.7443,3457,0.15508,-0.09370,0.48583,67.71,67.00,0.0990,5,82.45,1
221.8032,3458,0.21638,0.42273,0.60400,65.94,65.00,0.0866,4,82.45,1
221.8646,3459,0.26237,0.17846,0.64734,65.29,65.00,0.0820,4,81.90,1
221.9261,3460,0.30725,0.23939,0.63537,65.47,65.00,0.0000,2,81.90,0
221.9876,3461,0.34967,0.29698,0.63444,65.48,65.00,0.0000,0,81.90,0
222.0480,3462,0.38709,0.34779,0.63296,65.51,65.00,0.0000,0,81.90,0
222.1078,3463,0.41982,0.39222,0.63081,65.54,65.00,0.0000,0,81.90,0
222.1716,3464,-0.21069,-0.07110,-0.99732,109.91,73.00,0.0453,3,81.90,1
222.2367,3465,-0.30729,-0.12578,-0.99397,109.79,81.00,0.0000,1,81.90,0
222.2969,3466,-0.38727,-0.17106,-0.98934,109.63,89.00,0.0000,2,81.90,0
222.3558,3467,-0.45736,-0.21074,-0.98355,109.42,97.00,0.0000,2,81.90,0
222.4165,3468,-0.52261,-0.24767,-0.98020,109.31,105.00,0.0000,2,81.90,0
222.4791,3469,-0.58313,-0.28193,-0.97872,109.26,109.00,0.0000,1,81.90,0
222.5440,3470,-0.64021,-0.31425,-0.97963,109.29,109.00,0.0000,1,81.90,0
222.6081,3471,-0.69058,-0.34276,-0.97958,109.29,109.00,0.0000,0,81.90,0
222.6688,3472,0.12728,0.91455,0.71641,64.25,101.00,0.0748,5,81.90,1
222.7288,3473,0.21624,-0.10688,0.83380,62.49,93.00,0.0625,7,81.90,1
222.7896,3474,0.22536,0.22347,0.70135,64.48,85.00,0.0764,8,80.51,1
222.8507,3475,0.22820,-0.30124,0.56793,66.48,77.00,0.0904,8,75.86,1
222.9114,3476,0.21385,-0.33927,0.41170,68.82,69.00,0.1068,9,75.86,1
222.9759,3477,0.16738,0.05774,0.18312,72.25,72.00,0.1308,5,75.86,1
223.0436,3478,0.16908,0.10946,0.15885,72.62,72.00,0.0000,1,75.86,0
223.1058,3479,0.17050,0.15256,0.15718,72.64,72.00,0.0000,1,75.86,0
223.1672,3480,0.17175,0.19035,0.15712,72.64,72.00,0.0000,1,75.86,0
223.2282,3481,0.17287,0.22445,0.15707,72.64,72.00,0.0000,1,75.86,0
223.2891,3482,0.17388,0.25513,0.15703,72.64,72.00,0.0000,0,75.86,0
223.3519,3483,0.17481,0.28340,0.15701,72.64,72.00,0.0000,1,75.86,0
223.4180,3484,0.17570,0.31012,0.15703,72.64,72.00,0.0000,2,75.86,0
223.4806,3485,-0.08545,0.95875,-0.37674,88.19,80.00,0.1104,3,75.86,1
223.5398,3486,-0.19900,1.02638,-0.61385,96.48,88.00,0.0855,5,75.86,1
223.5992,3487,-0.30288,0.48650,-0.84029,104.41,96.00,0.0618,5,75.86,1
223.6572,3488,-0.37784,0.59299,-0.95205,108.32,104.00,0.0500,5,75.86,1
223.7163,3489,-0.33409,0.24413,-0.61766,96.62,96.00,0.0851,3,75.86,1
223.7756,3490,-0.36675,0.12939,-0.59394,95.79,95.00,0.0000,0,75.86,0
223.8358,3491,-0.39687,0.03856,-0.58597,95.51,95.00,0.0000,2,75.86,0
223.8963,3492,-0.32203,0.69539,-0.31129,85.90,87.00,0.1173,3,75.86,1
223.9569,3493,-0.24781,0.42377,-0.08397,77.94,79.00,0.1412,4,75.86,1
224.0168,3494,-0.13274,-0.24124,0.24823,71.28,71.00,0.1239,5,75.86,1
224.0796,3495,-0.08617,0.22347,0.29672,70.55,70.00,0.1188,4,75.86,1
224.1410,3496,-0.04183,0.23152,0.31308,70.30,70.00,0.0000,0,75.86,0
224.2018,3497,0.04042,0.68593,0.48869,67.67,67.00,0.0987,3,75.86,1
224.2643,3498,0.09183,0.81368,0.48650,67.70,67.00,0.0000,1,75.86,0
224.3245,3499,-0.22683,0.27703,-0.58764,95.57,75.00,0.0883,4,75.86,1
224.3860,3500,-0.27602,0.61573,-0.64860,97.70,83.00,0.0819,3,75.86,1
224.4497,3501,-0.32245,0.65764,-0.63715,97.30,91.00,0.0000,1,75.86,0
224.5139,3502,-0.36464,0.69573,-0.63715,97.30,97.00,0.0000,0,75.86,0
224.5763,3503,-0.40148,0.72898,-0.63618,97.27,97.00,0.0000,0,75.86,0
224.6379,3504,-0.43424,0.75856,-0.63498,97.22,97.00,0.0000,0,75.86,0
224.7043,3505,-0.46607,0.78730,-0.63590,97.26,97.00,0.0000,0,75.86,0
224.7641,3506,-0.49181,0.81053,-0.63424,97.20,97.00,0.0000,0,75.86,0
224.8252,3507,-0.51551,0.83192,-0.63320,97.16,97.00,0.0000,1,75.86,0
224.8861,3508,-0.53667,0.85103,-0.63212,97.12,97.00,0.0000,1,75.86,0
224.9524,3509,-0.17372,0.42533,0.09343,73.60,89.00,0.1402,4,75.86,1
225.0132,3510,-0.14625,0.38859,0.09646,73.55,81.00,0.0000,1,75.86,0
225.0731,3511,-0.26646,0.40605,-0.27879,84.76,84.00,0.1207,6,70.48,1
225.1352,3512,-0.23844,0.59781,-0.18450,81.46,81.00,0.1306,6,70.48,1
225.1954,3513,-0.17069,0.51262,0.03676,74.45,74.00,0.1461,9,71.43,1
225.2557,3514,-0.13581,0.19672,0.09951,73.51,73.00,0.1396,8,66.44,1
225.3167,3515,-0.11305,0.16054,0.10833,73.38,73.00,0.1386,7,66.44,1
225.3775,3516,-0.09348,0.06673,0.10833,73.38,73.00,0.1386,10,66.44,1
225.4362,3517,-0.15973,-0.40163,-0.18715,81.55,81.00,0.1303,5,66.44,1
225.4946,3518,-0.22485,-0.48601,-0.41291,89.45,89.00,0.1066,7,66.44,1
225.5583,3519,-0.20023,-0.17920,-0.27387,84.59,84.00,0.1212,7,66.44,1
225.6283,3520,-0.17953,-0.48380,-0.18486,81.47,81.00,0.1306,5,66.44,1
225.6882,3521,-0.16038,-0.27608,-0.12485,79.37,79.00,0.1369,6,66.44,1
225.7530,3522,-0.12160,-0.61601,-0.01106,75.39,75.00,0.1488,5,66.44,1
225.8197,3523,-0.17426,-0.42491,-0.23959,83.39,83.00,0.1248,6,66.44,1
225.8845,3524,-0.19208,-0.55468,-0.29307,85.26,85.00,0.1192,5,66.44,1
225.9520,3525,-0.20138,-0.61231,-0.26882,84.41,84.00,0.0000,1,66.44,0
226.0092,3526,-0.20838,-0.65566,-0.24741,83.66,83.00,0.0000,0,66.44,0
226.0660,3527,-0.21459,-0.69412,-0.23788,83.33,83.00,0.0000,0,66.44,0
226.1226,3528,-0.22013,-0.72847,-0.23720,83.30,83.00,0.0000,0,66.44,0
226.1776,3529,-0.22505,-0.75895,-0.23654,83.28,83.00,0.0000,1,66.44,0
226.2352,3530,0.15703,0.61666,0.67663,64.85,75.00,0.0790,4,66.44,1
226.2938,3531,0.21481,0.81438,0.66899,64.97,67.00,0.0000,0,66.44,0
226.3527,3532,0.37396,0.14166,1.00000,60.00,60.00,0.0450,4,66.44,1
226.4154,3533,0.45165,0.07362,1.00000,60.00,60.00,0.0000,2,66.44,0
226.4745,3534,0.51824,0.01531,0.99911,60.01,60.00,0.0000,1,66.44,0
226.5368,3535,0.58159,-0.04016,0.99778,60.03,60.00,0.0000,1,66.44,0
226.5984,3536,0.63752,-0.08913,0.99566,60.07,60.00,0.0000,0,66.44,0
226.6569,3537,-0.14771,0.69142,-1.00000,110.00,68.00,0.0450,3,66.44,1
226.7160,3538,-0.24157,0.78948,-0.99301,109.76,76.00,0.0000,0,66.44,0
226.7754,3539,-0.32631,0.87802,-0.98693,109.54,84.00,0.0000,2,66.44,0
226.8383,3540,-0.40732,0.96264,-0.98551,109.49,92.00,0.0000,1,66.44,0
226.8975,3541,0.02568,-0.60917,0.22262,71.66,84.00,0.1266,3,66.44,1
226.9564,3542,0.04720,-0.83258,0.22049,71.69,76.00,0.0000,2,66.44,0
227.0201,3543,0.06797,-0.92774,0.22026,71.70,71.00,0.0000,1,66.44,0
227.0834,3544,0.08629,-1.01166,0.21973,71.70,71.00,0.0000,0,66.44,0
227.1438,3545,0.10255,-1.08618,0.21907,71.71,71.00,0.0000,2,66.44,0
227.2047,3546,0.11716,-1.15310,0.21845,71.72,71.00,0.0000,1,66.44,0
227.2663,3547,0.13024,-1.21301,0.21782,71.73,71.00,0.0000,1,66.44,0
227.3272,3548,0.14214,-1.26753,0.21738,71.74,71.00,0.0000,1,66.44,0
227.3913,3549,0.15331,-1.31870,0.21737,71.74,71.00,0.0000,1,66.44,0
227.4529,3550,0.36577,-0.60084,0.62492,65.63,65.00,0.0844,6,66.44,1
227.5113,3551,0.32883,-0.43501,0.48584,67.71,67.00,0.0990,7,66.44,1
227.5722,3552,0.23540,0.27933,0.13885,72.92,72.00,0.1354,4,66.44,1
227.6367,3553,0.06251,0.67713,-0.45395,90.89,80.00,0.1023,4,66.44,1
227.7049,3554,0.00000,0.99441,-0.47615,91.67,88.00,0.0000,0,66.44,0
227.7677,3555,0.14777,0.24213,0.14792,72.78,80.00,0.1345,5,66.44,1
227.8282,3556,0.17120,-0.36983,0.22281,71.66,72.00,0.1266,6,66.44,1
227.8872,3557,0.13538,-0.02705,0.08825,73.68,73.00,0.1407,15,62.99,1
227.9451,3558,0.13272,0.08832,0.09204,73.62,73.00,0.1403,17,59.79,1
228.0043,3559,0.11786,0.33598,0.05245,74.21,74.00,0.1445,18,56.90,1
228.0616,3560,0.12065,0.43653,0.08224,73.77,73.00,0.1414,19,55.54,1
228.1264,3561,0.13919,0.32737,0.16256,72.56,72.00,0.1329,17,53.42,1
228.1926,3562,0.17248,0.37128,0.27505,70.87,70.00,0.1211,14,53.18,1
228.2595,3563,0.18489,0.13047,0.29037,70.64,70.00,0.1195,12,52.14,1
228.3228,3564,0.22799,0.32663,0.41293,68.81,68.00,0.1066,8,60.82,1
228.3889,3565,0.23206,0.04878,0.37517,69.37,69.00,0.1106,8,60.82,1
228.4595,3566,0.28236,-0.08772,0.50922,67.36,67.00,0.0965,6,60.82,1
228.5353,3567,0.26613,0.39541,0.38506,69.22,69.00,0.1096,6,60.82,1
228.5987,3568,0.18919,0.72328,0.09992,73.50,73.00,0.1395,8,60.82,1
228.6612,3569,0.14760,0.76564,-0.00317,75.11,75.00,0.1497,12,58.24,1
228.7235,3570,0.11235,0.41132,-0.06580,77.30,77.00,0.1431,14,56.62,1
228.7842,3571,0.10630,0.32333,-0.01939,75.68,75.00,0.1480,15,55.44,1
228.8443,3572,0.08130,0.00985,-0.05359,76.88,76.00,0.1444,20,53.76,1
228.9035,3573,0.03381,-0.16943,-0.16376,80.73,80.00,0.1328,21,51.91,1
228.9632,3574,0.02079,-0.13615,-0.13403,79.69,79.00,0.1359,23,50.16,1
229.0236,3575,0.00000,0.06777,-0.14165,79.96,79.00,0.1351,23,48.66,1
229.0844,3576,0.00000,0.31858,-0.08161,77.86,77.00,0.1414,21,47.38,1
229.1445,3577,0.04452,0.19726,0.11892,73.22,73.00,0.1375,18,45.89,1
229.2041,3578,0.06272,-0.00074,0.18094,72.29,72.00,0.1310,18,44.60,1
229.2654,3579,0.10445,0.38046,0.31258,70.31,70.00,0.1172,13,43.26,1
229.3255,3580,0.10248,0.69775,0.26533,71.02,71.00,0.1221,10,41.27,1
229.3859,3581,0.17038,0.83610,0.47657,67.85,67.00,0.1000,7,41.27,1
229.4468,3582,0.20413,0.98933,0.52621,67.11,67.00,0.0947,4,41.27,1
229.5133,3583,0.19419,1.03217,0.41207,68.82,68.00,0.1067,5,47.64,1
229.5732,3584,0.14567,0.40284,0.20327,71.95,71.00,0.1287,8,45.25,1
229.6353,3585,0.10952,-0.28212,0.08471,73.73,73.00,0.1411,6,42.62,1
229.6967,3586,0.12550,-0.58096,0.17353,72.40,72.00,0.1318,6,42.62,1
229.7585,3587,0.10817,-0.32707,0.12524,73.12,73.00,0.1368,6,48.96,1
229.8194,3588,0.13912,-0.19814,0.25535,71.17,71.00,0.1232,3,48.96,1
229.8806,3589,0.27100,-0.58306,0.71008,64.35,64.00,0.0754,4,48.96,1
229.9402,3590,0.25710,-0.84784,0.56209,66.57,66.00,0.0910,3,48.96,1
230.0007,3591,0.28212,-1.02872,0.53898,66.92,66.00,0.0000,1,48.96,0
230.0648,3592,0.30593,-1.12491,0.51585,67.26,67.00,0.0000,0,48.96,0
230.1276,3593,0.32688,-1.20953,0.49284,67.61,67.00,0.0000,2,48.96,0
230.1904,3594,0.34538,-1.28424,0.46999,67.95,67.00,0.0000,1,48.96,0
230.2539,3595,-0.03642,-1.05470,-0.50439,92.65,75.00,0.0970,3,48.96,1
230.3188,3596,0.07758,-0.10107,-0.07862,77.75,77.00,0.1417,4,48.96,1
230.3809,3597,0.07287,-0.38784,-0.04791,76.68,76.00,0.1450,6,48.96,1
230.4464,3598,0.04211,-0.42074,-0.10954,78.83,78.00,0.1385,13,47.64,1
230.5073,3599,0.04379,-0.12661,-0.05163,76.81,76.00,0.1446,17,46.98,1
230.5695,3600,0.04438,-0.06491,-0.01243,75.43,75.00,0.1487,18,45.99,1
230.6324,3601,0.03793,0.03112,-0.01020,75.36,75.00,0.1489,20,45.43,1
230.6923,3602,0.00000,0.08014,-0.12816,79.49,79.00,0.1365,26,45.43,1
230.7549,3603,-0.02691,0.14086,-0.16715,80.85,80.00,0.1324,27,45.77,1
230.8183,3604,-0.03109,0.23993,-0.12965,79.54,79.00,0.1364,27,46.48,1
230.8821,3605,-0.03010,0.24825,-0.08737,78.06,78.00,0.1408,27,46.75,1
230.9431,3606,0.00000,0.10557,0.01219,74.82,74.00,0.1487,27,46.61,1
231.0077,3607,0.00000,-0.05512,0.08114,73.78,73.00,0.1415,27,46.56,1
231.0784,3608,0.04877,-0.18786,0.20053,71.99,71.00,0.1289,27,46.62,1
231.1435,3609,0.08162,-0.28869,0.27612,70.86,70.00,0.1210,27,46.61,1
231.2082,3610,0.09864,-0.29124,0.28424,70.74,70.00,0.1202,27,46.30,1
231.2714,3611,0.10102,-0.27763,0.24630,71.31,71.00,0.1241,27,46.05,1
231.3330,3612,0.09533,-0.30695,0.19309,72.10,72.00,0.1297,27,45.76,1
231.3971,3613,0.09090,-0.23679,0.15808,72.63,72.00,0.1334,27,45.64,1
231.4630,3614,0.07360,-0.17083,0.08840,73.67,73.00,0.1407,24,45.15,1
231.5244,3615,0.05707,-0.13769,0.03797,74.43,74.00,0.1460,25,44.98,1
231.5884,3616,0.05291,-0.03546,0.04169,74.37,74.00,0.1456,25,44.63,1
231.6552,3617,0.04060,0.00888,0.01568,74.76,74.00,0.1484,23,44.44,1
231.7197,3618,0.03471,0.15071,0.01641,74.75,74.00,0.1483,24,43.76,1
231.7876,3619,0.02600,0.24551,0.00645,74.90,74.00,0.1493,22,43.23,1
231.8582,3620,0.00000,0.23328,-0.03552,76.24,76.00,0.1463,22,42.93,1
231.9252,3621,0.00000,0.15853,-0.00594,75.21,75.00,0.1494,20,42.37,1
231.9942,3622,0.00000,0.15223,0.01670,74.75,74.00,0.1482,20,41.64,1
232.0653,3623,0.00000,0.19903,0.01376,74.79,74.00,0.1486,20,40.85,1
232.1346,3624,0.00000,0.26098,0.02480,74.63,74.00,0.1474,20,40.35,1
232.2009,3625,0.00000,0.21106,0.02549,74.62,74.00,0.1473,20,39.83,1
232.2649,3626,0.02570,0.29600,0.10629,73.41,73.00,0.1388,20,39.32,1
232.3259,3627,0.03217,0.31187,0.11908,73.21,73.00,0.1375,20,39.20,1
232.3918,3628,0.04526,0.41250,0.15231,72.72,72.00,0.1340,20,38.84,1
232.4560,3629,0.02646,0.24619,0.06922,73.96,73.00,0.1427,20,38.43,1
232.5217,3630,0.03502,0.30306,0.10094,73.49,73.00,0.1394,19,38.13,1
232.5944,3631,0.05139,0.37487,0.15168,72.72,72.00,0.1341,19,37.68,1
232.6591,3632,0.04738,0.33344,0.12324,73.15,73.00,0.1371,18,37.16,1
232.7294,3633,0.05497,0.37317,0.14115,72.88,72.00,0.1352,19,36.83,1
232.7935,3634,0.03639,0.25890,0.06751,73.99,73.00,0.1429,19,36.58,1
232.8609,3635,0.02763,0.08451,0.04477,74.33,74.00,0.1453,21,36.36,1
232.9290,3636,0.02181,0.10116,0.03703,74.44,74.00,0.1461,20,36.52,1
232.9905,3637,0.02173,0.05689,0.04863,74.27,74.00,0.1449,22,36.45,1
233.0563,3638,0.00000,0.03652,0.00202,74.97,74.00,0.1498,20,36.75,1
233.1256,3639,0.00000,0.27519,0.03436,74.48,74.00,0.1464,18,36.48,1
233.1900,3640,0.00000,0.18273,0.03492,74.48,74.00,0.1463,18,37.02,1
233.2531,3641,0.00000,0.06663,0.04301,74.35,74.00,0.1455,19,37.81,1
233.3170,3642,0.00000,-0.27610,0.03953,74.41,74.00,0.1458,18,37.25,1
233.3840,3643,0.06428,0.04229,0.24836,71.27,71.00,0.1239,18,36.82,1
233.4546,3644,0.08387,0.23907,0.27366,70.90,70.00,0.1213,17,36.93,1
233.5195,3645,0.09035,0.27921,0.25610,71.16,71.00,0.1231,15,37.50,1
233.5847,3646,0.09289,0.11070,0.23218,71.52,71.00,0.1256,16,39.18,1
233.6500,3647,0.06065,0.04276,0.09691,73.55,73.00,0.1398,16,40.66,1
233.7243,3648,-0.03664,-0.05708,-0.22680,82.94,81.00,0.1262,17,43.42,1
233.7892,3649,-0.06849,0.07570,-0.25795,84.03,84.00,0.1229,18,46.90,1
233.8534,3650,-0.14788,-0.10230,-0.45321,90.86,90.00,0.1024,18,49.74,1
233.9244,3651,-0.15336,-0.45351,-0.34863,87.20,87.00,0.1134,16,52.78,1
233.9926,3652,-0.12243,-0.60536,-0.15974,80.59,80.00,0.1332,17,55.87,1
234.0648,3653,-0.06786,-0.40537,0.05992,74.10,74.00,0.1437,21,57.94,1
234.1293,3654,0.00000,-0.18186,0.24823,71.28,71.00,0.1239,18,59.48,1
234.1920,3655,0.05887,-0.13408,0.41606,68.76,68.00,0.1063,18,59.93,1
234.2600,3656,0.11374,-0.12371,0.50873,67.37,67.00,0.0966,19,59.66,1
234.3310,3657,0.15000,-0.15619,0.51902,67.21,67.00,0.0955,18,59.32,1
234.4078,3658,0.15944,0.13590,0.44076,68.39,68.00,0.1037,16,57.98,1
234.4750,3659,0.15305,0.36040,0.34934,69.76,69.00,0.1133,16,55.78,1
234.5405,3660,0.12508,0.28227,0.21261,71.81,71.00,0.1277,18,53.55,1
234.6053,3661,0.08947,0.26599,0.08331,73.75,73.00,0.1413,16,52.06,1
234.6769,3662,0.07072,0.38726,0.04372,74.34,74.00,0.1454,18,49.79,1
234.7423,3663,0.08439,0.52017,0.12020,73.20,73.00,0.1374,18,48.73,1
234.8100,3664,0.04958,0.10037,0.01234,74.81,74.00,0.1487,17,47.88,1
234.8886,3665,0.03778,0.00862,0.01285,74.81,74.00,0.1487,18,46.24,1
234.9569,3666,0.03727,0.18475,0.04316,74.35,74.00,0.1455,19,45.07,1
235.0283,3667,0.02575,0.20762,0.02805,74.58,74.00,0.1471,18,43.96,1
235.0923,3668,0.02579,0.30158,0.05117,74.23,74.00,0.1446,18,43.18,1
235.1562,3669,0.00000,0.48110,0.03012,74.55,74.00,0.1468,17,42.04,1
235.2225,3670,0.00000,0.35890,-0.00923,75.32,75.00,0.1490,18,41.26,1
235.2954,3671,0.00000,0.52953,0.04899,74.27,74.00,0.1449,17,40.15,1
235.3607,3672,0.00000,0.38900,0.03848,74.42,74.00,0.1460,15,39.50,1
235.4203,3673,0.02412,0.34692,0.13183,73.02,73.00,0.1362,18,38.88,1
235.4813,3674,0.04351,0.24799,0.19170,72.12,72.00,0.1299,17,38.04,1
235.5400,3675,0.06452,0.22336,0.24640,71.30,71.00,0.1241,15,36.92,1
235.6006,3676,0.07504,0.06849,0.25418,71.19,71.00,0.1233,14,36.41,1
235.6593,3677,0.10018,0.28767,0.31572,70.26,70.00,0.1168,16,36.10,1
235.7201,3678,0.10529,0.27785,0.29477,70.58,70.00,0.1190,16,36.37,1
235.7820,3679,0.10364,0.23149,0.25748,71.14,71.00,0.1230,15,37.50,1
235.8492,3680,0.04671,0.45075,0.03813,74.43,74.00,0.1460,15,37.13,1
235.9128,3681,0.00000,0.53361,-0.09403,78.29,78.00,0.1401,17,36.35,1
235.9798,3682,-0.03267,0.52699,-0.14701,80.15,80.00,0.1346,19,36.52,1
236.0544,3683,-0.05602,0.40769,-0.15436,80.40,80.00,0.1338,22,36.44,1
236.1217,3684,-0.04587,0.39291,-0.05967,77.09,77.00,0.1437,21,36.50,1
236.1906,3685,-0.03804,0.34580,0.00128,74.98,74.00,0.1499,23,36.63,1
236.2651,3686,-0.03141,0.25455,0.04204,74.37,74.00,0.1456,25,36.96,1
236.3289,3687,0.00000,0.17773,0.10997,73.35,73.00,0.1385,27,37.45,1
236.3896,3688,0.00000,0.14395,0.15900,72.61,72.00,0.1333,27,38.07,1
236.4569,3689,0.03593,0.16706,0.25192,71.22,71.00,0.1235,26,38.77,1
236.5323,3690,0.05627,0.10767,0.27748,70.84,70.00,0.1209,21,39.53,1
236.6136,3691,0.07131,0.11977,0.27907,70.81,70.00,0.1207,21,40.07,1
236.6795,3692,0.08135,0.08204,0.27778,70.83,70.00,0.1208,22,41.45,1
236.7513,3693,0.11934,0.07571,0.37184,69.42,69.00,0.1110,23,43.44,1
236.8171,3694,0.15508,0.06594,0.44514,68.32,68.00,0.1033,21,46.32,1
236.8873,3695,0.14804,0.24056,0.35699,69.65,69.00,0.1125,23,48.68,1
236.9531,3696,0.09611,0.34814,0.14490,72.83,72.00,0.1348,22,50.88,1
237.0282,3697,0.05563,0.60190,0.02549,74.62,74.00,0.1473,20,52.68,1
237.0948,3698,0.00000,0.80385,-0.14943,80.23,80.00,0.1343,20,54.64,1
237.1627,3699,-0.08745,0.97439,-0.33926,86.87,86.00,0.1144,24,56.28,1
237.2350,3700,-0.13285,1.02115,-0.37248,88.04,88.00,0.1109,24,58.58,1
237.3007,3701,-0.15436,0.91828,-0.33889,86.86,86.00,0.1144,25,60.16,1
237.3647,3702,-0.15668,0.93563,-0.25875,84.06,84.00,0.1228,23,62.63,1
237.4278,3703,-0.12437,0.89764,-0.08489,77.97,77.00,0.1411,22,64.27,1
237.4920,3704,-0.04007,0.35221,0.22657,71.60,71.00,0.1262,17,65.98,1
237.5607,3705,0.00000,0.10843,0.30554,70.42,70.00,0.1179,19,64.84,1
237.6322,3706,0.04636,-0.09728,0.39911,69.01,69.00,0.1081,13,62.53,1
237.6963,3707,0.04468,0.08690,0.31575,70.26,70.00,0.1168,20,61.54,1
237.7596,3708,0.03946,0.13599,0.24525,71.32,71.00,0.1242,22,62.04,1
237.8247,3709,0.00000,0.35916,0.08614,73.71,73.00,0.1410,21,62.67,1
237.8874,3710,-0.03796,0.59131,-0.05339,76.87,76.00,0.1444,22,63.77,1
237.9525,3711,-0.08910,0.73421,-0.19590,81.86,81.00,0.1294,21,64.79,1
238.0210,3712,-0.12231,0.80024,-0.24405,83.54,83.00,0.1244,17,66.07,1
238.0858,3713,-0.12754,0.94498,-0.19529,81.84,81.00,0.1295,17,67.38,1
238.1523,3714,-0.10112,0.88498,-0.05336,76.87,76.00,0.1444,16,69.08,1
238.2116,3715,-0.04919,0.70279,0.13869,72.92,72.00,0.1354,13,69.73,1
238.2717,3716,-0.06274,0.82853,0.06265,74.06,74.00,0.1434,17,70.42,1
238.3339,3717,-0.05479,0.92091,0.07924,73.81,73.00,0.1417,17,71.67,1
238.3976,3718,-0.05614,0.98332,0.05991,74.10,74.00,0.1437,17,73.23,1
238.4611,3719,-0.06817,0.90795,0.00859,74.87,74.00,0.1491,17,73.44,1
238.5231,3720,-0.03947,0.46344,0.11050,73.34,73.00,0.1384,14,74.49,1
238.5852,3721,-0.04137,0.30421,0.08365,73.75,73.00,0.1412,17,75.60,1
238.6480,3722,-0.03531,0.43957,0.09142,73.63,73.00,0.1404,15,76.57,1
238.7129,3723,0.00000,0.13183,0.15967,72.60,72.00,0.1332,16,76.97,1
238.7842,3724,0.00000,-0.48169,0.20446,71.93,71.00,0.1285,15,76.74,1
238.8506,3725,0.05222,-0.60172,0.31145,70.33,70.00,0.1173,17,76.04,1
238.9161,3726,0.04773,-0.88683,0.24036,71.39,71.00,0.1248,17,74.76,1
238.9811,3727,0.04742,-0.92700,0.20376,71.94,71.00,0.1286,19,74.47,1
239.0489,3728,0.00000,-0.73139,0.03796,74.43,74.00,0.1460,18,72.96,1
239.1212,3729,0.02528,-0.49668,0.11603,73.26,73.00,0.1378,17,70.62,1
239.1861,3730,0.00000,-0.30979,0.04359,74.35,74.00,0.1454,18,68.77,1
239.2516,3731,0.00000,-0.07988,0.04926,74.26,74.00,0.1448,20,66.91,1
239.3154,3732,0.00000,0.09809,0.02863,74.57,74.00,0.1470,22,65.44,1
239.3829,3733,0.00000,0.29171,0.05769,74.13,74.00,0.1439,21,66.40,1
239.4523,3734,0.00000,0.40619,0.04333,74.35,74.00,0.1455,21,66.18,1
239.5193,3735,0.00000,0.34895,0.09181,73.62,73.00,0.1404,23,67.29,1
239.5890,3736,0.06345,-0.11133,0.29540,70.57,70.00,0.1190,24,68.81,1
239.6655,3737,0.08219,-0.38685,0.30566,70.42,70.00,0.1179,23,71.95,1
239.7347,3738,0.05524,-0.48706,0.16888,72.47,72.00,0.1323,23,76.22,1
239.8046,3739,0.00000,-0.31158,-0.00818,75.29,75.00,0.1491,24,79.67,1
239.8841,3740,-0.04043,-0.11090,-0.13094,79.58,79.00,0.1363,23,81.71,1
239.9547,3741,-0.09026,0.25047,-0.24187,83.47,83.00,0.1246,20,85.23,1
240.0303,3742,-0.10412,0.68932,-0.20637,82.22,82.00,0.1283,18,86.34,1
240.1080,3743,-0.13394,0.52388,-0.24067,83.42,83.00,0.1247,15,85.31,1
240.1751,3744,-0.12052,0.33896,-0.13748,79.81,79.00,0.1356,11,88.08,1
240.2408,3745,-0.03942,0.45632,0.16834,72.47,72.00,0.1323,12,86.50,1
240.3154,3746,-0.04603,0.61770,0.10028,73.50,73.00,0.1395,17,85.03,1
240.3839,3747,-0.03349,0.74291,0.12027,73.20,73.00,0.1374,16,85.87,1
240.4517,3748,0.00000,0.58074,0.16954,72.46,72.00,0.1322,13,82.94,1
240.5156,3749,0.04975,0.26715,0.35042,69.74,69.00,0.1132,11,82.38,1
240.5807,3750,0.06791,0.10650,0.34250,69.86,69.00,0.1140,14,83.39,1
240.6456,3751,0.08307,0.22155,0.33208,70.02,70.00,0.1151,12,84.12,1
240.7102,3752,0.08311,-0.03765,0.27749,70.84,70.00,0.1209,15,81.70,1
240.7762,3753,0.09035,-0.54199,0.26445,71.03,71.00,0.1222,4,81.70,1
240.8371,3754,0.08490,-0.63992,0.21652,71.75,71.00,0.1273,15,80.73,1
240.9012,3755,0.05683,-0.45620,0.10192,73.47,73.00,0.1393,15,78.91,1
240.9633,3756,0.04812,-0.43503,0.08134,73.78,73.00,0.1415,16,78.68,1
241.0252,3757,0.04461,-0.38861,0.08276,73.76,73.00,0.1413,17,79.79,1
241.0873,3758,0.05068,-0.43992,0.11653,73.25,73.00,0.1378,19,78.26,1
241.1507,3759,0.00000,-0.56722,-0.04272,76.50,76.00,0.1455,17,79.41,1
241.2124,3760,0.00000,-0.53556,0.03290,74.51,74.00,0.1465,19,79.92,1
241.2748,3761,0.02001,-0.54005,0.06716,73.99,73.00,0.1429,17,83.12,1
241.3372,3762,0.00000,-0.47518,0.05808,74.13,74.00,0.1439,15,82.81,1
241.3970,3763,0.00000,-0.42255,-0.01551,75.54,75.00,0.1484,15,82.81,1
241.4563,3764,-0.04286,-0.27746,-0.10519,78.68,78.00,0.1390,17,80.98,1
241.5197,3765,-0.06122,-0.11570,-0.12428,79.35,79.00,0.1370,14,79.33,1
241.5877,3766,-0.03192,-0.11517,0.02596,74.61,74.00,0.1473,15,79.07,1
241.6474,3767,0.00000,0.18267,0.10853,73.37,73.00,0.1386,11,78.66,1
241.7077,3768,0.00000,0.25078,0.17731,72.34,72.00,0.1314,11,78.56,1
241.7682,3769,0.00000,0.35538,0.13221,73.02,73.00,0.1361,12,84.05,1
241.8277,3770,0.02614,0.01308,0.18686,72.20,72.00,0.1304,8,82.25,1
241.8890,3771,0.08423,-0.44970,0.36726,69.49,69.00,0.1114,9,83.92,1
241.9506,3772,0.07136,-0.77933,0.26238,71.06,71.00,0.1225,9,84.23,1
242.0116,3773,0.03339,-0.74908,0.09773,73.53,73.00,0.1397,11,84.41,1
242.0759,3774,0.00000,-0.91406,0.03720,74.44,74.00,0.1461,12,90.37,1
242.1477,3775,0.00000,-0.38088,0.04879,74.27,74.00,0.1449,13,92.53,1
242.2141,3776,0.03359,-0.26156,0.13246,73.01,73.00,0.1361,14,94.63,1
242.2817,3777,0.00000,0.09070,0.06262,74.06,74.00,0.1434,13,100.77,1
242.3553,3778,0.00000,0.42928,0.06788,73.98,73.00,0.1429,12,98.79,1
242.4204,3779,0.00000,0.33971,-0.01958,75.69,75.00,0.1479,8,98.11,1
242.4850,3780,0.00000,-0.18493,0.08438,73.73,73.00,0.1411,9,98.11,1
242.5487,3781,0.04253,-0.31225,0.20860,71.87,71.00,0.1281,9,99.50,1
242.6087,3782,0.06271,-0.56692,0.25599,71.16,71.00,0.1231,9,99.50,1
242.6732,3783,0.06212,-0.14499,0.22106,71.68,71.00,0.1268,9,99.50,1
242.7362,3784,0.05228,-0.37058,0.16569,72.51,72.00,0.1326,13,97.75,1
242.7996,3785,0.00000,-0.10819,-0.03369,76.18,76.00,0.1465,10,97.77,1
242.8615,3786,0.00000,-0.03777,-0.03382,76.18,76.00,0.1464,11,94.40,1
242.9218,3787,-0.02166,0.15196,-0.02495,75.87,75.00,0.1474,12,94.40,1
242.9829,3788,-0.03236,0.24062,-0.03405,76.19,76.00,0.1464,9,94.40,1
243.0453,3789,-0.09261,0.61862,-0.21634,82.57,82.00,0.1273,6,94.40,1
243.1057,3790,-0.02259,0.32471,0.09192,73.62,74.00,0.1403,6,94.40,1
243.1641,3791,0.07978,0.17048,0.44408,68.34,68.00,0.1034,7,94.40,1
243.2248,3792,0.15481,0.01609,0.62640,65.60,65.00,0.0842,9,94.40,1
243.2852,3793,0.22795,-0.45939,0.77096,63.44,63.00,0.0690,8,94.40,1
243.3493,3794,0.18163,-0.24066,0.46957,67.96,67.00,0.1007,8,94.40,1
243.4184,3795,0.15761,-0.37335,0.32253,70.16,70.00,0.1161,6,94.40,1
243.4797,3796,0.15187,-0.41286,0.28312,70.75,70.00,0.1203,7,94.40,1
243.5419,3797,0.08757,-0.56161,0.05109,74.23,74.00,0.1446,5,94.40,1
243.6021,3798,-0.04697,-0.50376,-0.37659,88.18,82.00,0.1105,5,94.40,1
243.6623,3799,-0.09882,-0.51601,-0.42976,90.04,90.00,0.1049,4,94.40,1
243.7241,3800,-0.18782,-0.42521,-0.60994,96.35,96.00,0.0860,4,94.40,1
243.7893,3801,-0.25819,-0.33325,-0.68812,99.08,99.00,0.0777,5,94.40,1
243.8588,3802,-0.20062,-0.49347,-0.31120,85.89,91.00,0.1173,4,99.16,1
243.9216,3803,-0.24700,0.02543,-0.40709,89.25,89.00,0.1073,4,99.16,1
243.9827,3804,-0.09128,0.33593,0.20807,71.88,81.00,0.1282,8,99.04,1
244.0449,3805,-0.08253,0.46049,0.17804,72.33,73.00,0.1313,6,99.04,1
244.1087,3806,-0.08070,0.51975,0.13287,73.01,73.00,0.1360,11,100.04,1
244.1779,3807,-0.02372,0.34497,0.28949,70.66,70.00,0.1196,12,100.04,1
244.2424,3808,0.00000,0.02519,0.34889,69.77,69.00,0.1134,13,98.98,1
244.3111,3809,0.03054,-0.10699,0.32275,70.16,70.00,0.1161,17,95.59,1
244.3728,3810,0.03767,0.03800,0.28604,70.71,70.00,0.1200,16,94.73,1
244.4358,3811,0.06250,0.06873,0.32243,70.16,70.00,0.1161,16,92.22,1
244.4979,3812,0.07032,0.07582,0.29788,70.53,70.00,0.1187,13,94.30,1
244.5608,3813,0.04753,-0.05059,0.17471,72.38,72.00,0.1317,13,94.30,1
244.6217,3814,-0.05335,-0.49630,-0.18921,81.62,80.00,0.1301,5,94.30,1
244.6835,3815,-0.07659,-0.80845,-0.20404,82.14,82.00,0.1286,4,94.30,1
244.7467,3816,-0.07155,-0.10491,-0.12115,79.24,79.00,0.1373,4,94.30,1
244.8088,3817,0.00000,0.32685,0.18334,72.25,72.00,0.1307,6,94.30,1
244.8753,3818,0.05874,0.73194,0.34275,69.86,69.00,0.1140,4,94.30,1
244.9459,3819,0.15986,0.34635,0.62238,65.66,65.00,0.0846,4,88.27,1
245.0086,3820,0.22613,0.67423,0.73814,63.93,63.00,0.0725,4,83.84,1
245.0715,3821,0.23510,0.47564,0.64126,65.38,65.00,0.0827,8,85.36,1
245.1321,3822,0.23090,0.02976,0.53481,66.98,66.00,0.0938,7,85.36,1
245.1960,3823,0.17869,-0.39063,0.28796,70.68,70.00,0.1198,10,85.36,1
245.2649,3824,0.10765,-0.56001,0.03781,74.43,74.00,0.1460,10,88.12,1
245.3263,3825,0.00000,-0.59439,-0.26975,84.44,82.00,0.1217,11,86.36,1
245.3861,3826,0.02144,-0.08282,-0.10222,78.58,78.00,0.1393,9,86.36,1
245.4456,3827,0.00000,0.34540,-0.07043,77.47,77.00,0.1426,14,82.62,1
245.5070,3828,0.00000,0.61228,-0.04535,76.59,76.00,0.1452,12,82.62,1
245.5679,3829,0.00000,0.75709,-0.03215,76.13,76.00,0.1466,14,82.62,1
245.6272,3830,0.00000,0.96054,0.00588,74.91,74.00,0.1494,11,82.62,1
245.6855,3831,0.00000,1.06966,0.09780,73.53,73.00,0.1397,9,82.62,1
245.7483,3832,0.02856,1.03219,0.16327,72.55,72.00,0.1329,12,82.62,1
245.8069,3833,0.00000,1.07452,0.08515,73.72,73.00,0.1411,12,82.62,1
245.8632,3834,0.05546,0.94524,0.25881,71.12,71.00,0.1228,8,82.62,1
245.9226,3835,0.02224,0.77350,0.11511,73.27,73.00,0.1379,14,82.62,1
245.9849,3836,0.05448,0.62561,0.23453,71.48,71.00,0.1254,9,82.62,1
246.0475,3837,0.00000,0.52301,0.01305,74.80,74.00,0.1486,7,82.62,1
246.1065,3838,0.02335,0.00847,0.13364,73.00,72.00,0.1360,9,82.62,1
246.1651,3839,0.00000,0.07318,0.05716,74.14,74.00,0.1440,15,79.36,1
246.2282,3840,-0.03865,0.06451,-0.06510,77.28,77.00,0.1432,19,79.93,1
246.2891,3841,0.00000,-0.08940,0.07636,73.85,73.00,0.1420,16,79.93,1
246.3483,3842,0.00000,-0.17397,0.13350,73.00,72.00,0.1360,13,79.93,1
246.4113,3843,0.00000,-0.23014,0.15169,72.72,72.00,0.1341,22,84.13,1
246.4773,3844,0.00000,-0.25912,0.13961,72.91,72.00,0.1353,16,84.13,1
246.5398,3845,0.04209,-0.24405,0.24541,71.32,71.00,0.1242,22,83.02,1
246.6011,3846,0.09996,-0.28039,0.42019,68.70,68.00,0.1059,16,83.02,1
246.6654,3847,0.08212,-0.22348,0.29460,70.58,70.00,0.1191,24,83.02,1
246.7314,3848,0.06988,0.03969,0.22210,71.67,71.00,0.1267,15,88.62,1
246.7931,3849,0.11787,-0.09091,0.37812,69.33,69.00,0.1103,17,94.46,1
246.8549,3850,0.09914,-0.20140,0.27116,70.93,70.00,0.1215,23,98.01,1
246.9191,3851,0.07287,-0.21045,0.16392,72.54,72.00,0.1328,24,97.91,1
246.9835,3852,0.05138,-0.30817,0.09908,73.51,73.00,0.1396,22,98.46,1
247.0482,3853,0.00000,-0.38858,-0.01735,75.61,75.00,0.1482,22,98.69,1
247.1187,3854,0.00000,-0.43168,0.00314,74.95,74.00,0.1497,23,97.77,1
247.1852,3855,0.00000,-0.37934,0.02087,74.69,74.00,0.1478,24,96.69,1
247.2516,3856,0.00000,-0.49289,0.10306,73.45,73.00,0.1392,24,94.80,1
247.3120,3857,0.00000,-0.56906,0.08779,73.68,73.00,0.1408,20,94.20,1
247.3756,3858,0.00000,-0.51386,0.11980,73.20,73.00,0.1374,22,92.73,1
247.4412,3859,0.00000,-0.63224,0.09955,73.51,73.00,0.1395,21,91.11,1
247.5014,3860,0.00000,-0.63172,0.04946,74.26,74.00,0.1448,21,89.70,1
247.5649,3861,0.00000,-0.55508,0.09260,73.61,73.00,0.1403,20,88.45,1
247.6320,3862,0.00000,-0.50868,0.11489,73.28,73.00,0.1379,23,86.66,1
247.7061,3863,0.00000,-0.42554,0.11338,73.30,73.00,0.1381,23,84.46,1
247.7753,3864,0.02020,-0.39491,0.21051,71.84,71.00,0.1279,21,81.53,1
247.8418,3865,0.04714,-0.26486,0.28380,70.74,70.00,0.1202,23,79.28,1
247.9111,3866,0.03421,-0.17598,0.20438,71.93,71.00,0.1285,22,76.90,1
247.9893,3867,0.04880,-0.18248,0.23931,71.41,71.00,0.1249,21,74.40,1
248.0587,3868,0.05549,-0.19969,0.24291,71.36,71.00,0.1245,23,71.99,1
248.1292,3869,0.05528,-0.01791,0.22403,71.64,71.00,0.1265,25,68.99,1
248.1968,3870,0.03712,0.24721,0.15099,72.74,72.00,0.1341,25,69.55,1
248.2658,3871,0.00000,0.55324,0.02933,74.56,74.00,0.1469,24,68.31,1
248.3409,3872,-0.07578,0.77337,-0.19007,81.65,81.00,0.1300,22,67.98,1
248.4094,3873,-0.14231,0.85600,-0.33625,86.77,86.00,0.1147,22,68.58,1
248.4713,3874,-0.18281,0.81345,-0.37943,88.28,88.00,0.1102,20,70.02,1
248.5326,3875,-0.19466,0.94664,-0.32359,86.33,86.00,0.1160,19,71.18,1
248.5922,3876,-0.21007,0.88190,-0.30175,85.56,85.00,0.1183,18,71.18,1
248.6522,3877,-0.19458,0.72039,-0.18328,81.41,81.00,0.1308,21,71.53,1
248.7136,3878,-0.17802,0.67106,-0.09163,78.21,78.00,0.1404,22,70.55,1
248.7764,3879,-0.14230,0.66657,0.04460,74.33,74.00,0.1453,25,69.45,1
248.8382,3880,-0.08183,0.56134,0.23498,71.48,71.00,0.1253,24,70.14,1
248.8999,3881,0.00000,0.45102,0.41784,68.73,68.00,0.1061,22,70.99,1
248.9638,3882,0.00000,0.43615,0.32903,70.06,70.00,0.1155,22,70.09,1
249.0291,3883,0.04851,0.32436,0.46519,68.02,68.00,0.1012,21,70.80,1
249.0957,3884,0.05570,0.33993,0.39199,69.12,69.00,0.1088,20,70.44,1
249.1555,3885,0.07806,0.43872,0.40439,68.93,68.00,0.1075,21,69.01,1
249.2172,3886,0.05596,0.58507,0.26293,71.06,71.00,0.1224,21,68.38,1
249.2798,3887,0.00000,0.64769,0.01799,74.73,74.00,0.1481,21,67.71,1
249.3466,3888,-0.08838,0.73911,-0.24110,83.44,82.00,0.1247,19,67.96,1
249.4201,3889,-0.13900,0.72703,-0.32179,86.26,86.00,0.1162,18,69.45,1
249.4996,3890,-0.16010,0.77272,-0.28615,85.02,85.00,0.1200,16,71.51,1
249.5663,3891,-0.21015,0.90204,-0.38351,88.42,88.00,0.1097,16,71.46,1
249.6288,3892,-0.21842,0.86573,-0.33095,86.58,86.00,0.1153,16,73.90,1
249.6900,3893,-0.19437,0.69394,-0.18513,81.48,81.00,0.1306,17,75.22,1
249.7557,3894,-0.14872,0.71588,0.00112,74.98,74.00,0.1499,15,76.16,1
249.8230,3895,-0.13705,0.76378,0.02354,74.65,74.00,0.1475,20,75.69,1
249.8959,3896,-0.13283,0.73005,0.01364,74.80,74.00,0.1486,22,74.33,1
249.9766,3897,-0.09868,0.62574,0.10623,73.41,73.00,0.1388,20,73.73,1
250.0453,3898,-0.10524,0.59279,0.04516,74.32,74.00,0.1453,21,73.65,1
250.1082,3899,-0.11907,0.59027,-0.02302,75.81,75.00,0.1476,20,74.15,1
250.1738,3900,-0.12136,0.58039,-0.03715,76.30,76.00,0.1461,19,74.46,1
250.2458,3901,-0.14251,0.60512,-0.11358,78.98,78.00,0.1381,20,74.72,1
250.3093,3902,-0.14285,0.72993,-0.10254,78.59,78.00,0.1392,17,74.87,1
250.3723,3903,-0.15737,0.61819,-0.14464,80.06,80.00,0.1348,18,75.50,1
250.4372,3904,-0.17041,0.59072,-0.17401,81.09,81.00,0.1317,18,76.49,1
250.5019,3905,-0.16278,0.49673,-0.12761,79.47,79.00,0.1366,16,77.63,1
250.5735,3906,-0.17024,0.28576,-0.14597,80.11,80.00,0.1347,16,77.72,1
250.6391,3907,-0.13243,0.26222,-0.00748,75.26,75.00,0.1492,16,78.94,1
250.7032,3908,-0.12372,0.23446,-0.00089,75.03,75.00,0.1499,17,79.91,1
250.7686,3909,-0.12509,0.04686,-0.02955,76.03,76.00,0.1469,19,80.22,1
250.8387,3910,-0.10520,0.08370,0.02149,74.68,74.00,0.1477,16,80.07,1
250.9049,3911,-0.11196,0.25498,-0.02944,76.03,76.00,0.1469,17,80.68,1
250.9740,3912,-0.10849,0.35703,-0.03277,76.15,76.00,0.1466,16,81.51,1
251.0459,3913,-0.09268,0.27333,0.00676,74.90,74.00,0.1493,16,82.40,1
251.1074,3914,-0.08623,0.27737,0.00877,74.87,74.00,0.1491,16,83.66,1
251.1715,3915,-0.09642,0.27285,-0.04682,76.64,76.00,0.1451,16,84.42,1
251.2383,3916,-0.08377,0.04486,-0.01081,75.38,75.00,0.1489,14,85.08,1
251.3042,3917,-0.06622,-0.19996,0.03409,74.49,74.00,0.1464,15,86.25,1
251.3677,3918,-0.02760,-0.32332,0.14347,72.85,72.00,0.1349,15,87.11,1
251.4317,3919,0.00000,-0.53334,0.18532,72.22,72.00,0.1305,16,86.95,1
251.5011,3920,0.00000,-0.63544,0.16617,72.51,72.00,0.1326,16,87.09,1
251.5638,3921,0.00000,-0.63838,0.13065,73.04,73.00,0.1363,16,85.50,1
251.6283,3922,0.04175,-0.50885,0.20166,71.98,71.00,0.1288,18,86.05,1
251.6914,3923,0.04972,-0.45460,0.18542,72.22,72.00,0.1305,19,83.62,1
251.7535,3924,0.04978,-0.45369,0.15002,72.75,72.00,0.1342,19,79.42,1
251.8220,3925,0.05673,-0.41451,0.14605,72.81,72.00,0.1347,21,75.62,1
251.8831,3926,0.05185,-0.33079,0.10787,73.38,73.00,0.1387,21,73.47,1
251.9439,3927,0.05529,-0.27182,0.10852,73.37,73.00,0.1386,22,73.15,1
252.0059,3928,0.03613,0.00942,0.03122,74.53,74.00,0.1467,21,72.65,1
252.0718,3929,0.00000,0.17572,-0.03549,76.24,76.00,0.1463,23,73.05,1
252.1449,3930,0.00000,0.24520,-0.09347,78.27,78.00,0.1402,22,74.12,1
252.2080,3931,-0.02292,0.44281,-0.11132,78.90,78.00,0.1383,21,74.48,1
252.2710,3932,0.00000,0.37167,-0.03950,76.38,76.00,0.1459,21,76.00,1
252.3382,3933,0.06246,0.13600,0.23512,71.47,71.00,0.1253,20,77.48,1
252.4074,3934,0.07810,0.00719,0.23929,71.41,71.00,0.1249,21,79.47,1
252.4723,3935,0.12650,-0.43901,0.36191,69.57,69.00,0.1120,23,81.91,1
252.5379,3936,0.13235,-0.64365,0.31623,70.26,70.00,0.1168,22,83.89,1
252.6086,3937,0.12099,-0.67696,0.22459,71.63,71.00,0.1264,23,85.31,1
252.6701,3938,0.06697,-0.54712,0.01667,74.75,74.00,0.1482,22,85.98,1
252.7351,3939,-0.02103,-0.33875,-0.26251,84.19,82.00,0.1224,22,85.13,1
252.8021,3940,-0.10369,-0.07637,-0.46105,91.14,90.00,0.1016,21,83.92,1
252.8672,3941,-0.18027,0.11955,-0.60382,96.13,96.00,0.0866,18,80.98,1
252.9283,3942,-0.16574,-0.32325,-0.41987,89.70,89.00,0.1059,11,77.78,1
252.9887,3943,-0.18528,0.11215,-0.40500,89.18,89.00,0.1075,18,77.74,1
253.0507,3944,-0.21100,0.36612,-0.42023,89.71,89.00,0.1059,22,76.20,1
253.1106,3945,-0.18008,0.16919,-0.24389,83.54,83.00,0.1244,22,79.16,1
253.1758,3946,-0.06382,0.05835,0.18955,72.16,75.00,0.1301,24,80.85,1
253.2440,3947,0.08181,-0.26375,0.61806,65.73,67.00,0.0851,21,81.18,1
253.3080,3948,0.20090,-0.37799,0.87103,61.93,61.00,0.0585,22,79.96,1
253.3692,3949,0.22970,-0.20538,0.77667,63.35,63.00,0.0685,19,78.79,1
253.4283,3950,0.28720,-0.43428,0.82547,62.62,62.00,0.0633,22,78.01,1
253.4904,3951,0.29157,-0.57535,0.68466,64.73,64.00,0.0781,25,77.05,1
253.5507,3952,0.17662,-0.65557,0.17410,72.39,72.00,0.1317,11,77.05,1
253.6101,3953,0.05457,-0.33496,-0.24576,83.60,80.00,0.1242,26,79.98,1
253.6716,3954,-0.04618,0.09924,-0.50047,92.52,88.00,0.0975,19,77.28,1
253.7330,3955,-0.02253,-0.24485,-0.27163,84.51,84.00,0.1215,13,76.09,1
253.7938,3956,0.00000,-0.58049,-0.13607,79.76,79.00,0.1357,12,74.95,1
253.8600,3957,0.00000,-0.82886,-0.03530,76.24,76.00,0.1463,11,74.95,1
253.9246,3958,0.02377,-0.92914,0.05075,74.24,74.00,0.1447,10,74.01,1
253.9929,3959,0.04047,-1.03641,0.11169,73.32,73.00,0.1383,9,72.91,1
254.0551,3960,0.03499,-1.08332,0.08299,73.76,73.00,0.1413,11,72.91,1
254.1209,3961,0.06944,-0.96824,0.19914,72.01,72.00,0.1291,12,74.78,1
254.1852,3962,0.09568,-0.72812,0.26217,71.07,71.00,0.1225,12,73.08,1
254.2524,3963,0.11670,-0.71446,0.29440,70.58,70.00,0.1191,13,72.14,1
254.3176,3964,0.09038,-0.82687,0.16156,72.58,72.00,0.1330,14,71.06,1
254.3766,3965,0.08581,-0.77377,0.13810,72.93,72.00,0.1355,15,70.12,1
254.4343,3966,0.11677,-0.72609,0.24456,71.33,71.00,0.1243,15,70.51,1
254.4930,3967,0.11137,-0.83442,0.20219,71.97,71.00,0.1288,15,71.46,1
254.5563,3968,0.07041,-0.78874,0.04546,74.32,74.00,0.1452,16,70.99,1
254.6164,3969,0.02013,-0.47811,-0.10844,78.80,78.00,0.1386,15,71.18,1
254.6765,3970,0.03410,-0.42110,-0.00629,75.22,75.00,0.1493,18,72.91,1
254.7393,3971,0.00000,-0.47348,-0.07017,77.46,77.00,0.1426,18,73.33,1
254.8003,3972,0.00000,-0.38772,-0.02567,75.90,75.00,0.1473,17,73.77,1
254.8643,3973,0.00000,-0.20000,0.00301,74.95,74.00,0.1497,15,74.08,1
254.9328,3974,0.00000,-0.23935,-0.02868,76.00,76.00,0.1470,19,74.56,1
254.9937,3975,0.02633,-0.38875,0.10148,73.48,73.00,0.1393,20,75.20,1
255.0568,3976,0.03575,-0.47603,0.12903,73.06,73.00,0.1365,18,75.96,1
255.1185,3977,0.00000,-0.07349,0.02788,74.58,74.00,0.1471,17,77.25,1
255.1792,3978,0.00000,0.42975,-0.00618,75.22,75.00,0.1494,15,77.78,1
255.2408,3979,-0.05359,0.45506,-0.16409,80.74,80.00,0.1328,17,79.35,1
255.3000,3980,-0.03365,0.33261,-0.04521,76.58,76.00,0.1453,17,81.06,1
255.3646,3981,0.00000,0.16078,0.05753,74.14,74.00,0.1440,19,82.33,1
255.4319,3982,0.04682,-0.17087,0.25722,71.14,71.00,0.1230,12,84.03,1
255.4940,3983,0.00000,-0.07973,0.09667,73.55,73.00,0.1399,10,84.31,1
255.5532,3984,-0.07935,0.31168,-0.23614,83.26,81.00,0.1252,3,84.31,1
255.6130,3985,-0.06519,0.23013,-0.12431,79.35,79.00,0.1369,25,85.14,1
255.6728,3986,0.00000,0.00956,0.10569,73.41,73.00,0.1389,18,83.47,1
255.7324,3987,0.00000,-0.20195,0.16544,72.52,72.00,0.1326,19,82.80,1
255.7932,3988,0.00000,-0.31598,0.13128,73.03,73.00,0.1362,15,83.04,1
255.8560,3989,0.00000,-0.39642,0.06076,74.09,74.00,0.1436,18,83.63,1
255.9182,3990,0.02661,-0.37430,0.16283,72.56,72.00,0.1329,17,82.62,1
255.9819,3991,0.02290,-0.38469,0.12555,73.12,73.00,0.1368,19,81.91,1
256.0467,3992,0.05793,-0.69142,0.23294,71.51,71.00,0.1255,4,84.22,1
256.1115,3993,0.04405,-0.50015,0.14864,72.77,72.00,0.1344,21,83.08,1
256.1745,3994,0.00000,-0.33760,0.01786,74.73,74.00,0.1481,13,83.08,1
256.2408,3995,0.00000,-0.20918,-0.02882,76.01,76.00,0.1470,20,82.42,1
256.3080,3996,-0.02471,-0.03056,-0.06217,77.18,77.00,0.1435,21,81.94,1
256.3688,3997,-0.02839,0.16941,-0.04676,76.64,76.00,0.1451,14,81.94,1
256.4281,3998,-0.05277,0.33277,-0.10931,78.83,78.00,0.1385,14,81.94,1
256.4899,3999,0.00000,0.23360,0.07026,73.95,73.00,0.1426,24,81.94,1
256.5521,4000,-0.04289,0.07009,-0.04396,76.54,76.00,0.1454,8,84.25,1
256.6133,4001,-0.05462,0.23065,-0.06725,77.35,77.00,0.1429,12,84.25,1
256.6820,4002,0.00000,0.17988,0.17189,72.42,72.00,0.1320,11,84.25,1
256.7430,4003,0.02599,0.11010,0.20274,71.96,71.00,0.1287,12,84.25,1
256.8039,4004,0.03726,0.01545,0.20638,71.90,71.00,0.1283,12,84.25,1
256.8658,4005,0.04707,0.06640,0.20700,71.89,71.00,0.1283,13,84.25,1
256.9243,4006,0.04602,0.12018,0.17398,72.39,72.00,0.1317,12,84.25,1
256.9839,4007,0.02167,0.20355,0.06793,73.98,73.00,0.1429,10,84.25,1
257.0421,4008,0.00000,0.40362,0.03848,74.42,74.00,0.1460,11,84.25,1
257.1000,4009,0.00000,0.52164,0.02462,74.63,74.00,0.1474,11,84.25,1
257.1614,4010,0.00000,0.53263,0.00172,74.97,74.00,0.1498,10,84.25,1
257.2165,4011,0.00000,0.26048,0.04876,74.27,74.00,0.1449,9,84.25,1
257.2723,4012,0.00000,0.34854,-0.00316,75.11,75.00,0.1497,10,84.25,1
257.3293,4013,0.00000,0.59140,0.00405,74.94,74.00,0.1496,10,84.25,1
257.3877,4014,0.00000,0.77070,0.01680,74.75,74.00,0.1482,10,84.25,1
257.4447,4015,-0.02471,0.72182,-0.01362,75.48,75.00,0.1486,10,84.25,1
257.5040,4016,0.00000,0.76235,0.04190,74.37,74.00,0.1456,11,84.25,1
257.5621,4017,-0.02414,0.62392,0.00744,74.89,74.00,0.1492,9,84.25,1
257.6188,4018,0.00000,0.69024,0.05918,74.11,74.00,0.1438,10,84.25,1
257.6786,4019,-0.02332,0.63672,0.01790,74.73,74.00,0.1481,9,84.25,1
257.7383,4020,0.00000,0.70984,0.06925,73.96,73.00,0.1427,10,84.25,1
257.7959,4021,0.00000,0.73491,0.07769,73.83,73.00,0.1418,10,84.25,1
257.8614,4022,0.00000,0.77899,0.08680,73.70,73.00,0.1409,11,84.25,1
257.9195,4023,0.00000,0.81440,0.08677,73.70,73.00,0.1409,10,84.25,1
257.9778,4024,0.00000,0.80661,0.07862,73.82,73.00,0.1417,10,84.25,1
258.0375,4025,0.00000,0.85232,0.06064,74.09,74.00,0.1436,10,84.25,1
258.0961,4026,0.00000,0.84433,0.06804,73.98,73.00,0.1429,10,84.25,1
258.1536,4027,0.00000,0.83007,0.07436,73.88,73.00,0.1422,11,84.25,1
258.2121,4028,0.00000,0.85166,0.05834,74.12,74.00,0.1439,10,84.25,1
258.2693,4029,0.00000,0.82544,0.06727,73.99,73.00,0.1429,10,84.25,1
258.3250,4030,0.00000,0.76708,0.02514,74.62,74.00,0.1474,9,84.25,1
258.3812,4031,0.00000,0.80281,0.03158,74.53,74.00,0.1467,10,84.25,1
258.4370,4032,0.00000,0.83549,0.04652,74.30,74.00,0.1451,10,84.25,1
258.4935,4033,-0.02603,0.76471,-0.00982,75.34,75.00,0.1490,9,84.25,1
258.5558,4034,0.00000,0.72828,0.04888,74.27,74.00,0.1449,10,84.25,1
258.6126,4035,0.00000,0.74795,0.07481,73.88,73.00,0.1421,10,84.25,1
258.6704,4036,0.00000,0.74092,0.08233,73.77,73.00,0.1414,10,84.25,1
258.7273,4037,0.00000,0.75829,0.07170,73.92,73.00,0.1425,10,84.25,1
258.7848,4038,0.00000,0.80626,0.06659,74.00,74.00,0.1430,10,84.25,1
258.8441,4039,0.00000,0.71032,0.04208,74.37,74.00,0.1456,9,84.25,1
258.9013,4040,0.00000,0.75529,0.04753,74.29,74.00,0.1450,10,84.25,1
258.9594,4041,-0.03909,0.76543,-0.05192,76.82,76.00,0.1445,10,84.25,1
259.0201,4042,-0.02887,0.80728,0.00538,74.92,74.00,0.1494,10,84.25,1
259.0801,4043,-0.02343,0.85600,0.03134,74.53,74.00,0.1467,10,84.25,1
259.1402,4044,0.00000,0.86723,0.06742,73.99,73.00,0.1429,10,84.25,1
259.2017,4045,0.00000,0.87443,0.07171,73.92,73.00,0.1425,10,84.25,1
259.2686,4046,0.00000,0.87880,0.08058,73.79,73.00,0.1415,10,84.25,1
259.3288,4047,0.00000,0.84171,0.07500,73.88,73.00,0.1421,10,84.25,1
259.3860,4048,0.00000,0.85040,0.06932,73.96,73.00,0.1427,10,84.25,1
259.4445,4049,0.00000,0.82890,0.06406,74.04,74.00,0.1433,10,84.25,1
259.5037,4050,0.00000,0.85825,0.06464,74.03,74.00,0.1432,10,84.25,1
259.5608,4051,0.00000,0.84389,0.06137,74.08,74.00,0.1436,10,84.25,1
259.6174,4052,0.00000,0.83734,0.05843,74.12,74.00,0.1439,10,84.25,1
259.6758,4053,0.00000,0.84874,0.05637,74.15,74.00,0.1441,10,84.25,1
259.7346,4054,0.00000,0.84660,0.05318,74.20,74.00,0.1444,10,84.25,1
259.7924,4055,0.00000,0.86040,0.05891,74.12,74.00,0.1438,10,84.25,1
259.8494,4056,0.00000,0.85811,0.05421,74.19,74.00,0.1443,10,84.25,1
259.9086,4057,0.00000,0.87440,0.05721,74.14,74.00,0.1440,10,84.25,1
259.9776,4058,-0.04258,0.88328,-0.06837,77.39,77.00,0.1428,10,84.25,1
260.0373,4059,-0.05387,0.93973,-0.08390,77.94,77.00,0.1412,11,84.25,1
260.0955,4060,-0.04028,0.90597,-0.01240,75.43,75.00,0.1487,10,84.25,1
260.1555,4061,0.00000,0.52296,0.18831,72.18,72.00,0.1302,10,84.25,1
260.2181,4062,0.05409,0.07966,0.28538,70.72,70.00,0.1200,10,84.25,1
260.2804,4063,0.07169,-0.16667,0.29308,70.60,70.00,0.1192,10,84.25,1
260.3428,4064,0.06961,-0.09530,0.23543,71.47,71.00,0.1253,12,84.25,1
260.4002,4065,0.05126,0.05483,0.13995,72.90,72.00,0.1353,8,84.25,1
260.4608,4066,0.03626,0.21602,0.07736,73.84,73.00,0.1419,11,84.25,1
260.5204,4067,0.02089,0.46078,0.02768,74.58,74.00,0.1471,10,84.25,1
260.5796,4068,0.00000,0.61658,0.00981,74.85,74.00,0.1490,10,84.02,1
260.6378,4069,0.00000,0.83894,-0.04400,76.54,76.00,0.1454,11,84.02,1
260.7032,4070,-0.04141,0.99239,-0.13099,79.58,79.00,0.1362,11,84.02,1
260.7625,4071,-0.05648,1.07200,-0.14093,79.93,79.00,0.1352,11,84.02,1
260.8210,4072,-0.05972,0.96799,-0.11168,78.91,78.00,0.1383,9,84.02,1
260.8837,4073,0.00000,0.44267,0.11882,73.22,73.00,0.1375,10,84.02,1
260.9457,4074,0.00000,0.49060,0.08493,73.73,73.00,0.1411,10,84.02,1
261.0077,4075,-0.03082,0.49244,-0.00390,75.14,75.00,0.1496,9,84.02,1
261.0695,4076,-0.04185,0.69396,-0.03367,76.18,76.00,0.1465,10,84.02,1
261.1347,4077,-0.05839,0.74182,-0.07622,77.67,77.00,0.1420,11,84.02,1
261.1970,4078,0.00000,0.31378,0.13026,73.05,73.00,0.1363,10,84.02,1
261.2574,4079,-0.02974,0.50413,0.02332,74.65,74.00,0.1476,11,84.02,1
261.3168,4080,0.02638,0.28763,0.21961,71.71,71.00,0.1269,10,84.02,1
261.3764,4081,0.00000,0.47630,0.06492,74.03,74.00,0.1432,11,84.02,1
261.4404,4082,-0.02127,0.55692,0.00829,74.88,74.00,0.1491,10,84.02,1
261.4996,4083,0.00000,0.67030,0.06715,73.99,73.00,0.1429,10,84.02,1
261.5637,4084,-0.02290,0.84910,0.00481,74.93,74.00,0.1495,12,84.02,1
261.6273,4085,-0.04452,0.82600,-0.06297,77.20,77.00,0.1434,10,84.02,1
261.6857,4086,-0.03202,0.84940,0.00099,74.99,74.00,0.1499,10,84.02,1
261.7433,4087,-0.03349,0.93272,0.00108,74.98,74.00,0.1499,11,84.02,1
261.8021,4088,-0.03278,0.99338,0.00839,74.87,74.00,0.1491,11,84.02,1
261.8611,4089,-0.03666,1.02837,-0.00257,75.09,75.00,0.1497,12,84.02,1
261.9179,4090,-0.03487,1.04397,0.00821,74.88,74.00,0.1491,11,84.02,1
261.9762,4091,-0.03474,1.00750,0.01046,74.84,74.00,0.1489,11,84.02,1
262.0339,4092,-0.03776,1.01499,0.00077,74.99,74.00,0.1499,12,84.02,1
262.0909,4093,-0.04026,1.01734,-0.00547,75.19,75.00,0.1494,12,84.02,1
262.1593,4094,-0.03954,1.01716,0.00123,74.98,74.00,0.1499,12,84.02,1
262.2259,4095,-0.03947,1.01416,0.00323,74.95,74.00,0.1497,11,84.02,1
262.2867,4096,-0.03565,1.01045,0.01723,74.74,74.00,0.1482,11,84.02,1
262.3451,4097,-0.03720,1.00718,0.00946,74.86,74.00,0.1490,12,84.02,1
262.4052,4098,-0.03497,1.00448,0.01643,74.75,74.00,0.1483,12,84.02,1
262.4604,4099,-0.03868,1.00247,0.00110,74.98,74.00,0.1499,12,84.02,1
262.5195,4100,-0.03859,1.00101,0.00216,74.97,74.00,0.1498,12,84.02,1
262.5778,4101,-0.03805,1.00006,0.00429,74.94,74.00,0.1495,12,84.02,1
262.6351,4102,-0.03794,0.99952,0.00421,74.94,74.00,0.1496,11,84.02,1
262.6905,4103,-0.03816,0.99928,0.00284,74.96,74.00,0.1497,12,84.02,1
262.7461,4104,-0.03748,0.99923,0.00478,74.93,74.00,0.1495,12,84.02,1
262.8012,4105,-0.03942,0.99928,-0.00318,75.11,75.00,0.1497,11,84.02,1
262.8637,4106,-0.03725,0.99939,0.00498,74.93,74.00,0.1495,12,84.02,1
262.9197,4107,-0.03623,0.99954,0.00708,74.89,74.00,0.1493,12,84.02,1
262.9760,4108,-0.02554,0.97887,0.04293,74.36,74.00,0.1455,11,84.02,1
263.0354,4109,-0.02934,0.98463,0.01987,74.70,74.00,0.1479,12,84.02,1
263.0924,4110,-0.02913,0.98981,0.01644,74.75,74.00,0.1483,12,84.02,1
263.1486,4111,-0.04855,0.91229,-0.05555,76.94,76.00,0.1442,10,84.02,1
263.2034,4112,-0.03375,0.93498,0.00792,74.88,74.00,0.1492,10,84.02,1
263.2595,4113,-0.03527,0.95709,0.00002,75.00,74.00,0.1500,11,84.02,1
263.3158,4114,-0.03519,0.97484,-0.00067,75.02,75.00,0.1499,12,84.02,1
263.3687,4115,-0.02526,0.96328,0.03386,74.49,74.00,0.1464,11,84.02,1
263.4236,4116,-0.03048,0.97863,0.00737,74.89,74.00,0.1492,12,84.02,1
263.4788,4117,-0.03244,0.98999,-0.00188,75.07,75.00,0.1498,12,84.02,1
263.5418,4118,-0.03431,0.99832,-0.00895,75.31,75.00,0.1491,11,84.02,1
263.5962,4119,-0.03672,1.00267,-0.01664,75.58,75.00,0.1483,11,84.02,1
263.6528,4120,-0.04072,1.00500,-0.02866,76.00,76.00,0.1470,11,84.02,1
263.7087,4121,-0.03974,1.00574,-0.02102,75.74,75.00,0.1478,12,84.02,1
263.7649,4122,-0.04024,1.00551,-0.02065,75.72,75.00,0.1478,12,84.02,1
263.8223,4123,-0.04083,1.00474,-0.02103,75.74,75.00,0.1478,11,84.02,1
263.8814,4124,-0.05113,0.94364,-0.05605,76.96,76.00,0.1441,11,84.02,1
263.9372,4125,-0.04755,0.95765,-0.03539,76.24,76.00,0.1463,12,84.02,1
263.9934,4126,-0.06737,0.97148,-0.10265,78.59,78.00,0.1392,11,84.02,1
264.0495,4127,-0.06019,0.98269,-0.06119,77.14,77.00,0.1436,11,84.02,1
264.1085,4128,-0.06479,0.90283,-0.07112,77.49,77.00,0.1425,11,84.02,1
264.1673,4129,-0.04870,0.93294,-0.00641,75.22,75.00,0.1493,9,84.02,1
264.2321,4130,0.00000,0.75667,0.12960,73.06,73.00,0.1364,10,84.02,1
264.2918,4131,0.00000,0.56944,0.13268,73.01,73.00,0.1361,9,84.02,1
264.3520,4132,0.00000,0.70844,0.08723,73.69,73.00,0.1408,9,84.02,1
264.4102,4133,0.00000,0.75714,0.02029,74.70,74.00,0.1479,10,84.02,1
264.4699,4134,-0.04136,0.86075,-0.07598,77.66,77.00,0.1420,8,84.02,1
264.5285,4135,-0.08334,0.93592,-0.20918,82.32,82.00,0.1280,9,84.02,1
264.5881,4136,-0.08067,0.98647,-0.15858,80.55,80.00,0.1333,8,84.02,1
264.6478,4137,-0.08335,1.01659,-0.14101,79.94,79.00,0.1352,7,84.02,1
264.7046,4138,-0.06073,0.74475,-0.04156,76.45,76.00,0.1456,11,84.02,1
264.7630,4139,-0.05151,0.68701,-0.01105,75.39,75.00,0.1488,12,84.02,1
264.8203,4140,-0.06264,0.73180,-0.05881,77.06,77.00,0.1438,10,84.02,1
264.8795,4141,-0.05907,0.83483,-0.04454,76.56,76.00,0.1453,10,84.02,1
264.9405,4142,-0.08728,0.91464,-0.14580,80.10,80.00,0.1347,10,84.02,1
264.9964,4143,-0.10993,0.96831,-0.20761,82.27,82.00,0.1282,10,84.02,1
265.0523,4144,-0.14321,1.00223,-0.29714,85.40,85.00,0.1188,11,84.02,1
265.1129,4145,-0.09674,0.76361,-0.08541,77.99,77.00,0.1410,12,84.02,1
265.1788,4146,-0.03147,0.36697,0.14053,72.89,72.00,0.1352,8,84.02,1
265.2464,4147,0.00000,0.28071,0.18934,72.16,72.00,0.1301,12,84.02,1
265.3100,4148,0.00000,0.28679,0.12892,73.07,73.00,0.1365,10,84.02,1
265.3723,4149,0.00000,0.29769,0.06149,74.08,74.00,0.1435,10,85.62,1
265.4365,4150,0.00000,0.09001,0.06535,74.02,74.00,0.1431,10,85.62,1
265.5034,4151,0.00000,-0.06064,0.05231,74.22,74.00,0.1445,9,85.62,1
265.5644,4152,-0.06415,0.35868,-0.18509,81.48,81.00,0.1306,9,85.62,1
265.6257,4153,-0.13742,0.66970,-0.40550,89.19,89.00,0.1074,8,85.62,1
265.6903,4154,-0.18542,0.88823,-0.49116,92.19,92.00,0.0984,8,85.62,1
265.7484,4155,-0.17344,0.76436,-0.36545,87.79,87.00,0.1116,10,85.62,1
265.8083,4156,-0.08679,0.37245,-0.00867,75.30,79.00,0.1491,12,85.62,1
265.8714,4157,-0.10835,0.60366,-0.11168,78.91,78.00,0.1383,11,85.62,1
265.9346,4158,-0.06701,0.79624,0.02905,74.56,74.00,0.1470,11,87.66,1
265.9953,4159,-0.06206,0.78220,0.01308,74.80,74.00,0.1486,11,87.66,1
266.0602,4160,0.00000,0.50143,0.17003,72.45,72.00,0.1321,11,87.66,1
266.1210,4161,0.00000,0.51467,0.12231,73.17,73.00,0.1372,9,87.66,1
266.1808,4162,0.04290,0.11729,0.25114,71.23,71.00,0.1236,9,87.66,1
266.2392,4163,-0.05108,0.43016,-0.14395,80.04,79.00,0.1349,9,87.66,1
266.2969,4164,-0.09083,0.67364,-0.26422,84.25,84.00,0.1223,10,87.66,1
266.3575,4165,-0.09619,0.85310,-0.23912,83.37,83.00,0.1249,10,87.66,1
266.4212,4166,-0.04914,0.47861,-0.03710,76.30,76.00,0.1461,10,87.66,1
266.4802,4167,0.00000,0.28176,0.12078,73.19,73.00,0.1373,12,87.66,1
266.5413,4168,0.00000,0.25742,0.07189,73.92,73.00,0.1425,11,87.66,1
266.6013,4169,0.00000,0.19669,0.08709,73.69,73.00,0.1409,11,87.66,1
266.6637,4170,0.02093,0.28093,0.08859,73.67,73.00,0.1407,11,87.66,1
266.7235,4171,0.00000,0.28609,0.01338,74.80,74.00,0.1486,14,87.66,1
266.7833,4172,0.00000,0.47280,-0.06795,77.38,77.00,0.1429,11,87.66,1
266.8420,4173,-0.03889,0.56267,-0.15138,80.30,80.00,0.1341,12,87.66,1
266.9001,4174,-0.05887,0.55342,-0.19831,81.94,81.00,0.1292,12,87.66,1
266.9593,4175,-0.07628,0.74252,-0.22778,82.97,82.00,0.1261,10,87.66,1
267.0203,4176,-0.11347,0.90277,-0.32281,86.30,86.00,0.1161,10,87.66,1
267.0806,4177,-0.09800,0.70767,-0.21609,82.56,82.00,0.1273,10,87.66,1
267.1438,4178,-0.07314,0.56336,-0.10313,78.61,78.00,0.1392,11,87.66,1
267.2041,4179,-0.04890,0.55922,-0.01995,75.70,75.00,0.1479,13,87.66,1
267.2672,4180,-0.04141,0.70056,-0.01392,75.49,75.00,0.1485,12,87.66,1
267.3283,4181,-0.12238,0.84888,-0.31566,86.05,83.00,0.1169,11,87.66,1
267.3887,4182,-0.09365,0.67863,-0.17025,80.96,80.00,0.1321,9,87.66,1
267.4515,4183,-0.09955,0.60976,-0.18010,81.30,81.00,0.1311,12,87.66,1
267.5183,4184,-0.12972,0.77518,-0.27300,84.55,84.00,0.1213,10,87.66,1
267.5772,4185,-0.06244,0.61114,-0.01129,75.39,76.00,0.1488,12,87.66,1
267.6372,4186,0.00000,0.42722,0.12588,73.11,73.00,0.1368,10,87.66,1
267.6937,4187,0.00000,0.28848,0.13413,72.99,72.00,0.1359,11,87.66,1
267.7532,4188,0.03620,-0.01828,0.20349,71.95,71.00,0.1286,16,87.34,1
267.8156,4189,0.03037,-0.07771,0.11648,73.25,73.00,0.1378,23,88.01,1
267.8748,4190,0.03361,-0.04538,0.08814,73.68,73.00,0.1407,7,88.01,1
267.9363,4191,0.09321,-0.34701,0.26536,71.02,71.00,0.1221,24,88.01,1
267.9959,4192,0.03053,-0.11561,-0.01936,75.68,75.00,0.1480,7,88.01,1
268.0553,4193,0.00000,-0.03536,-0.08056,77.82,77.00,0.1415,20,87.11,1
268.1155,4194,0.00000,0.09924,-0.12858,79.50,79.00,0.1365,13,87.90,1
268.1735,4195,0.00000,0.01371,-0.10466,78.66,78.00,0.1390,13,87.90,1
268.2360,4196,-0.02584,0.08241,-0.16937,80.93,80.00,0.1322,18,87.90,1
268.2991,4197,-0.04420,0.13719,-0.20471,82.16,82.00,0.1285,12,90.51,1
268.3647,4198,-0.06423,0.21906,-0.23928,83.37,83.00,0.1249,10,90.51,1
268.4246,4199,-0.05925,0.25851,-0.18587,81.51,81.00,0.1305,13,90.51,1
268.4868,4200,-0.07502,0.32761,-0.21802,82.63,82.00,0.1271,12,92.96,1
268.5491,4201,-0.09837,0.41427,-0.27179,84.51,84.00,0.1215,11,92.96,1
268.6103,4202,-0.08529,0.28240,-0.19043,81.67,81.00,0.1300,13,95.26,1
268.6731,4203,-0.07067,0.32348,-0.12390,79.34,79.00,0.1370,13,97.34,1
268.7367,4204,-0.07896,0.50125,-0.15351,80.37,80.00,0.1339,11,99.50,1
268.8089,4205,-0.05946,0.39367,-0.08029,77.81,77.00,0.1416,13,99.50,1
268.8743,4206,-0.04604,0.27270,-0.04608,76.61,76.00,0.1452,13,99.50,1
268.9405,4207,-0.03416,0.19077,-0.02414,75.84,75.00,0.1475,12,99.50,1
269.0090,4208,0.00000,0.07701,0.08130,73.78,73.00,0.1415,14,101.35,1
269.0746,4209,0.00000,0.02747,0.04603,74.31,74.00,0.1452,15,101.35,1
269.1434,4210,0.00000,0.06643,0.00234,74.96,74.00,0.1498,14,101.35,1
269.2079,4211,-0.03621,0.06715,-0.15564,80.45,80.00,0.1337,12,101.35,1
269.2723,4212,-0.04098,-0.03948,-0.15541,80.44,80.00,0.1337,11,101.35,1
269.3355,4213,-0.04069,-0.06572,-0.13981,79.89,79.00,0.1353,12,103.02,1
269.4087,4214,-0.04334,-0.15884,-0.13751,79.81,79.00,0.1356,14,103.02,1
269.4823,4215,-0.05175,0.03126,-0.15681,80.49,80.00,0.1335,14,103.02,1
269.5499,4216,0.00000,-0.02505,0.00218,74.97,74.00,0.1498,14,103.02,1
269.6161,4217,0.00000,-0.06615,0.04780,74.28,74.00,0.1450,14,103.02,1
269.6856,4218,0.00000,-0.20212,-0.02836,75.99,75.00,0.1470,13,103.02,1
269.7492,4219,-0.04533,-0.04857,-0.19815,81.94,81.00,0.1292,12,103.02,1
269.8166,4220,-0.05300,-0.09512,-0.19822,81.94,81.00,0.1292,13,103.02,1
269.8874,4221,-0.03949,-0.13928,-0.12706,79.45,79.00,0.1367,14,103.02,1
269.9495,4222,-0.02901,-0.03750,-0.08647,78.03,78.00,0.1409,13,103.02,1
270.0190,4223,-0.03036,0.05210,-0.09612,78.36,78.00,0.1399,12,103.02,1
270.0928,4224,0.00000,0.25719,-0.02725,75.95,75.00,0.1471,11,103.02,1
270.1567,4225,0.00000,0.20355,-0.02690,75.94,75.00,0.1472,15,103.02,1
270.2259,4226,0.00000,0.15497,-0.03421,76.20,76.00,0.1464,15,103.02,1
270.2846,4227,-0.02043,0.23438,-0.10659,78.73,78.00,0.1388,13,103.02,1
270.3504,4228,-0.05817,0.20251,-0.23389,83.19,83.00,0.1254,12,103.02,1
270.4235,4229,-0.08706,0.19947,-0.29894,85.46,85.00,0.1186,12,104.91,1
270.4836,4230,-0.10107,0.17817,-0.30848,85.80,85.00,0.1176,12,104.91,1
270.5435,4231,-0.04947,-0.00695,-0.09189,78.22,78.00,0.1404,20,104.91,1
270.6087,4232,0.10638,-0.08172,0.43876,68.42,70.00,0.1039,8,102.47,1
270.6734,4233,0.09576,-0.13169,0.27318,70.90,70.00,0.1213,24,102.83,1
270.7498,4234,0.06955,-0.20687,0.09114,73.63,73.00,0.1404,21,104.24,1
270.8209,4235,0.00000,-0.20032,-0.13656,79.78,79.00,0.1357,12,103.32,1
270.8903,4236,-0.05211,-0.01553,-0.33573,86.75,86.00,0.1147,21,101.04,1
270.9589,4237,-0.05000,0.18454,-0.26275,84.20,84.00,0.1224,9,99.40,1
271.0206,4238,-0.08016,0.15705,-0.32683,86.44,86.00,0.1157,17,98.39,1
271.0855,4239,-0.05173,0.15039,-0.17650,81.18,81.00,0.1315,21,103.45,1
271.1486,4240,-0.04442,0.19134,-0.13745,79.81,79.00,0.1356,20,103.45,1
271.2142,4241,0.00000,-0.09018,0.01565,74.77,74.00,0.1484,19,103.45,1
271.2777,4242,0.04040,-0.21465,0.13125,73.03,73.00,0.1362,22,106.01,1
271.3412,4243,0.06065,-0.29297,0.15316,72.70,72.00,0.0000,2,106.01,0
271.4092,4244,0.04657,-0.22140,0.06315,74.05,74.00,0.1434,23,107.91,1
271.4843,4245,0.08258,-0.23522,0.15375,72.69,72.00,0.1339,16,110.42,1
271.5588,4246,0.07107,-0.24228,0.07299,73.91,73.00,0.1423,21,113.58,1
271.6235,4247,0.03498,-0.27588,-0.06556,77.29,77.00,0.1431,14,117.32,1
271.6886,4248,-0.02535,-0.19909,-0.25844,84.05,84.00,0.1229,22,110.39,1
271.7545,4249,-0.08239,0.25454,-0.39958,88.99,88.00,0.1080,18,110.39,1
271.8202,4250,-0.08554,0.33113,-0.32853,86.50,86.00,0.1155,19,110.39,1
271.8911,4251,-0.18011,0.62990,-0.59079,95.68,94.00,0.0880,16,110.35,1
271.9539,4252,-0.19852,0.82965,-0.54896,94.21,94.00,0.0924,25,110.35,1
272.0159,4253,-0.16048,0.63857,-0.33133,86.60,86.00,0.1152,26,108.31,1
272.0797,4254,-0.07127,0.38324,0.01141,74.83,78.00,0.1488,15,108.31,1
272.1438,4255,-0.03216,0.48809,0.10188,73.47,73.00,0.1393,14,111.18,1
272.2094,4256,-0.02882,0.57918,0.04965,74.26,74.00,0.1448,15,110.33,1
272.2728,4257,0.00000,0.40454,0.12651,73.10,73.00,0.1367,14,109.80,1
272.3404,4258,0.05744,0.45708,0.23969,71.40,71.00,0.1248,14,109.67,1
272.4117,4259,0.02581,0.30076,0.04611,74.31,74.00,0.1452,14,107.98,1
272.4831,4260,0.03333,0.21739,0.04108,74.38,74.00,0.1457,16,108.18,1
272.5476,4261,0.03093,0.23294,0.00886,74.87,74.00,0.1491,16,108.46,1
272.6104,4262,0.00000,0.56608,-0.16030,80.61,80.00,0.1332,15,108.46,1
272.6746,4263,-0.02139,0.60536,-0.15885,80.56,80.00,0.1333,22,106.99,1
272.7368,4264,0.02746,0.62173,0.03114,74.53,74.00,0.1467,10,106.99,1
272.7971,4265,0.00000,0.57670,-0.04884,76.71,76.00,0.1449,16,108.74,1
272.8593,4266,0.02972,0.59102,0.01131,74.83,74.00,0.1488,14,110.87,1
272.9200,4267,0.02812,0.78409,-0.00961,75.34,75.00,0.1490,11,110.87,1
272.9811,4268,0.05073,0.88178,0.05995,74.10,74.00,0.1437,11,110.87,1
273.0454,4269,0.11162,0.98001,0.24806,71.28,71.00,0.1240,8,110.87,1
273.1060,4270,0.08802,1.02262,0.10551,73.42,73.00,0.1389,12,110.87,1
273.1673,4271,0.09393,0.90350,0.10102,73.48,73.00,0.1394,12,110.87,1
273.2295,4272,0.04484,0.95584,-0.09242,78.23,78.00,0.1403,11,110.87,1
273.2914,4273,0.04024,0.94400,-0.08669,78.03,78.00,0.1409,11,110.87,1
273.3592,4274,0.10048,0.79421,0.14326,72.85,72.00,0.1350,9,110.87,1
273.4214,4275,0.13238,0.67749,0.22305,71.65,71.00,0.1266,9,110.87,1
273.4813,4276,0.10428,0.77743,0.08192,73.77,73.00,0.1414,12,110.87,1
273.5394,4277,0.08808,0.86879,0.01515,74.77,74.00,0.1484,9,110.87,1
273.5968,4278,0.14356,0.93554,0.21514,71.77,71.00,0.1274,7,110.87,1
273.6562,4279,0.09797,0.98156,0.01774,74.73,74.00,0.1481,10,110.87,1
273.7169,4280,0.10312,0.90972,0.04429,74.34,74.00,0.1454,10,110.87,1
273.7770,4281,0.06648,0.95245,-0.08172,77.86,77.00,0.1414,10,110.87,1
273.8324,4282,0.12934,0.98126,0.16705,72.49,72.00,0.1325,7,110.87,1
273.8922,4283,0.18391,0.66746,0.33529,69.97,69.00,0.1148,8,110.87,1
273.9482,4284,0.14767,0.73758,0.15327,72.70,72.00,0.1339,11,110.87,1
274.0074,4285,0.16100,0.83163,0.18704,72.19,72.00,0.1304,8,110.87,1
274.0683,4286,0.10972,0.90705,-0.01305,75.46,75.00,0.1486,10,110.87,1
274.1300,4287,0.11135,0.96173,0.01919,74.71,74.00,0.1480,8,110.87,1
274.1919,4288,0.12349,0.99708,0.07978,73.80,73.00,0.1416,6,110.87,1
274.2507,4289,0.15238,0.77202,0.18506,72.22,72.00,0.1306,9,110.87,1
274.3129,4290,0.17488,0.61383,0.24594,71.31,71.00,0.1242,9,110.87,1
274.3724,4291,0.17910,0.74387,0.23337,71.50,71.00,0.1255,8,110.87,1
274.4293,4292,0.18052,0.84679,0.21761,71.74,71.00,0.1272,8,110.87,1
274.4853,4293,0.11810,0.92222,-0.01778,75.62,75.00,0.1481,10,110.87,1
274.5430,4294,0.06587,0.97484,-0.16819,80.89,80.00,0.1323,11,110.87,1
274.5999,4295,0.03512,1.00759,-0.21455,82.51,82.00,0.1275,10,110.87,1
274.6568,4296,0.07765,1.02545,0.00446,74.93,74.00,0.1495,8,110.87,1
274.7150,4297,0.09583,0.88646,0.08826,73.68,73.00,0.1407,10,110.87,1
274.7774,4298,0.08519,0.92726,0.05179,74.22,74.00,0.1446,9,110.87,1
274.8439,4299,0.11862,0.78552,0.17862,72.32,72.00,0.1312,9,110.87,1
274.9141,4300,0.14033,0.66666,0.23356,71.50,71.00,0.1255,9,110.87,1
274.9790,4301,0.09911,0.78708,0.06463,74.03,74.00,0.1432,10,110.87,1
275.0407,4302,0.13848,0.63667,0.21218,71.82,71.00,0.1277,9,110.87,1
275.1036,4303,0.11357,0.77317,0.10628,73.41,73.00,0.1388,9,110.87,1
275.1638,4304,0.09647,0.87713,0.05202,74.22,74.00,0.1445,9,110.87,1
275.2217,4305,0.14880,0.94885,0.25154,71.23,71.00,0.1236,7,110.87,1
275.2826,4306,0.14844,0.99631,0.22445,71.63,71.00,0.1264,8,110.87,1
275.3435,4307,0.12005,1.02338,0.10752,73.39,73.00,0.1387,9,110.87,1
275.4022,4308,0.16635,1.03479,0.27972,70.80,70.00,0.1206,7,110.87,1
275.4607,4309,0.19601,1.03696,0.35837,69.62,69.00,0.1124,7,110.87,1
275.5240,4310,0.17512,1.03408,0.24324,71.35,71.00,0.1245,8,110.87,1
275.5880,4311,0.15516,1.02767,0.16180,72.57,72.00,0.1330,8,110.87,1
275.6524,4312,0.14960,1.02024,0.15101,72.73,72.00,0.1341,6,110.87,1
275.7241,4313,0.18037,0.69473,0.26930,70.96,70.00,0.1217,8,110.87,1
275.7823,4314,0.20062,0.47569,0.32605,70.11,70.00,0.1158,8,110.87,1
275.8433,4315,0.21398,0.33287,0.34901,69.76,69.00,0.1134,8,110.87,1
275.9042,4316,0.21913,0.55648,0.34178,69.87,69.00,0.1141,7,110.87,1
275.9648,4317,0.22101,0.73746,0.32780,70.08,70.00,0.1156,7,110.87,1
276.0247,4318,0.18309,0.87124,0.18039,72.29,72.00,0.1311,8,110.87,1
276.0826,4319,0.15343,0.96074,0.09447,73.58,73.00,0.1401,8,110.87,1
276.1408,4320,0.13378,1.01580,0.06073,74.09,74.00,0.1436,8,110.87,1
276.1966,4321,0.16339,0.75731,0.20488,71.93,71.00,0.1285,8,110.87,1
276.2642,4322,0.11213,0.85097,0.03513,74.47,74.00,0.1463,9,110.87,1
276.3282,4323,0.08619,0.92431,-0.00735,75.26,75.00,0.1492,9,110.87,1
276.3885,4324,0.06343,0.97312,-0.03614,76.27,76.00,0.1462,9,110.87,1
276.4486,4325,0.12546,1.00336,0.23304,71.50,71.00,0.1255,7,110.87,1
276.5097,4326,0.17163,1.02020,0.38798,69.18,69.00,0.1093,7,110.87,1
276.5719,4327,0.20438,1.02699,0.46395,68.04,68.00,0.1013,7,110.87,1
276.6319,4328,0.22322,0.72807,0.48085,67.79,67.00,0.0995,8,110.87,1
276.6899,4329,0.15958,0.80907,0.21114,71.83,71.00,0.1278,9,110.87,1
276.7489,4330,0.09274,0.87760,-0.01041,75.36,75.00,0.1489,10,110.87,1
276.8098,4331,0.09076,0.93182,0.04368,74.34,74.00,0.1454,8,110.87,1
276.8697,4332,0.06623,0.97066,0.00188,74.97,74.00,0.1498,9,110.87,1
276.9296,4333,0.12475,0.99611,0.25777,71.13,71.00,0.1229,7,110.87,1
276.9926,4334,0.17304,1.01130,0.41996,68.70,68.00,0.1059,7,110.87,1
277.0576,4335,0.18107,1.01835,0.40570,68.91,68.00,0.1074,8,110.87,1
277.1158,4336,0.16998,0.86282,0.33669,69.95,69.00,0.1146,10,110.87,1
277.1792,4337,0.19357,0.90559,0.40470,68.93,68.00,0.1075,7,110.87,1
277.2441,4338,0.23960,0.57010,0.53744,66.94,66.00,0.0936,9,110.87,1
277.3143,4339,0.23817,0.51228,0.47281,67.91,67.00,0.1004,10,110.87,1
277.3760,4340,0.26599,0.36311,0.53208,67.02,67.00,0.0941,8,110.87,1
277.4368,4341,0.23541,0.35701,0.38110,69.28,69.00,0.1100,9,110.87,1
277.5077,4342,0.21578,0.42245,0.30195,70.47,70.00,0.1183,8,110.87,1
277.5694,4343,0.20236,0.48353,0.26365,71.05,71.00,0.1223,8,110.87,1
277.6405,4344,0.19935,0.72411,0.27093,70.94,70.00,0.1216,7,110.87,1
277.7184,4345,0.20756,0.90347,0.31432,70.29,70.00,0.1170,7,110.87,1
277.7891,4346,0.20861,1.00479,0.32018,70.20,70.00,0.1164,7,110.87,1
277.8561,4347,0.13216,1.05384,0.06347,74.05,74.00,0.1433,9,110.87,1
277.9199,4348,0.08313,1.07247,-0.04495,76.57,76.00,0.1453,9,110.87,1
277.9836,4349,0.05176,1.07228,-0.07599,77.66,77.00,0.1420,9,110.87,1
278.0461,4350,0.03753,1.06272,-0.04744,76.66,76.00,0.1450,9,110.87,1
278.1107,4351,0.10509,0.73063,0.25465,71.18,71.00,0.1233,8,110.87,1
278.1780,4352,0.07441,0.81074,0.14271,72.86,72.00,0.1350,9,110.87,1
278.2527,4353,0.14320,0.88328,0.39860,69.02,69.00,0.1081,7,110.87,1
278.3250,4354,0.11274,0.94093,0.25126,71.23,71.00,0.1236,9,110.87,1
278.3934,4355,0.16270,0.63934,0.41586,68.76,68.00,0.1063,8,110.87,1
278.4628,4356,0.09861,0.76888,0.15764,72.64,72.00,0.1334,10,110.87,1
278.5287,4357,0.05207,0.86977,0.02134,74.68,74.00,0.1478,10,110.87,1
278.6061,4358,0.00000,0.94627,-0.04705,76.65,76.00,0.1451,10,110.87,1
278.6704,4359,0.10188,0.67552,0.30534,70.42,70.00,0.1179,8,110.87,1
278.7357,4360,0.16060,0.48306,0.48300,67.75,67.00,0.0993,8,110.87,1
278.8085,4361,0.13570,0.61053,0.33090,70.04,70.00,0.1153,10,110.87,1
278.8775,4362,0.11993,0.70555,0.25466,71.18,71.00,0.1233,10,110.87,1
278.9583,4363,0.07743,0.86106,0.10962,73.36,73.00,0.1385,9,110.87,1
279.0258,4364,0.09443,0.73504,0.19715,72.04,72.00,0.1293,9,110.87,1
279.0942,4365,0.14924,0.86122,0.39038,69.14,69.00,0.1090,7,110.87,1
279.1610,4366,0.18610,0.94677,0.47879,67.82,67.00,0.0997,7,110.87,1
279.2286,4367,0.12599,0.99987,0.21950,71.71,71.00,0.1270,10,110.87,1
279.3036,4368,0.11079,1.03029,0.17920,72.31,72.00,0.1312,8,110.87,1
279.3692,4369,0.11289,1.03865,0.20433,71.94,71.00,0.1285,8,110.87,1
279.4434,4370,0.11825,1.03869,0.23467,71.48,71.00,0.1254,8,110.87,1
279.5108,4371,0.12210,1.03188,0.25098,71.24,71.00,0.1236,8,110.87,1
279.5772,4372,0.09428,1.02375,0.15584,72.66,72.00,0.1336,9,110.87,1
279.6458,4373,0.06156,1.01607,0.06644,74.00,74.00,0.1430,10,110.87,1
279.7104,4374,0.06054,1.00969,0.10206,73.47,73.00,0.1393,11,110.87,1
279.7733,4375,0.04230,1.00499,0.06715,73.99,73.00,0.1429,10,110.87,1
279.8396,4376,0.00000,1.00172,-0.01509,75.53,75.00,0.1484,8,110.87,1
279.9097,4377,0.00000,0.99963,0.04079,74.39,74.00,0.1457,10,110.87,1
279.9884,4378,0.02421,0.99853,0.12837,73.07,73.00,0.1365,7,110.87,1
280.0527,4379,0.07022,0.99835,0.29389,70.59,70.00,0.1191,8,110.87,1
280.1181,4380,0.14329,0.99845,0.51501,67.27,67.00,0.0959,7,110.87,1
280.1799,4381,0.11765,0.99872,0.35474,69.68,69.00,0.1128,7,110.87,1
280.2492,4382,0.10584,0.99902,0.27862,70.82,70.00,0.1207,11,110.87,1
280.3131,4383,0.15599,0.99934,0.43736,68.44,68.00,0.1041,7,110.87,1
280.3805,4384,0.19264,0.99960,0.51290,67.31,67.00,0.0961,7,110.87,1
280.4469,4385,0.24556,0.62787,0.63024,65.55,65.00,0.0838,9,110.87,1
280.5132,4386,0.24066,0.74029,0.52947,67.06,67.00,0.0944,9,110.87,1
280.5765,4387,0.23611,0.83629,0.46022,68.10,68.00,0.1017,7,110.87,1
280.6415,4388,0.16127,0.91082,0.16846,72.47,72.00,0.1323,9,110.87,1
280.7069,4389,0.10489,0.96356,0.00963,74.86,74.00,0.1490,9,110.87,1
280.7688,4390,0.12402,0.76184,0.14067,72.89,72.00,0.1352,9,110.87,1
280.8364,4391,0.16178,0.52710,0.30519,70.42,70.00,0.1180,8,110.87,1
280.9158,4392,0.15464,0.70112,0.27281,70.91,70.00,0.1214,8,110.87,1
280.9843,4393,0.09895,0.83944,0.08668,73.70,73.00,0.1409,10,110.87,1
281.0541,4394,0.06528,0.93551,0.01896,74.72,74.00,0.1480,10,110.87,1
281.1323,4395,0.02636,0.99838,-0.04763,76.67,76.00,0.1450,10,110.87,1
281.1973,4396,0.05941,1.02634,0.12714,73.09,73.00,0.1367,8,110.87,1
281.2674,4397,0.05505,1.03893,0.13427,72.99,72.00,0.1359,9,110.87,1
281.3429,4398,0.08708,1.03982,0.26163,71.08,71.00,0.1225,8,110.87,1
281.4075,4399,0.07727,1.03284,0.21573,71.76,71.00,0.1273,9,110.87,1
281.4780,4400,0.06983,1.02496,0.18868,72.17,72.00,0.1302,9,110.87,1
281.5456,4401,0.05168,1.01702,0.13130,73.03,73.00,0.1362,10,110.87,1
281.6211,4402,0.03902,1.01014,0.10942,73.36,73.00,0.1385,10,110.87,1
281.6844,4403,0.03192,1.00513,0.10510,73.42,73.00,0.1390,10,110.87,1
281.7474,4404,0.03089,1.00182,0.12097,73.19,73.00,0.1373,10,110.87,1
281.8084,4405,0.03146,0.99981,0.13723,72.94,72.00,0.1356,10,110.87,1
281.8690,4406,0.03032,0.99874,0.14297,72.86,72.00,0.1350,10,110.87,1
281.9239,4407,0.04109,0.99836,0.18770,72.18,72.00,0.1303,9,110.87,1
281.9801,4408,0.04018,0.99831,0.18220,72.27,72.00,0.1309,10,110.87,1
282.0380,4409,0.03861,0.99846,0.17557,72.37,72.00,0.1316,10,110.87,1
282.0965,4410,0.03794,0.99874,0.17363,72.40,72.00,0.1318,10,110.87,1
282.1536,4411,0.03771,0.99905,0.17361,72.40,72.00,0.1318,10,110.87,1
282.2165,4412,0.04606,0.99935,0.20368,71.94,71.00,0.1286,9,110.87,1
282.2780,4413,0.04262,0.99960,0.18568,72.21,72.00,0.1305,10,110.87,1
282.3380,4414,0.07161,0.99979,0.28499,70.73,70.00,0.1201,9,110.87,1
282.4009,4415,0.05867,0.99993,0.21628,71.76,71.00,0.1273,10,110.87,1
282.4715,4416,0.07462,1.00002,0.26381,71.04,71.00,0.1223,11,110.87,1
282.5351,4417,0.08647,1.00006,0.28803,70.68,70.00,0.1198,11,110.87,1
282.6040,4418,0.03606,1.00007,0.09323,73.60,73.00,0.1402,11,110.87,1
282.6690,4419,0.05771,1.00007,0.19172,72.12,72.00,0.1299,11,110.87,1
282.7375,4420,0.04621,1.00006,0.15306,72.70,72.00,0.1339,10,110.87,1
282.8009,4421,0.03842,1.00004,0.13543,72.97,72.00,0.1358,10,110.87,1
282.8699,4422,0.06697,1.00003,0.24629,71.31,71.00,0.1241,9,110.87,1
282.9330,4423,0.05290,1.00002,0.18487,72.23,72.00,0.1306,10,110.87,1
283.0047,4424,0.04320,1.00001,0.15325,72.70,72.00,0.1339,10,110.87,1
283.0851,4425,0.03565,1.00000,0.13799,72.93,72.00,0.1355,10,110.87,1
283.1544,4426,0.06006,1.00000,0.23110,71.53,71.00,0.1257,11,110.87,1
283.2178,4427,0.04735,1.00000,0.17777,72.33,72.00,0.1313,10,110.87,1
283.2796,4428,0.00000,1.00000,0.04477,74.33,74.00,0.1453,11,110.87,1
283.3409,4429,0.05153,0.92762,0.22412,71.64,71.00,0.1265,12,110.87,1
283.4111,4430,0.07940,0.94877,0.30827,70.38,70.00,0.1176,9,110.87,1
283.4735,4431,0.11637,0.96792,0.40691,68.90,68.00,0.1073,8,110.87,1
283.5396,4432,0.11494,0.98273,0.35144,69.73,69.00,0.1131,11,110.87,1
283.6157,4433,0.05348,0.99379,0.10475,73.43,73.00,0.1390,11,110.87,1
283.6825,4434,0.04661,1.00011,0.10777,73.38,73.00,0.1387,9,110.87,1
283.7464,4435,0.04109,1.00331,0.11153,73.33,73.00,0.1383,9,110.87,1
283.8072,4436,0.07858,1.00453,0.25926,71.11,71.00,0.1228,8,110.87,1
283.8700,4437,0.11113,1.00470,0.35741,69.64,69.00,0.1125,8,110.87,1
283.9315,4438,0.11529,1.00415,0.33717,69.94,69.00,0.1146,9,110.87,1
283.9952,4439,0.08124,1.00330,0.19084,72.14,72.00,0.1300,10,110.87,1
284.0606,4440,0.11194,1.00238,0.30383,70.44,70.00,0.1181,8,110.87,1
284.1259,4441,0.13526,1.00154,0.36429,69.54,69.00,0.1117,7,110.87,1
284.2004,4442,0.15386,1.00084,0.39165,69.13,69.00,0.1089,8,110.87,1
284.2664,4443,0.16154,1.00035,0.38253,69.26,69.00,0.1098,8,110.87,1
284.3262,4444,0.10914,1.00006,0.17554,72.37,72.00,0.1316,10,110.87,1
284.3869,4445,0.12670,0.99989,0.25386,71.19,71.00,0.1233,8,110.87,1
284.4479,4446,0.14056,0.99981,0.30161,70.48,70.00,0.1183,8,110.87,1
284.5101,4447,0.09518,0.99979,0.13264,73.01,73.00,0.1361,10,110.87,1
284.5732,4448,0.06187,0.99981,0.04476,74.33,74.00,0.1453,10,110.87,1
284.6336,4449,0.04069,0.99984,0.01520,74.77,74.00,0.1484,10,110.87,1
284.6939,4450,0.05285,0.99988,0.10450,73.43,73.00,0.1390,11,110.87,1
284.7651,4451,0.07184,0.99992,0.19824,72.03,72.00,0.1292,9,110.87,1
284.8293,4452,0.08651,0.99995,0.25070,71.24,71.00,0.1237,9,110.87,1
284.8903,4453,0.09677,0.99998,0.27654,70.85,70.00,0.1210,9,110.87,1
284.9565,4454,0.12080,0.99999,0.34390,69.84,69.00,0.1139,8,110.87,1
285.0161,4455,0.11954,1.00000,0.31216,70.32,70.00,0.1172,9,110.87,1
285.0777,4456,0.05252,1.00001,0.06071,74.09,74.00,0.1436,11,110.87,1
285.1430,4457,0.09201,1.00001,0.23692,71.45,71.00,0.1251,8,110.87,1
285.2062,4458,0.06721,1.00001,0.14712,72.79,72.00,0.1346,10,110.87,1
285.2732,4459,0.09882,1.00001,0.27288,70.91,70.00,0.1213,8,110.87,1
285.3357,4460,0.10398,1.00001,0.27764,70.84,70.00,0.1208,9,110.87,1
285.3988,4461,0.07492,1.00000,0.16431,72.54,72.00,0.1327,10,110.87,1
285.4612,4462,0.07968,1.00000,0.19364,72.10,72.00,0.1297,11,110.87,1
285.5211,4463,0.08373,1.00000,0.21296,71.81,71.00,0.1276,11,110.87,1
285.5846,4464,0.09853,1.00000,0.26513,71.02,71.00,0.1222,10,110.87,1
285.6514,4465,0.11195,1.00000,0.29984,70.50,70.00,0.1185,8,110.87,1
285.7187,4466,0.08010,1.00000,0.17169,72.42,72.00,0.1320,10,110.87,1
285.7857,4467,0.10287,0.95139,0.26221,71.07,71.00,0.1225,9,110.87,1
285.8505,4468,0.16972,0.89733,0.48141,67.78,67.00,0.0995,7,110.87,1
285.9169,4469,0.10884,0.93055,0.21366,71.80,71.00,0.1276,10,110.87,1
285.9848,4470,0.11912,0.92386,0.25615,71.16,71.00,0.1231,9,110.87,1
286.0575,4471,0.10056,0.95609,0.18978,72.15,72.00,0.1301,8,110.87,1
286.1248,4472,0.05887,0.97943,0.06111,74.08,74.00,0.1436,8,110.87,1
286.1936,4473,0.00000,0.73555,-0.06839,77.39,77.00,0.1428,15,110.87,1
286.2609,4474,0.02115,0.60785,0.04156,74.38,74.00,0.1456,17,112.53,1
286.3321,4475,0.02020,0.42014,0.07797,73.83,73.00,0.1418,18,111.93,1
286.3963,4476,0.00000,0.34761,0.07043,73.94,73.00,0.1426,19,109.34,1
286.4626,4477,-0.04044,0.05345,-0.08265,77.89,77.00,0.1413,14,103.03,1
286.5285,4478,-0.09169,0.21677,-0.20112,82.04,82.00,0.1289,21,102.03,1
286.5922,4479,-0.05011,0.28489,0.01810,74.73,74.00,0.1481,27,100.16,1
286.6573,4480,0.03395,0.43186,0.33187,70.02,70.00,0.1152,27,98.54,1
286.7254,4481,0.16163,0.54274,0.72105,64.18,64.00,0.0743,20,98.54,1
286.7965,4482,0.23967,0.61805,0.84185,62.37,62.00,0.0616,19,98.54,1
286.8735,4483,0.26850,0.67294,0.76727,63.49,63.00,0.0694,21,98.54,1
286.9392,4484,0.29185,0.65754,0.72719,64.09,64.00,0.0736,21,96.29,1
287.0106,4485,0.30215,0.62702,0.65315,65.20,65.00,0.0814,22,93.69,1
287.0921,4486,0.27011,0.60227,0.45401,68.19,68.00,0.1023,25,93.99,1
287.1618,4487,0.25456,0.68156,0.37738,69.34,69.00,0.1104,20,93.99,1
287.2370,4488,0.27182,0.73519,0.42977,68.55,68.00,0.1049,17,93.99,1
287.3068,4489,0.25802,0.77029,0.36670,69.50,69.00,0.1115,20,93.99,1
287.3816,4490,0.21266,0.70450,0.21398,71.79,71.00,0.1275,27,91.71,1
287.4629,4491,0.16677,0.52436,0.10245,73.46,73.00,0.1392,27,88.11,1
287.5315,4492,0.07392,0.29299,-0.15051,80.27,80.00,0.1342,25,85.83,1
287.6002,4493,-0.02921,0.23821,-0.38627,88.52,88.00,0.1094,24,85.24,1
287.6713,4494,-0.12347,0.36363,-0.54509,94.08,94.00,0.0928,24,84.79,1
287.7490,4495,-0.18776,0.52879,-0.55799,94.53,94.00,0.0914,20,84.57,1
287.8194,4496,-0.20805,0.57541,-0.46135,91.15,91.00,0.1016,20,85.33,1
287.8928,4497,-0.21211,0.63202,-0.34364,87.03,87.00,0.1139,21,86.03,1
287.9665,4498,-0.19157,0.64917,-0.18542,81.49,81.00,0.1305,21,85.79,1
288.0408,4499,-0.18270,0.70223,-0.11306,78.96,78.00,0.1381,21,85.35,1
288.1209,4500,-0.17785,0.72285,-0.07665,77.68,77.00,0.1420,20,85.55,1
288.1917,4501,-0.15911,0.79205,-0.00778,75.27,75.00,0.1492,20,86.08,1
288.2657,4502,-0.15697,0.72857,-0.01276,75.45,75.00,0.1487,19,86.21,1
288.3471,4503,-0.13990,0.83809,0.03215,74.52,74.00,0.1466,19,86.44,1
288.4171,4504,-0.15385,0.78037,-0.03561,76.25,76.00,0.1463,21,85.97,1
288.4896,4505,-0.15432,0.75399,-0.04235,76.48,76.00,0.1456,20,86.22,1
288.5602,4506,-0.15534,0.73364,-0.05012,76.75,76.00,0.1447,20,85.96,1
288.6257,4507,-0.14738,0.68976,-0.02608,75.91,75.00,0.1473,21,85.69,1
288.6925,4508,-0.15113,0.63173,-0.04834,76.69,76.00,0.1449,22,85.43,1
288.7565,4509,-0.14204,0.53148,-0.02156,75.75,75.00,0.1477,23,84.88,1
288.8205,4510,-0.14454,0.52123,-0.04120,76.44,76.00,0.1457,22,84.03,1
288.8885,4511,-0.14323,0.51505,-0.04392,76.54,76.00,0.1454,24,82.99,1
288.9620,4512,-0.13913,0.49257,-0.03739,76.31,76.00,0.1461,24,82.20,1
289.0265,4513,-0.14255,0.54900,-0.05772,77.02,77.00,0.1439,23,81.50,1
289.0896,4514,-0.14890,0.55722,-0.08394,77.94,77.00,0.1412,23,80.55,1
289.1550,4515,-0.15239,0.64813,-0.09537,78.34,78.00,0.1400,23,79.82,1
289.2235,4516,-0.15738,0.70131,-0.11042,78.86,78.00,0.1384,24,79.31,1
289.2938,4517,-0.15806,0.64809,-0.10852,78.80,78.00,0.1386,24,78.51,1
289.3592,4518,-0.16935,0.53862,-0.14523,80.08,80.00,0.1348,25,77.46,1
289.4256,4519,-0.17495,0.57064,-0.15557,80.44,80.00,0.1337,24,76.71,1
289.4891,4520,-0.17117,0.53658,-0.13371,79.68,79.00,0.1360,24,76.60,1
289.5602,4521,-0.16836,0.59796,-0.12162,79.26,79.00,0.1372,24,76.32,1
289.6267,4522,-0.17249,0.53889,-0.13776,79.82,79.00,0.1355,25,75.19,1
289.6968,4523,-0.15877,0.59568,-0.09025,78.16,78.00,0.1405,24,75.22,1
289.7639,4524,-0.14339,0.59787,-0.04909,76.72,76.00,0.1448,23,74.16,1
289.8408,4525,-0.15207,0.68252,-0.10194,78.57,78.00,0.1393,24,73.88,1
289.9132,4526,-0.15185,0.72666,-0.11013,78.85,78.00,0.1384,23,73.66,1
289.9841,4527,-0.16342,0.64037,-0.15645,80.48,80.00,0.1336,25,73.04,1
290.0531,4528,-0.14932,0.60253,-0.10577,78.70,78.00,0.1389,25,72.46,1
290.1229,4529,-0.13935,0.67087,-0.08223,77.88,77.00,0.1414,23,72.50,1
290.1867,4530,-0.15292,0.72812,-0.14338,80.02,80.00,0.1349,25,72.31,1
290.2501,4531,-0.16593,0.65057,-0.18964,81.64,81.00,0.1301,25,71.33,1
290.3131,4532,-0.16831,0.59336,-0.19025,81.66,81.00,0.1300,25,70.63,1
290.3735,4533,-0.17191,0.63253,-0.19700,81.89,81.00,0.1293,23,70.70,1
290.4415,4534,-0.18850,0.76397,-0.24827,83.69,83.00,0.1239,20,71.19,1
290.5133,4535,-0.21063,0.89889,-0.30738,85.76,85.00,0.1177,17,73.75,1
290.5764,4536,-0.22633,0.98011,-0.33677,86.79,86.00,0.1146,15,76.94,1
290.6444,4537,-0.23098,1.02904,-0.32322,86.31,86.00,0.1161,15,79.51,1
290.7192,4538,-0.22455,1.05230,-0.27743,84.71,84.00,0.1209,15,81.63,1
290.7830,4539,-0.21376,1.05334,-0.23352,83.17,83.00,0.1255,15,83.50,1
290.8449,4540,-0.18666,1.04692,-0.14454,80.06,80.00,0.1348,14,85.58,1
290.9098,4541,-0.15641,1.03770,-0.06499,77.27,77.00,0.1432,13,87.86,1
290.9704,4542,-0.16022,1.02739,-0.11751,79.11,79.00,0.1377,15,89.57,1
291.0329,4543,-0.13672,1.01827,-0.06272,77.20,77.00,0.1434,13,91.01,1
291.0964,4544,-0.11331,1.01078,-0.01957,75.68,75.00,0.1479,13,92.65,1
291.1589,4545,-0.10565,1.00524,-0.03763,76.32,76.00,0.1460,14,93.78,1
291.2251,4546,-0.10283,1.00139,-0.06813,77.38,77.00,0.1428,15,94.65,1
291.2973,4547,-0.08736,0.99901,-0.04791,76.68,76.00,0.1450,12,95.79,1
291.3656,4548,-0.08193,0.99800,-0.06283,77.20,77.00,0.1434,18,95.41,1
291.4411,4549,-0.05555,0.78508,-0.00370,75.13,75.00,0.1496,22,92.38,1
291.5119,4550,-0.05487,0.62040,-0.04110,76.44,76.00,0.1457,24,89.73,1
291.5830,4551,-0.04322,0.54362,-0.03036,76.06,76.00,0.1468,24,87.27,1
291.6521,4552,-0.02652,0.52323,-0.00185,75.06,75.00,0.1498,25,85.71,1
291.7280,4553,0.03017,0.36032,0.15488,72.68,72.00,0.1337,25,83.22,1
291.7957,4554,0.11759,0.04409,0.38837,69.17,69.00,0.1092,17,81.17,1
291.8605,4555,0.18634,-0.13899,0.51638,67.25,67.00,0.0958,15,79.47,1
291.9263,4556,0.20752,-0.28403,0.46279,68.06,68.00,0.1014,19,77.19,1
291.9977,4557,0.23001,-0.32218,0.42811,68.58,68.00,0.1050,19,74.74,1
292.0641,4558,0.24693,-0.27339,0.40247,68.96,68.00,0.1077,22,72.65,1
292.1381,4559,0.25382,-0.21191,0.34901,69.76,69.00,0.1134,23,70.67,1
292.2045,4560,0.23183,-0.16156,0.22549,71.62,71.00,0.1263,27,71.90,1
292.2694,4561,0.20581,-0.09215,0.12089,73.19,73.00,0.1373,27,73.26,1
292.3422,4562,0.17727,0.04386,0.03465,74.48,74.00,0.1464,27,75.03,1
292.4257,4563,0.16464,0.29680,0.02913,74.56,74.00,0.1469,26,73.99,1
292.4949,4564,0.14847,0.45146,0.00503,74.92,74.00,0.1495,27,73.21,1
292.5629,4565,0.14611,0.52880,0.03097,74.54,74.00,0.1467,26,72.50,1
292.6307,4566,0.12537,0.57759,-0.01310,75.46,75.00,0.1486,27,72.02,1
292.6980,4567,0.11170,0.54710,-0.02486,75.87,75.00,0.1474,27,71.33,1
292.7796,4568,0.11820,0.38284,0.03965,74.41,74.00,0.1458,27,70.17,1
292.8459,4569,0.12454,0.26951,0.07902,73.81,73.00,0.1417,27,69.13,1
292.9162,4570,0.10838,0.03402,0.03351,74.50,74.00,0.1465,25,68.51,1
292.9798,4571,0.10344,-0.09765,0.03482,74.48,74.00,0.1463,22,68.61,1
293.0433,4572,0.08201,-0.17330,-0.02176,75.76,75.00,0.1477,17,67.62,1
293.1053,4573,0.03158,-0.37063,-0.16840,80.89,80.00,0.1323,15,66.19,1
293.1704,4574,0.00000,-0.29866,-0.17555,81.14,81.00,0.1316,15,64.78,1
293.2419,4575,0.00000,-0.27857,-0.13494,79.72,79.00,0.1358,16,63.87,1
293.3213,4576,0.00000,-0.45225,-0.13861,79.85,79.00,0.1354,16,62.81,1
293.3859,4577,0.00000,-0.45565,-0.11706,79.10,79.00,0.1377,15,61.33,1
293.4506,4578,-0.03710,-0.38076,-0.16054,80.62,80.00,0.1331,11,59.77,1
293.5170,4579,0.00000,-0.29458,0.00742,74.89,74.00,0.1492,12,57.88,1
293.5915,4580,0.03312,-0.25131,0.11544,73.27,73.00,0.1379,17,57.38,1
293.6583,4581,0.08448,-0.15316,0.26458,71.03,71.00,0.1222,22,58.18,1
293.7290,4582,0.11145,-0.22763,0.29683,70.55,70.00,0.1188,22,58.80,1
293.8046,4583,0.13802,-0.30679,0.32173,70.17,70.00,0.1162,19,59.01,1
293.8727,4584,0.14627,-0.40767,0.29237,70.61,70.00,0.1193,20,59.58,1
293.9410,4585,0.14684,-0.26476,0.24901,71.26,71.00,0.1239,22,60.33,1
294.0084,4586,0.13384,-0.19536,0.17458,72.38,72.00,0.1317,23,60.70,1
294.0807,4587,0.12788,-0.09933,0.14384,72.84,72.00,0.1349,23,60.99,1
294.1475,4588,0.11829,-0.09775,0.11030,73.35,73.00,0.1384,25,60.99,1
294.2122,4589,0.12006,-0.01019,0.12380,73.14,73.00,0.1370,23,60.88,1
294.2741,4590,0.12390,0.03492,0.14159,72.88,72.00,0.1351,23,60.77,1
294.3455,4591,0.11185,-0.03116,0.10143,73.48,73.00,0.1394,25,60.70,1
294.4266,4592,0.09529,0.05207,0.05862,74.12,74.00,0.1438,25,60.89,1
294.4964,4593,0.06887,0.12399,-0.00947,75.33,75.00,0.1490,26,61.04,1
294.5624,4594,0.05021,0.20275,-0.03923,76.37,76.00,0.1459,27,61.10,1
294.6294,4595,0.03772,0.30913,-0.04313,76.51,76.00,0.1455,27,61.13,1
294.6994,4596,0.00000,0.36842,-0.10479,78.67,78.00,0.1390,27,61.21,1
294.7663,4597,0.00000,0.46752,-0.13748,79.81,79.00,0.1356,27,61.73,1
294.8380,4598,-0.04466,0.53292,-0.18365,81.43,81.00,0.1307,27,61.54,1
294.9063,4599,-0.04806,0.54551,-0.13866,79.85,79.00,0.1354,27,61.27,1
294.9744,4600,-0.05833,0.62392,-0.13265,79.64,79.00,0.1361,27,61.40,1
295.0443,4601,-0.06330,0.65735,-0.11318,78.96,78.00,0.1381,27,61.09,1
295.1134,4602,-0.06354,0.68857,-0.08552,77.99,77.00,0.1410,26,61.22,1
295.1849,4603,-0.03649,0.56274,0.02581,74.61,74.00,0.1473,25,60.71,1
295.2512,4604,0.00000,0.58310,0.13657,72.95,72.00,0.1357,24,60.27,1
295.3180,4605,0.00000,0.62730,0.11347,73.30,73.00,0.1381,26,59.95,1
295.3853,4606,-0.03210,0.74274,-0.02642,75.92,75.00,0.1472,27,59.72,1
295.4485,4607,-0.04737,0.81723,-0.07094,77.48,77.00,0.1426,24,59.86,1
295.5188,4608,-0.12742,0.93436,-0.32787,86.48,85.00,0.1156,22,61.75,1
295.5803,4609,-0.22280,1.00077,-0.58958,95.64,93.00,0.0881,15,61.75,1
295.6438,4610,-0.30173,1.03850,-0.74184,100.96,100.00,0.0721,14,61.75,1
295.7145,4611,-0.33742,1.05555,-0.70813,99.78,99.00,0.0756,13,61.75,1
295.7789,4612,-0.34127,1.05424,-0.60188,96.07,96.00,0.0868,16,61.75,1
295.8447,4613,-0.25111,0.91340,-0.20497,82.17,88.00,0.1285,27,61.21,1
295.9157,4614,-0.19031,0.79631,-0.00863,75.30,80.00,0.1491,25,62.76,1
295.9811,4615,-0.12472,0.44914,0.16150,72.58,72.00,0.1330,24,62.08,1
296.0527,4616,-0.04606,0.15090,0.33468,69.98,69.00,0.1149,25,60.71,1
296.1198,4617,0.00000,-0.13621,0.38254,69.26,69.00,0.1098,24,61.51,1
296.1886,4618,0.04073,-0.28689,0.38118,69.28,69.00,0.1100,23,61.38,1
296.2672,4619,0.04243,-0.39130,0.25993,71.10,71.00,0.1227,24,61.70,1
296.3372,4620,0.00000,-0.03982,0.01957,74.71,74.00,0.1479,26,61.70,1
296.4120,4621,-0.08757,0.46610,-0.26538,84.29,82.00,0.1221,27,63.33,1
296.4950,4622,-0.15998,0.83228,-0.44585,90.60,90.00,0.1032,23,65.60,1
296.5646,4623,-0.20134,1.02527,-0.49717,92.40,92.00,0.0978,19,68.04,1
296.6329,4624,-0.18146,1.11801,-0.34305,87.01,87.00,0.1140,18,70.33,1
296.7055,4625,-0.15830,1.15348,-0.21703,82.60,82.00,0.1272,25,71.45,1
296.7750,4626,-0.10429,0.99957,-0.02263,75.79,75.00,0.1476,25,71.45,1
296.8425,4627,-0.04909,0.49151,0.13082,73.04,73.00,0.1363,23,70.85,1
296.9138,4628,0.02235,-0.30031,0.30342,70.45,70.00,0.1181,12,70.52,1
296.9778,4629,0.05092,-0.51438,0.30624,70.41,70.00,0.1178,23,69.27,1
297.0434,4630,0.04719,-0.45874,0.20340,71.95,71.00,0.1286,25,67.34,1
297.1112,4631,0.07421,-0.67372,0.23466,71.48,71.00,0.1254,17,65.31,1
297.1845,4632,0.06982,-0.44357,0.15188,72.72,72.00,0.1341,21,63.58,1
297.2480,4633,0.06223,-0.45944,0.09130,73.63,73.00,0.1404,20,64.52,1
297.3121,4634,0.08479,-0.57572,0.14966,72.76,72.00,0.1343,13,64.52,1
297.3782,4635,0.07105,-0.24286,0.07137,73.93,73.00,0.1425,13,64.52,1
297.4511,4636,0.10504,-0.57371,0.17720,72.34,72.00,0.1314,10,64.52,1
297.5164,4637,0.15056,-0.80898,0.30120,70.48,70.00,0.1184,7,64.52,1
297.5842,4638,0.12068,-0.96246,0.14175,72.87,72.00,0.1351,9,64.52,1
297.6563,4639,0.09289,-1.05210,0.03129,74.53,74.00,0.1467,4,64.52,1
297.7296,4640,0.09781,-1.09035,0.06136,74.08,74.00,0.1436,9,64.52,1
297.7971,4641,0.06494,-1.09296,-0.04510,76.58,76.00,0.1453,8,64.52,1
297.8765,4642,0.09025,-1.08280,0.07426,73.89,73.00,0.1422,8,64.52,1
297.9451,4643,0.07631,-1.06179,0.02753,74.59,74.00,0.1471,6,64.52,1
298.0113,4644,0.06584,-1.04229,0.00320,74.95,74.00,0.1497,6,64.52,1
298.0791,4645,0.02623,-1.02601,-0.11575,79.05,79.00,0.1378,5,64.52,1
298.1536,4646,0.00000,-1.01314,-0.15475,80.42,80.00,0.1338,7,64.52,1
298.2173,4647,0.00000,-1.00490,-0.14246,79.99,79.00,0.1350,7,64.52,1
298.2776,4648,0.00000,-0.99997,-0.04658,76.63,76.00,0.1451,6,64.52,1
298.3448,4649,0.05076,-0.99704,0.11301,73.30,73.00,0.1381,7,64.52,1
298.4098,4650,0.08510,-0.99596,0.21061,71.84,71.00,0.1279,8,64.52,1
298.4754,4651,0.11637,-0.99595,0.27834,70.82,70.00,0.1208,8,64.52,1
298.5381,4652,0.12610,-0.99652,0.26172,71.07,71.00,0.1225,8,64.52,1
298.6117,4653,0.11089,-0.99729,0.16171,72.57,72.00,0.1330,9,64.52,1
298.6741,4654,0.08097,-0.99815,0.04411,74.34,74.00,0.1454,8,64.52,1
298.7373,4655,0.04023,-0.99884,-0.08461,77.96,77.00,0.1411,7,64.52,1
298.7992,4656,0.03227,-0.99937,-0.07396,77.59,77.00,0.1422,8,64.52,1
298.8575,4657,0.02996,-0.99973,-0.05008,76.75,76.00,0.1447,8,64.52,1
298.9198,4658,0.06955,-0.99997,0.11498,73.28,73.00,0.1379,8,64.52,1
298.9772,4659,0.08319,-1.00010,0.15245,72.71,72.00,0.1340,7,64.52,1
299.0355,4660,0.10216,-1.00017,0.20225,71.97,71.00,0.1288,8,64.52,1
299.0924,4661,0.10788,-1.00018,0.19744,72.04,72.00,0.1293,7,64.52,1
299.1507,4662,0.11050,-1.00017,0.18470,72.23,72.00,0.1306,7,64.52,1
299.2067,4663,0.12322,-1.00014,0.21306,71.80,71.00,0.1276,8,64.52,1
299.2662,4664,0.13035,-1.00011,0.21678,71.75,71.00,0.1272,8,64.52,1
299.3232,4665,0.13390,-1.00008,0.21027,71.85,71.00,0.1279,8,64.52,1
299.3802,4666,0.14733,-1.00005,0.24211,71.37,71.00,0.1246,9,64.52,1
299.4365,4667,0.12876,-1.00003,0.15628,72.66,72.00,0.1336,7,64.52,1
299.4948,4668,0.11383,-1.00001,0.10278,73.46,73.00,0.1392,7,64.52,1
299.5518,4669,0.11798,-1.00000,0.12863,73.07,73.00,0.1365,8,64.52,1
299.6150,4670,0.12288,-1.00000,0.15214,72.72,72.00,0.1340,8,64.52,1
299.6723,4671,0.12480,-0.99999,0.16013,72.60,72.00,0.1332,8,64.52,1
299.7282,4672,0.10374,-0.99999,0.08606,73.71,73.00,0.1410,9,64.52,1
299.7841,4673,0.09603,-0.99999,0.07428,73.89,73.00,0.1422,7,64.52,1
299.8405,4674,0.10625,-0.99999,0.12808,73.08,73.00,0.1366,8,64.52,1
299.8948,4675,0.11521,-1.00000,0.16571,72.51,72.00,0.1326,8,64.52,1
299.9501,4676,0.12199,-1.00000,0.18843,72.17,72.00,0.1302,8,64.52,1
300.0067,4677,0.12669,-1.00000,0.19985,72.00,72.00,0.1290,8,64.52,1
300.0630,4678,0.12968,-1.00000,0.20394,71.94,71.00,0.1286,8,64.52,1
300.1197,4679,0.13146,-1.00000,0.20398,71.94,71.00,0.1286,8,64.52,1
300.1766,4680,0.13277,-1.00000,0.20362,71.95,71.00,0.1286,8,64.52,1
300.2326,4681,0.12038,-1.00000,0.15581,72.66,72.00,0.1336,7,64.52,1
300.2915,4682,0.12320,-1.00000,0.17290,72.41,72.00,0.1318,8,64.52,1
300.3468,4683,0.12561,-1.00000,0.18493,72.23,72.00,0.1306,8,64.52,1
300.4029,4684,0.12798,-1.00000,0.19486,72.08,72.00,0.1295,8,64.52,1
300.4602,4685,0.12911,-1.00000,0.19900,72.02,72.00,0.1291,8,64.52,1
300.5194,4686,0.13068,-1.00000,0.20461,71.93,71.00,0.1285,8,64.52,1
300.5751,4687,0.13075,-1.00000,0.20451,71.93,71.00,0.1285,8,64.52,1
300.6324,4688,0.13054,-1.00000,0.20417,71.94,71.00,0.1286,8,64.52,1
300.6876,4689,0.12970,-1.00000,0.20233,71.97,71.00,0.1288,8,64.52,1
300.7443,4690,0.12849,-1.00000,0.20023,72.00,71.00,0.1290,8,64.52,1
300.8018,4691,0.12808,-1.00000,0.20201,71.97,71.00,0.1288,8,64.52,1
300.8602,4692,0.12838,-1.00000,0.20646,71.90,71.00,0.1283,8,64.52,1
300.9205,4693,0.11504,-1.00000,0.16248,72.56,72.00,0.1329,7,64.52,1
300.9878,4694,0.10509,-1.00000,0.14205,72.87,72.00,0.1351,7,64.52,1
301.0504,4695,0.11231,-1.00000,0.18439,72.23,72.00,0.1306,8,64.52,1
301.1108,4696,0.12701,-1.00000,0.24274,71.36,71.00,0.1245,9,64.52,1
301.1740,4697,0.13031,-1.00000,0.24932,71.26,71.00,0.1238,8,64.52,1
301.2333,4698,0.13140,-1.00000,0.24833,71.27,71.00,0.1239,8,64.52,1
301.2928,4699,0.13352,-1.00000,0.25231,71.22,71.00,0.1235,8,64.52,1
301.3496,4700,0.13375,-1.00000,0.24999,71.25,71.00,0.1238,8,64.52,1
301.4076,4701,0.13215,-1.00000,0.24261,71.36,71.00,0.1245,8,64.52,1
301.4676,4702,0.13071,-1.00000,0.23823,71.43,71.00,0.1250,8,64.52,1
301.5248,4703,0.14005,-1.00000,0.27352,70.90,70.00,0.1213,10,64.52,1
301.5838,4704,0.13628,-1.00000,0.25581,71.16,71.00,0.1231,8,64.52,1
301.6438,4705,0.13308,-1.00000,0.24504,71.32,71.00,0.1243,8,64.52,1
301.7123,4706,0.10474,-1.00000,0.15019,72.75,72.00,0.1342,9,64.52,1
301.7805,4707,0.11468,-1.00000,0.21114,71.83,71.00,0.1278,9,64.52,1
301.8416,4708,0.09439,-1.00000,0.15111,72.73,72.00,0.1341,9,64.52,1
301.9036,4709,0.10456,-1.00000,0.20901,71.86,71.00,0.1281,8,64.52,1
301.9675,4710,0.11305,-1.00000,0.24614,71.31,71.00,0.1242,8,64.52,1
302.0280,4711,0.09506,-1.00000,0.18230,72.27,72.00,0.1309,9,64.52,1
302.0882,4712,0.10647,-1.00000,0.23433,71.49,71.00,0.1254,8,64.52,1
302.1498,4713,0.11545,-1.00000,0.26576,71.01,71.00,0.1221,8,64.52,1
302.2121,4714,0.12191,-1.00000,0.28139,70.78,70.00,0.1205,8,64.52,1
302.2713,4715,0.10247,-1.00000,0.20451,71.93,71.00,0.1285,9,64.52,1
302.3295,4716,0.08820,-1.00000,0.16233,72.57,72.00,0.1330,9,64.52,1
302.3874,4717,0.07851,-1.00000,0.14412,72.84,72.00,0.1349,9,64.52,1
302.4560,4718,0.07172,-1.00000,0.14249,72.86,72.00,0.1350,9,64.52,1
302.5158,4719,0.09265,-1.00000,0.23288,71.51,71.00,0.1255,8,64.52,1
302.5754,4720,0.08412,-1.00000,0.20057,71.99,71.00,0.1289,9,64.52,1
302.6322,4721,0.10595,-1.00000,0.28093,70.79,70.00,0.1205,9,64.52,1
302.6890,4722,0.11760,-1.00000,0.30907,70.36,70.00,0.1175,8,64.52,1
302.7501,4723,0.12559,-1.00000,0.31808,70.23,70.00,0.1166,8,64.52,1
302.8098,4724,0.09295,-1.00000,0.18479,72.23,72.00,0.1306,8,64.52,1
302.8692,4725,0.10711,-1.00000,0.24536,71.32,71.00,0.1242,8,64.52,1
302.9321,4726,0.10307,-1.00000,0.22837,71.57,71.00,0.1260,7,64.52,1
302.9896,4727,0.05438,-1.00000,0.05974,74.10,74.00,0.1437,7,64.52,1
303.0474,4728,0.04053,-1.00000,0.04681,74.30,74.00,0.1451,8,64.52,1
303.1068,4729,0.03265,-1.00000,0.05754,74.14,74.00,0.1440,8,64.52,1
303.1742,4730,0.05343,-1.00000,0.16666,72.50,72.00,0.1325,7,64.52,1
303.2347,4731,0.09597,-1.00000,0.32042,70.19,70.00,0.1164,9,64.52,1
303.2962,4732,0.10119,-1.00000,0.31090,70.34,70.00,0.1174,7,64.52,1
303.3561,4733,0.10698,-1.00000,0.30809,70.38,70.00,0.1177,7,64.52,1
303.4148,4734,0.10814,-1.00000,0.29170,70.62,70.00,0.1194,7,64.52,1
303.4743,4735,0.06173,-1.00000,0.11397,73.29,73.00,0.1380,7,64.52,1
303.5343,4736,0.02772,-1.00000,0.01898,74.72,74.00,0.1480,7,64.52,1
303.5920,4737,0.00000,-1.00000,-0.02487,75.87,75.00,0.1474,7,64.52,1
303.6501,4738,0.03359,-1.00000,0.12848,73.07,73.00,0.1365,7,64.52,1
303.7099,4739,0.05856,-1.00000,0.22872,71.57,71.00,0.1260,7,64.52,1
303.7696,4740,0.08033,-1.00000,0.29496,70.58,70.00,0.1190,7,64.52,1
303.8297,4741,0.09400,-1.00000,0.31911,70.21,70.00,0.1165,7,64.52,1
303.9025,4742,0.10190,-1.00000,0.31390,70.29,70.00,0.1170,7,64.52,1
303.9638,4743,0.08709,-1.00000,0.23960,71.41,71.00,0.1248,6,64.52,1
304.0223,4744,0.07493,-1.00000,0.19174,72.12,72.00,0.1299,6,64.52,1
304.0816,4745,0.03766,-1.00000,0.06694,74.00,73.00,0.1430,7,64.52,1
304.1408,4746,0.04106,-1.00000,0.10977,73.35,73.00,0.1385,6,64.52,1
304.1975,4747,0.00000,-1.00000,0.02879,74.57,74.00,0.1470,7,64.52,1
304.2547,4748,0.02875,-1.00000,0.11766,73.24,73.00,0.1376,6,64.52,1
304.3125,4749,0.05839,-1.00000,0.23628,71.46,71.00,0.1252,7,64.52,1
304.3675,4750,0.07620,-1.00000,0.28788,70.68,70.00,0.1198,7,64.52,1
304.4234,4751,0.07458,-1.00000,0.26050,71.09,71.00,0.1226,6,64.52,1
304.4768,4752,0.08647,-1.00000,0.28892,70.67,70.00,0.1197,7,64.52,1
304.5293,4753,0.09659,-1.00000,0.30669,70.40,70.00,0.1178,7,64.52,1
304.5884,4754,0.11719,-1.00000,0.35679,69.65,69.00,0.1125,8,64.52,1
304.6427,4755,0.09993,-1.00000,0.26557,71.02,71.00,0.1221,6,64.52,1
304.6994,4756,0.11691,-1.00000,0.31588,70.26,70.00,0.1168,8,64.52,1
304.7564,4757,0.09703,-1.00000,0.22543,71.62,71.00,0.1263,6,64.52,1
304.8119,4758,0.10069,-1.00000,0.23882,71.42,71.00,0.1249,7,64.52,1
304.8680,4759,0.08264,-1.00000,0.17268,72.41,72.00,0.1319,6,64.52,1
304.9250,4760,0.07064,-1.00000,0.14202,72.87,72.00,0.1351,6,64.52,1
304.9815,4761,0.06195,-1.00000,0.12848,73.07,73.00,0.1365,6,64.52,1
305.0382,4762,0.05839,-1.00000,0.13475,72.98,72.00,0.1359,6,64.52,1
305.0957,4763,0.05406,-1.00000,0.13586,72.96,72.00,0.1357,6,64.52,1
305.1565,4764,0.07024,-1.00000,0.20881,71.87,71.00,0.1281,7,64.52,1
305.2197,4765,0.06577,-1.00000,0.19179,72.12,72.00,0.1299,6,64.52,1
305.2830,4766,0.08075,-1.00000,0.24625,71.31,71.00,0.1241,7,64.52,1
305.3393,4767,0.08803,-1.00000,0.26267,71.06,71.00,0.1224,7,64.52,1
305.3961,4768,0.09572,-1.00000,0.27779,70.83,70.00,0.1208,7,64.52,1
305.4514,4769,0.09849,-1.00000,0.27359,70.90,70.00,0.1213,7,64.52,1
305.5066,4770,0.11757,-1.00000,0.32887,70.07,70.00,0.1155,8,64.52,1
305.5641,4771,0.11454,-1.00000,0.29460,70.58,70.00,0.1191,7,64.52,1
305.6212,4772,0.09491,-1.00000,0.21060,71.84,71.00,0.1279,6,64.52,1
305.6815,4773,0.09567,-1.00000,0.21754,71.74,71.00,0.1272,7,64.52,1
305.7395,4774,0.07810,-1.00000,0.15822,72.63,72.00,0.1334,6,64.52,1
305.7988,4775,0.06767,-1.00000,0.13663,72.95,72.00,0.1357,6,64.52,1
305.8558,4776,0.06181,-1.00000,0.13416,72.99,72.00,0.1359,6,64.52,1
305.9141,4777,0.05791,-1.00000,0.13812,72.93,72.00,0.1355,6,64.52,1
305.9753,4778,0.07503,-1.00000,0.21440,71.78,71.00,0.1275,7,64.52,1
306.0349,4779,0.06908,-1.00000,0.19186,72.12,72.00,0.1299,6,64.52,1
306.0926,4780,0.06510,-1.00000,0.18109,72.28,72.00,0.1310,6,64.52,1
306.1522,4781,0.05889,-1.00000,0.16469,72.53,72.00,0.1327,6,64.52,1
306.2162,4782,0.07719,-1.00000,0.23753,71.44,71.00,0.1251,7,64.52,1
306.2746,4783,0.07051,-1.00000,0.20667,71.90,71.00,0.1283,6,64.52,1
306.3354,4784,0.06431,-1.00000,0.18437,72.23,72.00,0.1306,6,64.52,1
306.3924,4785,0.07901,-1.00000,0.23984,71.40,71.00,0.1248,7,64.52,1
306.4521,4786,0.05409,-1.00000,0.14456,72.83,72.00,0.1348,7,64.52,1
306.5107,4787,0.07002,-1.00000,0.21310,71.80,71.00,0.1276,7,64.52,1
306.5710,4788,0.09385,-1.00000,0.29390,70.59,70.00,0.1191,8,64.52,1
306.6300,4789,0.08454,-1.00000,0.24143,71.38,71.00,0.1247,6,64.52,1
306.6964,4790,0.09324,-1.00000,0.26369,71.04,71.00,0.1223,7,64.52,1
306.7610,4791,0.07595,-1.00000,0.19197,72.12,72.00,0.1298,6,64.52,1
306.8208,4792,0.06432,-1.00000,0.15664,72.65,72.00,0.1336,6,64.52,1
306.8786,4793,0.05944,-1.00000,0.15135,72.73,72.00,0.1341,6,64.52,1
306.9391,4794,0.05534,-1.00000,0.14944,72.76,72.00,0.1343,6,64.52,1
306.9981,4795,0.05618,-1.00000,0.16443,72.53,72.00,0.1327,6,64.52,1
307.0554,4796,0.05656,-1.00000,0.17341,72.40,72.00,0.1318,6,64.52,1
307.1136,4797,0.07194,-1.00000,0.23274,71.51,71.00,0.1256,7,64.52,1
307.1721,4798,0.08285,-1.00000,0.26341,71.05,71.00,0.1223,7,64.52,1
307.2313,4799,0.07616,-1.00000,0.22608,71.61,71.00,0.1263,6,64.52,1
307.2910,4800,0.08881,-1.00000,0.26557,71.02,71.00,0.1221,7,64.52,1
307.3528,4801,0.09513,-1.00000,0.27405,70.89,70.00,0.1212,7,64.52,1
307.4201,4802,0.10058,-1.00000,0.27739,70.84,70.00,0.1209,7,64.52,1
307.4817,4803,0.10146,-1.00000,0.26668,71.00,70.00,0.1220,7,64.52,1
307.5452,4804,0.10220,-1.00000,0.25856,71.12,71.00,0.1229,7,64.52,1
307.6053,4805,0.09879,-1.00000,0.23903,71.41,71.00,0.1249,7,64.52,1
307.6631,4806,0.10192,-1.00000,0.24706,71.29,71.00,0.1241,7,64.52,1
307.7206,4807,0.09999,-1.00000,0.23593,71.46,71.00,0.1252,7,64.52,1
307.7806,4808,0.09801,-1.00000,0.22717,71.59,71.00,0.1261,7,64.52,1
307.8390,4809,0.09716,-1.00000,0.22436,71.63,71.00,0.1264,7,64.52,1
307.8979,4810,0.09941,-1.00000,0.23305,71.50,71.00,0.1255,7,64.52,1
307.9564,4811,0.09755,-1.00000,0.22543,71.62,71.00,0.1263,7,64.52,1
308.0145,4812,0.09899,-1.00000,0.23107,71.53,71.00,0.1257,7,64.52,1
308.0731,4813,0.10019,-1.00000,0.23462,71.48,71.00,0.1254,7,64.52,1
308.1360,4814,0.09958,-1.00000,0.23103,71.53,71.00,0.1257,7,64.52,1
308.1923,4815,0.09906,-1.00000,0.22872,71.57,71.00,0.1260,7,64.52,1
308.2511,4816,0.09778,-1.00000,0.22428,71.64,71.00,0.1265,7,64.52,1
308.3082,4817,0.09706,-1.00000,0.22269,71.66,71.00,0.1266,7,64.52,1
308.3640,4818,0.07673,-1.00000,0.15229,72.72,72.00,0.1340,6,64.52,1
308.4200,4819,0.08237,-1.00000,0.18782,72.18,72.00,0.1303,7,64.52,1
308.4766,4820,0.08534,-1.00000,0.20570,71.91,71.00,0.1284,7,64.52,1
308.5336,4821,0.06754,-1.00000,0.14599,72.81,72.00,0.1347,6,64.52,1
308.5904,4822,0.07962,-1.00000,0.20402,71.94,71.00,0.1286,7,64.52,1
308.6457,4823,0.08914,-1.00000,0.23985,71.40,71.00,0.1248,7,64.52,1
308.7033,4824,0.07713,-1.00000,0.19195,72.12,72.00,0.1298,8,64.52,1
308.7600,4825,0.08616,-1.00000,0.22882,71.57,71.00,0.1260,7,64.52,1
308.8212,4826,0.09211,-1.00000,0.24644,71.30,71.00,0.1241,7,64.52,1
308.8788,4827,0.09755,-1.00000,0.25899,71.12,71.00,0.1228,7,64.52,1
308.9364,4828,0.10011,-1.00000,0.25921,71.11,71.00,0.1228,7,64.52,1
308.9931,4829,0.10381,-1.00000,0.26412,71.04,71.00,0.1223,7,64.52,1
309.0504,4830,0.10421,-1.00000,0.25684,71.15,71.00,0.1230,7,64.52,1
309.1082,4831,0.10429,-1.00000,0.25053,71.24,71.00,0.1237,7,64.52,1
309.1678,4832,0.08692,-1.00000,0.18452,72.23,72.00,0.1306,8,64.52,1
309.2252,4833,0.07238,-1.00000,0.14287,72.86,72.00,0.1350,8,64.52,1
309.2822,4834,0.06569,-1.00000,0.13680,72.95,72.00,0.1356,8,64.52,1
309.3391,4835,0.07686,-1.00000,0.19351,72.10,72.00,0.1297,7,64.52,1
309.3956,4836,0.08457,-1.00000,0.22516,71.62,71.00,0.1264,7,64.52,1
309.4523,4837,0.09024,-1.00000,0.24272,71.36,71.00,0.1245,7,64.52,1
309.5159,4838,0.09557,-1.00000,0.25484,71.18,71.00,0.1232,7,64.52,1
309.5725,4839,0.10104,-1.00000,0.26609,71.01,71.00,0.1221,7,64.52,1
309.6290,4840,0.10200,-1.00000,0.25972,71.10,71.00,0.1227,7,64.52,1
309.6856,4841,0.10299,-1.00000,0.25542,71.17,71.00,0.1232,7,64.52,1
309.7431,4842,0.08667,-1.00000,0.19143,72.13,72.00,0.1299,8,64.52,1
309.8006,4843,0.09001,-1.00000,0.21067,71.84,71.00,0.1279,7,64.52,1
309.8581,4844,0.09266,-1.00000,0.22288,71.66,71.00,0.1266,7,64.52,1
309.9157,4845,0.08008,-1.00000,0.17873,72.32,72.00,0.1312,8,64.52,1
309.9741,4846,0.08785,-1.00000,0.21564,71.77,71.00,0.1274,7,64.52,1
310.0315,4847,0.09307,-1.00000,0.23499,71.48,71.00,0.1253,7,64.52,1
310.0885,4848,0.09525,-1.00000,0.23953,71.41,71.00,0.1248,7,64.52,1
310.1482,4849,0.09836,-1.00000,0.24642,71.30,71.00,0.1241,7,64.52,1
310.2140,4850,0.09758,-1.00000,0.23798,71.43,71.00,0.1250,7,64.52,1
310.2772,4851,0.10036,-1.00000,0.24448,71.33,71.00,0.1243,7,64.52,1
310.3356,4852,0.09910,-1.00000,0.23609,71.46,71.00,0.1252,7,64.52,1
310.4005,4853,0.09895,-1.00000,0.23334,71.50,71.00,0.1255,7,64.52,1
310.4642,4854,0.10327,-1.00000,0.24685,71.30,71.00,0.1241,7,64.52,1
310.5237,4855,0.10541,-1.00000,0.25015,71.25,71.00,0.1237,10,64.52,1
310.5804,4856,0.12324,-1.00000,0.30793,70.38,70.00,0.1177,8,64.52,1
310.6420,4857,0.08863,-1.00000,0.16984,72.45,72.00,0.1322,9,64.52,1
310.7055,4858,0.05802,-1.00000,0.07841,73.82,73.00,0.1418,13,65.10,1
310.7672,4859,0.04687,-0.65618,0.07343,73.90,73.00,0.1423,25,63.62,1
310.8322,4860,0.05846,-0.35347,0.14754,72.79,72.00,0.1345,25,65.71,1
310.8925,4861,0.05258,-0.15502,0.14055,72.89,72.00,0.1352,25,64.92,1
310.9542,4862,-0.03934,0.26940,-0.16443,80.75,80.00,0.1327,27,65.67,1
311.0152,4863,-0.15436,0.62701,-0.48779,92.07,88.00,0.0988,26,66.90,1
311.0754,4864,-0.22504,0.94401,-0.59627,95.87,95.00,0.0874,18,69.29,1
311.1427,4865,-0.25542,1.14161,-0.53642,93.77,93.00,0.0937,16,71.95,1
311.2144,4866,-0.24002,1.23075,-0.34023,86.91,86.00,0.1143,14,74.50,1
311.2882,4867,-0.22783,1.23807,-0.21828,82.64,82.00,0.1271,16,75.93,1
311.3551,4868,-0.20049,1.19959,-0.08837,78.09,78.00,0.1407,14,78.09,1
311.4187,4869,-0.18943,1.15215,-0.04679,76.64,76.00,0.1451,13,80.51,1
311.4802,4870,-0.16629,1.10702,0.02654,74.60,74.00,0.1472,13,82.72,1
311.5401,4871,-0.14865,1.06901,0.06585,74.01,74.00,0.1431,14,84.23,1
311.6042,4872,-0.14542,1.03880,0.04548,74.32,74.00,0.1452,16,84.60,1
311.6663,4873,-0.18204,1.00801,-0.10692,78.74,78.00,0.1388,14,87.74,1
311.7250,4874,-0.15852,0.99680,-0.01615,75.57,75.00,0.1483,14,88.90,1
311.7885,4875,-0.14909,0.99053,0.00418,74.94,74.00,0.1496,14,90.57,1
311.8505,4876,-0.14007,0.98850,0.01884,74.72,74.00,0.1480,14,91.92,1
311.9133,4877,-0.13007,0.98890,0.03393,74.49,74.00,0.1464,14,93.03,1
311.9740,4878,-0.13316,0.99065,0.00163,74.98,74.00,0.1498,15,94.12,1
312.0314,4879,-0.12045,0.99280,0.03291,74.51,74.00,0.1465,14,95.21,1
312.0918,4880,-0.11145,0.99484,0.04413,74.34,74.00,0.1454,14,95.96,1
312.1521,4881,-0.10316,0.99665,0.05138,74.23,74.00,0.1446,14,96.31,1
312.2160,4882,-0.08339,0.99812,0.09699,73.55,73.00,0.1398,13,96.35,1
312.2849,4883,-0.05741,0.99922,0.15263,72.71,72.00,0.1340,13,96.44,1
312.3474,4884,-0.05764,0.99989,0.11104,73.33,73.00,0.1383,14,96.04,1
312.4088,4885,-0.04614,1.00027,0.12219,73.17,73.00,0.1372,13,95.71,1
312.4715,4886,-0.04281,1.00045,0.10382,73.44,73.00,0.1391,13,95.32,1
312.5323,4887,-0.03869,1.00048,0.09517,73.57,73.00,0.1400,13,95.49,1
312.5923,4888,-0.03660,1.00044,0.08291,73.76,73.00,0.1413,13,95.62,1
312.6524,4889,-0.03548,1.00036,0.07090,73.94,73.00,0.1426,13,95.78,1
312.7088,4890,-0.03726,1.00027,0.05302,74.20,74.00,0.1444,13,95.94,1
312.7676,4891,-0.03753,1.00019,0.04434,74.33,74.00,0.1453,13,96.04,1
312.8247,4892,-0.02627,1.00012,0.07867,73.82,73.00,0.1417,12,96.16,1
312.8811,4893,-0.03038,1.00007,0.05202,74.22,74.00,0.1445,13,96.26,1
312.9401,4894,-0.02516,1.00003,0.06425,74.04,74.00,0.1433,12,95.79,1
312.9956,4895,-0.05597,1.00000,-0.05297,76.85,76.00,0.1444,14,96.11,1
313.0576,4896,-0.06949,0.99999,-0.08337,77.92,77.00,0.1412,15,95.40,1
313.1206,4897,-0.07155,0.88221,-0.06842,77.39,77.00,0.1428,17,93.77,1
313.1816,4898,-0.07312,0.66764,-0.05795,77.03,77.00,0.1439,19,91.19,1
313.2445,4899,-0.06733,0.57128,-0.02527,75.88,75.00,0.1473,21,89.57,1
313.3065,4900,-0.03214,0.47511,0.10110,73.48,73.00,0.1394,19,87.90,1
313.3683,4901,0.00000,0.18874,0.22295,71.66,71.00,0.1266,15,86.00,1
313.4277,4902,0.07062,-0.01417,0.38665,69.20,69.00,0.1094,15,85.11,1
313.4914,4903,0.07409,-0.38746,0.31775,70.23,70.00,0.1166,15,83.37,1
313.5519,4904,0.07935,-0.49577,0.27940,70.81,70.00,0.1207,15,82.26,1
313.6111,4905,0.07120,-0.37787,0.20818,71.88,71.00,0.1281,16,80.94,1
313.6753,4906,0.05497,-0.05871,0.12551,73.12,73.00,0.1368,17,80.16,1
313.7452,4907,0.03876,0.20260,0.06375,74.04,74.00,0.1433,17,79.48,1
313.8058,4908,0.00000,0.38620,-0.01162,75.41,75.00,0.1488,17,78.30,1
313.8671,4909,0.00000,0.49841,-0.01820,75.64,75.00,0.1481,17,77.76,1
313.9316,4910,0.00000,0.59095,-0.03933,76.38,76.00,0.1459,17,76.65,1
313.9983,4911,-0.02049,0.64808,-0.05884,77.06,77.00,0.1438,17,75.67,1
314.0745,4912,-0.02697,0.67340,-0.04670,76.63,76.00,0.1451,17,74.85,1
314.1385,4913,-0.03024,0.65834,-0.03483,76.22,76.00,0.1463,17,74.06,1
314.1999,4914,-0.02058,0.61183,0.01606,74.76,74.00,0.1483,16,73.39,1
314.2661,4915,-0.02707,0.62260,0.00008,75.00,74.00,0.1500,17,72.75,1
314.3316,4916,-0.03073,0.61724,-0.00325,75.11,75.00,0.1497,17,72.20,1
314.3964,4917,-0.02380,0.58848,0.02961,74.56,74.00,0.1469,17,72.23,1
314.4581,4918,0.00000,0.54850,0.07189,73.92,73.00,0.1425,16,71.77,1
314.5195,4919,0.00000,0.53407,0.07488,73.88,73.00,0.1421,16,71.33,1
314.5823,4920,0.00000,0.51858,0.07561,73.87,73.00,0.1421,16,70.91,1
314.6503,4921,0.00000,0.50573,0.07266,73.91,73.00,0.1424,16,70.51,1
314.7137,4922,0.00000,0.49393,0.07047,73.94,73.00,0.1426,16,70.21,1
314.7740,4923,0.00000,0.45615,0.08960,73.66,73.00,0.1406,16,70.41,1
314.8336,4924,0.00000,0.51522,0.03908,74.41,74.00,0.1459,17,70.06,1
314.8918,4925,0.00000,0.52567,0.04017,74.40,74.00,0.1458,16,69.75,1
314.9519,4926,-0.02581,0.56736,-0.00812,75.28,75.00,0.1491,17,69.49,1
315.0113,4927,-0.02275,0.55805,0.01348,74.80,74.00,0.1486,16,69.23,1
315.0682,4928,0.00000,0.53799,0.04660,74.30,74.00,0.1451,16,69.00,1
315.1257,4929,-0.02964,0.57545,-0.00408,75.14,75.00,0.1496,17,68.80,1
315.1823,4930,0.00000,0.52358,0.06683,74.00,73.00,0.1430,16,69.17,1
315.2396,4931,0.00000,0.53200,0.05912,74.11,74.00,0.1438,17,69.47,1
315.2966,4932,0.00000,0.49335,0.08977,73.65,73.00,0.1406,16,69.78,1
315.3526,4933,0.00000,0.49656,0.07743,73.84,73.00,0.1419,16,69.52,1
315.4144,4934,0.00000,0.49599,0.06601,74.01,74.00,0.1431,16,69.28,1
315.4718,4935,-0.02001,0.53883,0.01081,74.84,74.00,0.1489,17,69.07,1
315.5283,4936,0.00000,0.53291,0.03515,74.47,74.00,0.1463,16,68.86,1
315.5836,4937,0.00000,0.53500,0.04257,74.36,74.00,0.1455,16,68.72,1
315.6378,4938,0.00000,0.52726,0.04900,74.26,74.00,0.1449,16,68.59,1
315.6935,4939,0.00000,0.52599,0.05142,74.23,74.00,0.1446,16,68.48,1
315.7540,4940,-0.02811,0.57327,-0.00389,75.14,75.00,0.1496,17,68.37,1
315.8148,4941,-0.03607,0.60814,-0.02354,75.82,75.00,0.1475,17,68.30,1
315.8735,4942,-0.04168,0.63265,-0.03181,76.11,76.00,0.1467,17,68.24,1
315.9329,4943,-0.03381,0.60060,0.00784,74.88,74.00,0.1492,16,68.14,1
315.9911,4944,-0.03048,0.58926,0.02232,74.67,74.00,0.1477,17,68.54,1
316.0480,4945,-0.02430,0.56039,0.04346,74.35,74.00,0.1454,16,68.43,1
316.1100,4946,0.00000,0.54029,0.07565,73.87,73.00,0.1421,16,68.36,1
316.1748,4947,-0.02755,0.56752,0.01851,74.72,74.00,0.1481,17,68.28,1
316.2347,4948,-0.02600,0.56706,0.02482,74.63,74.00,0.1474,17,68.71,1
316.2952,4949,-0.02074,0.54195,0.04250,74.36,74.00,0.1455,16,68.55,1
316.3543,4950,0.00000,0.49155,0.08995,73.65,73.00,0.1406,16,68.92,1
316.4160,4951,0.00000,0.49179,0.07868,73.82,73.00,0.1417,16,68.75,1
316.4763,4952,0.00000,0.49883,0.06466,74.03,74.00,0.1432,16,68.60,1
316.5332,4953,0.00000,0.51703,0.04973,74.25,74.00,0.1448,17,68.95,1
316.5917,4954,-0.02531,0.56279,-0.00652,75.23,75.00,0.1493,17,68.76,1
316.6492,4955,-0.02091,0.54700,0.01693,74.75,74.00,0.1482,16,68.66,1
316.7083,4956,-0.02674,0.46899,-0.00115,75.04,75.00,0.1499,17,68.84,1
316.7681,4957,-0.02668,0.46726,0.00511,74.92,74.00,0.1495,17,69.07,1
316.8260,4958,-0.02481,0.49234,0.01564,74.77,74.00,0.1484,17,69.35,1
316.8843,4959,-0.02292,0.49453,0.02365,74.65,74.00,0.1475,17,69.57,1
316.9424,4960,-0.02274,0.50912,0.02375,74.64,74.00,0.1475,17,69.73,1
317.0006,4961,0.00000,0.43371,0.07204,73.92,73.00,0.1424,17,69.89,1
317.0561,4962,0.00000,0.40646,0.08427,73.74,73.00,0.1412,16,70.04,1
317.1115,4963,0.00000,0.37121,0.05363,74.20,74.00,0.1444,17,70.13,1
317.1705,4964,0.00000,0.38935,0.04314,74.35,74.00,0.1455,17,70.21,1
317.2293,4965,-0.02326,0.32667,-0.00138,75.05,75.00,0.1499,17,70.33,1
317.2868,4966,-0.02876,0.27334,-0.01476,75.52,75.00,0.1484,17,70.41,1
317.3465,4967,-0.03306,0.25540,-0.02148,75.75,75.00,0.1477,17,70.56,1
317.4052,4968,0.00000,0.34419,0.05237,74.21,74.00,0.1445,16,70.48,1
317.4639,4969,0.00000,0.25227,0.09291,73.61,73.00,0.1402,16,70.17,1
317.5255,4970,0.07120,0.02060,0.33548,69.97,69.00,0.1148,11,69.73,1
317.5860,4971,0.05699,-0.11023,0.22010,71.70,71.00,0.1269,8,67.25,1
317.6487,4972,0.00000,-0.19981,0.03469,74.48,74.00,0.1464,7,64.27,1
317.7071,4973,0.00000,-0.30498,-0.00441,75.15,75.00,0.1495,9,62.88,1
317.7684,4974,0.00000,-0.36980,0.02499,74.63,74.00,0.1474,9,61.47,1
317.8280,4975,0.00000,-0.41756,-0.03973,76.39,76.00,0.1458,9,60.73,1
317.8869,4976,0.00000,-0.48501,-0.02229,75.78,75.00,0.1477,11,60.75,1
317.9523,4977,-0.02045,-0.52488,-0.02180,75.76,75.00,0.1477,12,60.23,1
318.0125,4978,-0.02238,-0.51951,-0.01543,75.54,75.00,0.1484,11,59.63,1
318.0737,4979,-0.03544,-0.46607,-0.05019,76.76,76.00,0.1447,9,59.51,1
318.1417,4980,-0.06329,-0.28378,-0.12827,79.49,79.00,0.1365,6,58.69,1
318.2051,4981,0.00000,-0.23329,0.11743,73.24,73.00,0.1377,10,58.12,1
318.2668,4982,0.03073,-0.23831,0.20857,71.87,71.00,0.1281,10,56.71,1
318.3295,4983,0.00000,-0.30483,0.08809,73.68,73.00,0.1408,9,55.30,1
318.3941,4984,0.00000,-0.35925,0.03634,74.45,74.00,0.1462,9,54.47,1
318.4643,4985,0.00000,-0.36193,0.07755,73.84,73.00,0.1419,9,53.49,1
318.5285,4986,-0.02342,-0.37332,-0.04447,76.56,76.00,0.1453,9,52.44,1
318.5920,4987,0.00000,-0.37926,0.02466,74.63,74.00,0.1474,6,50.96,1
318.6554,4988,-0.02837,-0.34513,-0.03845,76.35,76.00,0.1460,6,49.70,1
318.7170,4989,-0.06414,-0.25563,-0.14748,80.16,80.00,0.1345,7,47.83,1
318.7804,4990,-0.06959,-0.29759,-0.12869,79.50,79.00,0.1365,7,46.91,1
318.8409,4991,-0.07848,-0.25370,-0.13085,79.58,79.00,0.1363,7,46.29,1
318.9009,4992,-0.11160,-0.24023,-0.22011,82.70,82.00,0.1269,8,45.06,1
318.9609,4993,-0.13755,-0.33425,-0.26831,84.39,84.00,0.1218,6,45.05,1
319.0211,4994,-0.15231,-0.40499,-0.27110,84.49,84.00,0.1215,5,43.95,1
319.0797,4995,-0.10694,-0.50449,-0.06794,77.38,77.00,0.1429,8,45.40,1
319.1389,4996,-0.04745,-0.65678,0.13931,72.91,72.00,0.1354,15,47.27,1
319.2015,4997,0.00000,-0.25135,0.20956,71.86,71.00,0.1280,24,49.21,1
319.2674,4998,0.00000,0.20268,0.14982,72.75,72.00,0.1343,27,50.63,1
319.3305,4999,-0.03993,0.57674,0.02270,74.66,74.00,0.1476,27,52.85,1
319.3946,5000,-0.02911,0.79470,0.04881,74.27,74.00,0.1449,27,54.36,1
319.4571,5001,0.00000,0.84086,0.16468,72.53,72.00,0.1327,27,55.04,1
319.5205,5002,0.06756,0.68315,0.32547,70.12,70.00,0.1158,27,55.09,1
319.5912,5003,0.12564,0.31663,0.44690,68.30,68.00,0.1031,23,55.20,1
319.6563,5004,0.18689,-0.20111,0.56563,66.52,66.00,0.0906,17,55.28,1
319.7195,5005,0.19655,-0.49667,0.49284,67.61,67.00,0.0983,17,55.11,1
319.7850,5006,0.18115,-0.63331,0.35531,69.67,69.00,0.1127,16,54.62,1
319.8534,5007,0.17328,-0.67325,0.28132,70.78,70.00,0.1205,13,53.20,1
319.9158,5008,0.15519,-0.55345,0.19679,72.05,72.00,0.1293,11,51.41,1
319.9775,5009,0.08664,-0.35134,-0.04224,76.48,76.00,0.1456,7,49.24,1
320.0397,5010,0.05527,-0.22734,-0.10086,78.53,78.00,0.1394,7,49.12,1
320.1045,5011,-0.02108,-0.03445,-0.30451,85.66,85.00,0.1180,4,49.11,1
320.1778,5012,-0.08641,0.12572,-0.41763,89.62,89.00,0.1061,7,47.50,1
320.2447,5013,-0.09118,0.15084,-0.31239,85.93,85.00,0.1172,7,46.50,1
320.3092,5014,-0.10694,0.14345,-0.28499,84.97,84.00,0.1201,8,45.30,1
320.3728,5015,-0.05852,0.03158,-0.05047,76.77,76.00,0.1447,10,44.63,1
320.4416,5016,0.00000,-0.12528,0.12351,73.15,73.00,0.1370,15,43.96,1
320.5066,5017,0.04496,-0.32328,0.29324,70.60,70.00,0.1192,15,44.50,1
320.5674,5018,0.11544,-0.39808,0.47711,67.84,67.00,0.0999,17,46.01,1
320.6290,5019,0.18029,-0.54927,0.60832,65.88,65.00,0.0861,17,46.84,1
320.6902,5020,0.19637,-0.46795,0.55051,66.74,66.00,0.0922,21,48.92,1
320.7522,5021,0.21007,-0.25786,0.50657,67.40,67.00,0.0968,19,52.49,1
320.8116,5022,0.21433,-0.17534,0.44917,68.26,68.00,0.1028,19,55.73,1
320.8722,5023,0.20973,-0.26107,0.37926,69.31,69.00,0.1102,18,57.99,1
320.9369,5024,0.20359,-0.32314,0.32181,70.17,70.00,0.1162,17,59.25,1
321.0083,5025,0.21532,-0.28467,0.34243,69.86,69.00,0.1140,19,61.78,1
321.0827,5026,0.21687,-0.27924,0.32606,70.11,70.00,0.1158,17,63.90,1
321.1498,5027,0.19562,-0.23870,0.24151,71.38,71.00,0.1246,18,65.96,1
321.2122,5028,0.20843,-0.17583,0.29377,70.59,70.00,0.1192,18,68.30,1
321.2738,5029,0.18684,-0.27494,0.21732,71.74,71.00,0.1272,17,69.65,1
321.3348,5030,0.16633,-0.31321,0.16149,72.58,72.00,0.1330,15,69.66,1
321.3962,5031,0.18167,-0.42233,0.24237,71.36,71.00,0.1246,14,68.12,1
321.4560,5032,0.14266,-0.46948,0.11477,73.28,73.00,0.1379,12,66.14,1
321.5196,5033,0.14402,-0.35393,0.15757,72.64,72.00,0.1335,12,64.72,1
321.5807,5034,0.14224,-0.46312,0.17681,72.35,72.00,0.1314,10,63.69,1
321.6446,5035,0.14676,-0.50887,0.21356,71.80,71.00,0.1276,11,62.69,1
321.7129,5036,0.16135,-0.48204,0.27724,70.84,70.00,0.1209,11,61.92,1
321.7765,5037,0.16652,-0.66720,0.29351,70.60,70.00,0.1192,12,61.45,1
321.8399,5038,0.18148,-0.53519,0.34140,69.88,69.00,0.1142,10,60.34,1
321.9074,5039,0.18199,-0.45722,0.32972,70.05,70.00,0.1154,9,59.00,1
321.9806,5040,0.14769,-0.49997,0.20339,71.95,71.00,0.1286,11,57.99,1
322.0460,5041,0.11542,-0.53022,0.11517,73.27,73.00,0.1379,11,57.34,1
322.1084,5042,0.09777,-0.50860,0.09311,73.60,73.00,0.1402,14,57.59,1
322.1760,5043,0.08027,-0.30369,0.07614,73.86,73.00,0.1420,15,57.77,1
322.2491,5044,0.12285,-0.32947,0.26749,70.99,70.00,0.1219,12,58.14,1
322.3130,5045,0.11195,-0.07709,0.22502,71.62,71.00,0.1264,7,57.49,1
322.3749,5046,0.04986,-0.21180,0.01680,74.75,74.00,0.1482,6,55.69,1
322.4375,5047,-0.02494,-0.20559,-0.19127,81.69,81.00,0.1299,7,53.47,1
322.4993,5048,-0.04085,-0.32121,-0.15560,80.45,80.00,0.1337,7,52.63,1
322.5641,5049,-0.07464,-0.01133,-0.19418,81.80,81.00,0.1296,10,51.41,1
322.6275,5050,-0.12431,0.18375,-0.28759,85.07,85.00,0.1198,17,51.16,1
322.6883,5051,-0.18612,0.49969,-0.41244,89.44,89.00,0.1067,21,50.84,1
322.7501,5052,-0.22348,0.60614,-0.43322,90.16,90.00,0.1045,26,50.66,1
322.8081,5053,-0.23677,0.59184,-0.38180,88.36,88.00,0.1099,27,50.46,1
322.8735,5054,-0.25594,0.55607,-0.36019,87.61,87.00,0.1122,27,50.65,1
322.9396,5055,-0.26931,0.51088,-0.33226,86.63,86.00,0.1151,27,50.76,1
323.0045,5056,-0.26500,0.49808,-0.25879,84.06,84.00,0.1228,27,50.81,1
323.0672,5057,-0.25244,0.48383,-0.18077,81.33,81.00,0.1310,27,50.95,1
323.1273,5058,-0.26516,0.44683,-0.21216,82.43,82.00,0.1277,27,51.28,1
323.1896,5059,-0.28826,0.49752,-0.27530,84.64,84.00,0.1211,22,51.29,1
323.2509,5060,-0.30921,0.54663,-0.32115,86.24,86.00,0.1163,25,50.73,1
323.3117,5061,-0.30867,0.58726,-0.28631,85.02,85.00,0.1199,27,50.12,1
323.3752,5062,-0.24534,0.51224,-0.04318,76.51,77.00,0.1455,25,49.28,1
323.4386,5063,-0.15383,0.37690,0.24026,71.40,71.00,0.1248,25,48.22,1
323.4968,5064,-0.05522,0.33832,0.49623,67.56,67.00,0.0979,24,47.29,1
323.5567,5065,0.03129,0.19669,0.66063,65.09,65.00,0.0806,20,46.65,1
323.6170,5066,0.08733,0.02745,0.69399,64.59,64.00,0.0771,19,45.89,1
323.6773,5067,0.12468,-0.07698,0.66723,64.99,64.00,0.0799,17,44.90,1
323.7372,5068,0.15042,-0.10538,0.61977,65.70,65.00,0.0849,16,43.26,1
323.7958,5069,0.14488,-0.33966,0.48539,67.72,67.00,0.0990,16,41.57,1
323.8568,5070,0.14204,-0.38110,0.39490,69.08,69.00,0.1085,14,40.01,1
323.9168,5071,0.10470,-0.47311,0.21084,71.84,71.00,0.1279,16,39.00,1
323.9769,5072,0.05563,-0.63410,0.02922,74.56,74.00,0.1469,14,38.11,1
324.0363,5073,-0.03020,-0.85920,-0.24252,83.49,82.00,0.1245,13,37.50,1
324.0972,5074,-0.08667,-1.00505,-0.35459,87.41,87.00,0.1128,8,37.50,1
324.1610,5075,-0.16195,-0.90026,-0.51091,92.88,92.00,0.0964,8,37.50,1
324.2232,5076,-0.21850,-0.98585,-0.58086,95.33,95.00,0.0890,7,37.50,1
324.2914,5077,-0.32260,-0.57286,-0.79854,102.95,102.00,0.0662,7,37.50,1
324.3556,5078,-0.30003,-0.15278,-0.55081,94.28,94.00,0.0922,5,37.50,1
324.4210,5079,-0.25040,-0.33445,-0.28037,84.81,86.00,0.1206,6,37.50,1
324.4852,5080,-0.16668,-0.60431,0.03791,74.43,78.00,0.1460,7,37.25,1
324.5521,5081,-0.11227,-0.53367,0.17945,72.31,72.00,0.1312,10,35.76,1
324.6167,5082,-0.04449,-0.41284,0.34059,69.89,69.00,0.1142,11,34.50,1
324.6826,5083,0.00000,-0.30304,0.41197,68.82,68.00,0.1067,12,33.35,1
324.7434,5084,0.02521,-0.18061,0.37078,69.44,69.00,0.1111,12,32.30,1
324.8042,5085,0.05918,-0.19682,0.40140,68.98,68.00,0.1079,14,31.52,1
324.8656,5086,0.09824,-0.22051,0.44956,68.26,68.00,0.1028,16,31.62,1
324.9259,5087,0.10594,-0.23798,0.38675,69.20,69.00,0.1094,16,31.87,1
324.9855,5088,0.09635,-0.28233,0.28484,70.73,70.00,0.1201,13,31.13,1
325.0489,5089,0.08669,-0.21781,0.20732,71.89,71.00,0.1282,10,30.36,1
325.1122,5090,0.06321,-0.16751,0.10321,73.45,73.00,0.1392,12,29.59,1
325.1737,5091,0.03063,-0.20653,-0.00747,75.26,75.00,0.1492,14,30.89,1
325.2354,5092,0.00000,-0.17092,-0.06743,77.36,77.00,0.1429,18,32.72,1
325.2965,5093,0.00000,-0.13950,-0.02498,75.87,75.00,0.1474,16,34.61,1
325.3552,5094,0.00000,-0.13174,-0.00946,75.33,75.00,0.1490,16,35.98,1
325.4137,5095,0.00000,-0.13506,-0.00331,75.12,75.00,0.1497,16,37.26,1
325.4724,5096,0.00000,-0.13104,0.02343,74.65,74.00,0.1475,16,38.59,1
325.5316,5097,0.00000,-0.12524,0.04253,74.36,74.00,0.1455,16,39.76,1
325.5913,5098,0.02722,0.00312,0.11248,73.31,73.00,0.1382,14,40.97,1
325.6546,5099,0.00000,0.00538,0.04644,74.30,74.00,0.1451,16,42.13,1
325.7153,5100,0.00000,0.15356,0.05993,74.10,74.00,0.1437,16,43.37,1
325.7770,5101,0.02541,0.09181,0.09745,73.54,73.00,0.1398,17,44.84,1
325.8430,5102,0.00000,0.22691,0.04788,74.28,74.00,0.1450,16,45.26,1
325.9072,5103,0.02111,0.24607,0.07928,73.81,73.00,0.1417,16,46.16,1
325.9695,5104,0.00000,0.20215,0.04726,74.29,74.00,0.1450,17,46.99,1
326.0350,5105,0.00000,0.20369,0.05173,74.22,74.00,0.1446,16,47.38,1
326.1058,5106,0.02149,0.10669,0.08388,73.74,73.00,0.1412,16,48.04,1
326.1705,5107,0.00000,0.06055,0.02541,74.62,74.00,0.1473,16,48.04,1
326.2340,5108,0.00000,0.06486,0.03621,74.46,74.00,0.1462,16,48.36,1
326.2933,5109,0.00000,-0.02626,0.05875,74.12,74.00,0.1438,16,48.99,1
326.3534,5110,0.03982,0.10780,0.16108,72.58,72.00,0.1331,16,50.06,1
326.4139,5111,0.05445,0.15067,0.19320,72.10,72.00,0.1297,15,50.70,1
326.4796,5112,0.05364,0.03191,0.16443,72.53,72.00,0.1327,15,50.66,1
326.5497,5113,0.04889,-0.05403,0.13012,73.05,73.00,0.1363,15,50.86,1
326.6212,5114,0.05167,-0.09370,0.13204,73.02,73.00,0.1361,15,51.19,1
326.6869,5115,0.05473,0.06220,0.13617,72.96,72.00,0.1357,14,51.23,1
326.7527,5116,0.08531,0.03803,0.23455,71.48,71.00,0.1254,15,50.18,1
326.8161,5117,0.10488,-0.01654,0.27567,70.86,70.00,0.1211,16,48.97,1
326.8816,5118,0.11822,-0.20430,0.28796,70.68,70.00,0.1198,16,47.12,1
326.9443,5119,0.11792,-0.16903,0.25574,71.16,71.00,0.1231,16,46.49,1
327.0087,5120,0.10686,-0.11219,0.19558,72.07,72.00,0.1295,14,46.25,1
327.0726,5121,0.12404,-0.19054,0.24930,71.26,71.00,0.1238,14,44.65,1
327.1375,5122,0.12586,-0.22998,0.23897,71.42,71.00,0.1249,15,43.01,1
327.2057,5123,0.13786,-0.25626,0.26784,70.98,70.00,0.1219,16,41.74,1
327.2720,5124,0.15086,-0.21620,0.29617,70.56,70.00,0.1189,15,40.59,1
327.3364,5125,0.15269,-0.35486,0.28242,70.76,70.00,0.1203,14,39.60,1
327.4037,5126,0.15522,-0.28906,0.27632,70.86,70.00,0.1210,15,38.68,1
327.4761,5127,0.14814,-0.23888,0.24042,71.39,71.00,0.1248,15,37.95,1
327.5476,5128,0.14159,-0.19325,0.21763,71.74,71.00,0.1271,15,37.32,1
327.6128,5129,0.12665,-0.26930,0.17228,72.42,72.00,0.1319,15,36.63,1
327.6751,5130,0.11038,-0.27849,0.13172,73.02,73.00,0.1362,16,35.88,1
327.7377,5131,0.09967,-0.30623,0.11843,73.22,73.00,0.1376,16,35.14,1
327.8008,5132,0.09423,-0.33895,0.12516,73.12,73.00,0.1369,14,34.60,1
327.8693,5133,0.09471,-0.32549,0.15153,72.73,72.00,0.1341,15,34.20,1
327.9330,5134,0.09450,-0.27410,0.16656,72.50,72.00,0.1325,16,33.79,1
327.9965,5135,0.08520,-0.21247,0.14621,72.81,72.00,0.1346,17,34.53,1
328.0658,5136,0.07412,-0.03505,0.12538,73.12,73.00,0.1368,14,36.13,1
328.1319,5137,0.11808,-0.20567,0.29679,70.55,70.00,0.1188,18,36.16,1
328.1954,5138,0.13794,-0.35390,0.34691,69.80,69.00,0.1136,21,36.65,1
328.2648,5139,0.14962,-0.43185,0.35802,69.63,69.00,0.1124,20,37.24,1
328.3362,5140,0.15661,-0.46047,0.35349,69.70,69.00,0.1129,20,37.99,1
328.4152,5141,0.13022,-0.62572,0.23877,71.42,71.00,0.1249,18,39.26,1
328.4805,5142,0.09813,-0.55825,0.13701,72.94,72.00,0.1356,18,40.57,1
328.5461,5143,0.00000,-0.42032,-0.12647,79.43,79.00,0.1367,18,40.93,1
328.6128,5144,-0.03123,-0.23410,-0.19264,81.74,81.00,0.1298,14,41.54,1
328.6780,5145,-0.05211,-0.19911,-0.17256,81.04,81.00,0.1319,13,42.42,1
328.7455,5146,-0.03513,-0.18297,-0.03070,76.07,76.00,0.1468,12,42.05,1
328.8102,5147,0.00000,-0.14279,0.17629,72.36,72.00,0.1315,11,42.61,1
328.8812,5148,0.00000,-0.23419,0.15323,72.70,72.00,0.1339,12,43.08,1
328.9449,5149,0.04653,-0.38883,0.27508,70.87,70.00,0.1211,12,44.33,1
329.0082,5150,0.09811,-0.33625,0.42590,68.61,68.00,0.1053,14,45.99,1
329.0799,5151,0.11959,-0.33267,0.43467,68.48,68.00,0.1044,14,47.88,1
329.1460,5152,0.05102,0.15819,0.14309,72.85,72.00,0.1350,19,49.21,1
329.2096,5153,-0.03708,0.50190,-0.14554,80.09,80.00,0.1347,19,51.13,1
329.2827,5154,-0.11767,0.85979,-0.33592,86.76,86.00,0.1147,19,52.75,1
329.3638,5155,-0.13644,0.91484,-0.26534,84.29,84.00,0.1221,18,54.47,1
329.4304,5156,-0.05669,0.39094,0.08587,73.71,76.00,0.1410,11,54.84,1
329.4973,5157,0.00000,0.33940,0.30685,70.40,70.00,0.1178,15,56.39,1
329.5604,5158,-0.05641,0.62281,0.03290,74.51,74.00,0.1465,19,57.58,1
329.6313,5159,-0.12280,0.83439,-0.17959,81.29,81.00,0.1311,18,58.92,1
329.6960,5160,-0.16646,0.96613,-0.27072,84.48,84.00,0.1216,14,61.81,1
329.7619,5161,-0.16264,0.93022,-0.18357,81.42,81.00,0.1307,23,61.79,1
329.8271,5162,-0.15261,0.99836,-0.10180,78.56,78.00,0.1393,15,63.15,1
329.8896,5163,-0.15521,1.03421,-0.08763,78.07,78.00,0.1408,14,65.34,1
329.9520,5164,-0.12420,1.04902,0.03708,74.44,74.00,0.1461,19,65.12,1
330.0140,5165,-0.14436,1.05081,-0.04491,76.57,76.00,0.1453,15,67.48,1
330.0733,5166,-0.13554,1.04482,-0.00852,75.30,75.00,0.1491,19,67.80,1
330.1337,5167,-0.17325,1.03612,-0.14385,80.03,80.00,0.1349,13,70.62,1
330.1936,5168,-0.20639,1.02668,-0.23581,83.25,83.00,0.1252,13,70.62,1
330.2566,5169,-0.21459,1.01798,-0.22179,82.76,82.00,0.1267,11,70.62,1
330.3166,5170,-0.21361,1.01079,-0.18553,81.49,81.00,0.1305,11,70.62,1
330.3787,5171,-0.21126,1.00538,-0.15498,80.42,80.00,0.1337,11,70.62,1
330.4392,5172,-0.21508,1.00171,-0.15610,80.46,80.00,0.1336,12,70.62,1
330.4998,5173,-0.21451,0.99946,-0.14392,80.04,80.00,0.1349,12,70.62,1
330.5628,5174,-0.20914,0.99825,-0.11954,79.18,79.00,0.1374,12,70.62,1
330.6250,5175,-0.20346,0.99782,-0.10128,78.54,78.00,0.1394,12,70.62,1
330.6834,5176,-0.20363,0.99791,-0.10817,78.79,78.00,0.1386,12,70.62,1
330.7437,5177,-0.20997,0.99819,-0.13625,79.77,79.00,0.1357,12,70.62,1
330.8020,5178,-0.21563,0.99858,-0.15686,80.49,80.00,0.1335,12,70.62,1
330.8604,5179,-0.20048,0.99897,-0.10118,78.54,78.00,0.1394,11,70.62,1
330.9151,5180,-0.20532,0.99931,-0.12827,79.49,79.00,0.1365,12,70.62,1
330.9719,5181,-0.20976,0.99959,-0.14924,80.22,80.00,0.1343,12,70.62,1
331.0287,5182,-0.21183,0.99979,-0.15831,80.54,80.00,0.1334,12,70.62,1
331.0851,5183,-0.21605,0.99993,-0.17426,81.10,81.00,0.1317,12,70.62,1
331.1418,5184,-0.21835,1.00002,-0.18127,81.34,81.00,0.1310,12,70.62,1
331.1967,5185,-0.21916,1.00007,-0.18289,81.40,81.00,0.1308,12,70.62,1
331.2613,5186,-0.20106,1.00009,-0.11860,79.15,79.00,0.1375,11,70.62,1
331.3169,5187,-0.20556,1.00009,-0.14812,80.18,80.00,0.1344,12,70.62,1
331.3721,5188,-0.21043,1.00008,-0.17333,81.07,81.00,0.1318,12,70.62,1
331.4254,5189,-0.19546,1.00006,-0.12356,79.32,79.00,0.1370,11,70.62,1
331.4817,5190,-0.20040,1.00005,-0.15569,80.45,80.00,0.1337,12,70.62,1
331.5389,5191,-0.20627,1.00003,-0.18474,81.47,81.00,0.1306,12,70.62,1
331.5961,5192,-0.21066,1.00002,-0.20315,82.11,82.00,0.1287,12,70.62,1
331.6526,5193,-0.21395,1.00001,-0.21486,82.52,82.00,0.1274,12,70.62,1
331.7096,5194,-0.21552,1.00000,-0.21927,82.67,82.00,0.1270,12,70.62,1
331.7659,5195,-0.21206,1.00000,-0.20622,82.22,82.00,0.1283,12,70.62,1
331.8249,5196,-0.21321,1.00000,-0.21356,82.47,82.00,0.1276,12,70.62,1
331.8818,5197,-0.21248,1.00000,-0.21366,82.48,82.00,0.1276,12,70.62,1
331.9430,5198,-0.21393,1.00000,-0.22272,82.80,82.00,0.1266,12,70.62,1
331.9998,5199,-0.21322,1.00000,-0.22305,82.81,82.00,0.1266,12,70.62,1
332.0553,5200,-0.21432,1.00000,-0.23061,83.07,83.00,0.1258,12,70.62,1
332.1118,5201,-0.21343,1.00000,-0.23057,83.07,83.00,0.1258,12,70.62,1
332.1679,5202,-0.21411,1.00000,-0.23704,83.30,83.00,0.1251,12,70.62,1
332.2283,5203,-0.21149,1.00000,-0.23163,83.11,83.00,0.1257,12,70.62,1
332.2850,5204,-0.20862,1.00000,-0.22728,82.95,82.00,0.1261,12,70.62,1
332.3434,5205,-0.20705,1.00000,-0.22930,83.03,83.00,0.1259,12,70.62,1
332.4015,5206,-0.20710,1.00000,-0.23729,83.31,83.00,0.1251,12,70.62,1
332.4567,5207,-0.20673,1.00000,-0.24252,83.49,83.00,0.1245,12,70.62,1
332.5148,5208,-0.18940,1.00000,-0.18737,81.56,81.00,0.1303,11,70.62,1
332.5731,5209,-0.19439,1.00000,-0.22376,82.83,82.00,0.1265,13,70.62,1
332.6375,5210,-0.17212,1.00000,-0.15724,80.50,80.00,0.1335,15,72.31,1
332.7031,5211,-0.12294,0.94070,-0.01321,75.46,75.00,0.1486,21,71.47,1
332.7653,5212,-0.03535,0.78284,0.23495,71.48,71.00,0.1253,18,69.58,1
332.8314,5213,0.11027,0.35805,0.62913,65.56,65.00,0.0839,11,67.99,1
332.8922,5214,0.12819,0.20508,0.51466,67.28,67.00,0.0960,8,64.67,1
332.9552,5215,0.18335,0.04336,0.53543,66.97,66.00,0.0000,1,64.67,0
333.0179,5216,0.23411,-0.05196,0.55782,66.63,66.00,0.0000,2,63.60,0
333.0773,5217,0.27703,-0.13257,0.57652,66.35,66.00,0.0000,2,63.60,0
333.1374,5218,0.31577,-0.20532,0.59056,66.14,66.00,0.0000,2,63.60,0
333.2005,5219,0.35245,-0.27419,0.58993,66.15,66.00,0.0000,2,63.60,0
333.2668,5220,0.02891,-0.72461,-0.20706,82.25,74.00,0.1283,4,63.60,1
333.3350,5221,0.05907,-0.94147,-0.07195,77.52,77.00,0.1424,4,63.60,1
333.3966,5222,0.04028,-1.04242,-0.09803,78.43,78.00,0.1397,3,63.60,1
333.4601,5223,0.00000,-1.09466,-0.15934,80.58,80.00,0.1333,3,63.60,1
333.5211,5224,0.00000,-1.20037,-0.14614,80.11,80.00,0.0000,1,63.60,0
333.5862,5225,0.06077,-1.10064,0.10363,73.45,73.00,0.1391,4,63.60,1
333.6584,5226,0.07129,-0.19040,0.12377,73.14,73.00,0.1370,7,60.04,1
333.7222,5227,0.09520,0.19696,0.18785,72.18,72.00,0.1303,8,57.07,1
333.7841,5228,0.09463,0.10784,0.15937,72.61,72.00,0.1333,9,53.86,1
333.8462,5229,0.05211,0.05022,-0.00649,75.23,75.00,0.1493,7,51.08,1
333.9074,5230,0.07975,-0.14313,0.10851,73.37,73.00,0.1386,14,51.57,1
333.9671,5231,0.11956,-0.23177,0.24141,71.38,71.00,0.1247,13,53.45,1
334.0260,5232,0.13641,-0.12643,0.26750,70.99,70.00,0.1219,11,53.20,1
334.0849,5233,0.13044,-0.23945,0.21116,71.83,71.00,0.1278,13,53.98,1
334.1431,5234,0.12881,-0.34646,0.18549,72.22,72.00,0.1305,13,54.43,1
334.2032,5235,0.08445,-0.44607,0.01645,74.75,74.00,0.1483,12,53.40,1
334.2701,5236,0.04058,-0.38950,-0.10975,78.84,78.00,0.1385,9,52.06,1
334.3327,5237,0.00000,-0.44240,-0.16287,80.70,80.00,0.1329,10,51.87,1
334.3951,5238,0.00000,-0.71300,-0.17814,81.23,81.00,0.1313,11,53.17,1
334.4607,5239,-0.02275,-0.51578,-0.16175,80.66,80.00,0.1330,12,54.69,1
334.5340,5240,-0.05483,-0.75680,-0.21589,82.56,82.00,0.1273,12,55.86,1
334.5985,5241,-0.05659,-0.54446,-0.16639,80.82,80.00,0.1325,13,56.65,1
334.6641,5242,0.00000,-0.31466,0.02003,74.70,74.00,0.1479,12,57.14,1
334.7276,5243,0.00000,-0.35772,0.08353,73.75,73.00,0.1412,11,57.22,1
334.7928,5244,0.03781,-0.36838,0.18101,72.28,72.00,0.1310,13,56.75,1
334.8618,5245,0.08581,-0.18436,0.30650,70.40,70.00,0.1178,11,56.89,1
334.9236,5246,0.10726,-0.21604,0.32247,70.16,70.00,0.1161,11,57.05,1
334.9901,5247,0.08082,-0.15544,0.16975,72.45,72.00,0.1322,13,57.70,1
335.0523,5248,0.05683,-0.28634,0.06748,73.99,73.00,0.1429,11,58.55,1
335.1140,5249,0.03263,-0.16332,-0.01219,75.43,75.00,0.1487,11,59.82,1
335.1747,5250,0.00000,-0.15857,-0.12068,79.22,79.00,0.1373,13,60.65,1
335.2355,5251,-0.05634,0.03233,-0.25816,84.04,84.00,0.1229,13,62.06,1
335.2957,5252,-0.09792,0.08702,-0.33638,86.77,86.00,0.1147,13,63.33,1
335.3561,5253,-0.13690,0.24480,-0.39508,88.83,88.00,0.1085,12,64.24,1
335.4151,5254,-0.15080,0.45171,-0.36115,87.64,87.00,0.1121,11,65.96,1
335.4745,5255,-0.16521,0.32261,-0.34293,87.00,87.00,0.1140,14,66.58,1
335.5399,5256,-0.12999,0.18783,-0.15526,80.43,80.00,0.1337,14,67.91,1
335.6013,5257,-0.08049,0.19595,0.03135,74.53,74.00,0.1467,14,68.39,1
335.6620,5258,0.00000,0.03470,0.24853,71.27,71.00,0.1239,14,68.84,1
335.7260,5259,0.07405,0.07172,0.47220,67.92,67.00,0.1004,16,68.88,1
335.7874,5260,0.10745,0.02172,0.47484,67.88,67.00,0.1001,15,68.95,1
335.8551,5261,0.13231,0.00357,0.44811,68.28,68.00,0.1029,16,69.39,1
335.9214,5262,0.09039,-0.03167,0.20723,71.89,71.00,0.1282,13,69.18,1
335.9877,5263,0.03832,-0.06457,-0.00302,75.11,75.00,0.1497,13,70.48,1
336.0532,5264,-0.02372,0.05339,-0.19783,81.92,81.00,0.1292,14,71.58,1
336.1241,5265,-0.08727,-0.05595,-0.35114,87.29,87.00,0.1131,15,72.05,1
336.1917,5266,-0.12198,0.34131,-0.37872,88.26,88.00,0.1102,12,72.46,1
336.2594,5267,-0.13879,0.64921,-0.34793,87.18,87.00,0.1135,12,73.00,1
336.3296,5268,-0.15642,0.50886,-0.33334,86.67,86.00,0.1150,13,74.62,1
336.3963,5269,-0.09901,0.40598,-0.07647,77.68,78.00,0.1420,15,75.83,1
336.4606,5270,-0.02194,0.19982,0.18566,72.22,72.00,0.1305,15,76.55,1
336.5287,5271,0.05492,0.24625,0.38678,69.20,69.00,0.1094,15,75.38,1
336.6018,5272,0.12597,0.14473,0.52007,67.20,67.00,0.0954,17,74.28,1
336.6670,5273,0.14293,0.00659,0.45995,68.10,68.00,0.1017,17,73.10,1
336.7317,5274,0.14170,0.02485,0.36166,69.58,69.00,0.1120,17,72.87,1
336.7983,5275,0.07174,0.18309,0.05527,74.17,74.00,0.1442,19,73.46,1
336.8634,5276,0.05524,0.21599,0.00792,74.88,74.00,0.1492,15,75.39,1
336.9292,5277,0.00000,-0.02881,-0.14613,80.11,80.00,0.1347,17,76.96,1
336.9978,5278,0.00000,-0.26747,-0.14916,80.22,80.00,0.1343,16,77.84,1
337.0621,5279,-0.03579,-0.36721,-0.18161,81.36,81.00,0.1309,17,77.54,1
337.1238,5280,-0.04938,-0.39269,-0.17936,81.28,81.00,0.1312,18,77.25,1
337.1865,5281,-0.03599,-0.48745,-0.08835,78.09,78.00,0.1407,19,77.25,1
337.2488,5282,-0.02531,-0.56886,-0.02934,76.03,76.00,0.1469,18,77.10,1
337.3093,5283,0.00000,-0.58549,0.09662,73.55,73.00,0.1399,19,77.89,1
337.3718,5284,0.04946,-0.57626,0.21573,71.76,71.00,0.1273,18,79.38,1
337.4360,5285,0.05432,-0.48844,0.18570,72.21,72.00,0.1305,18,79.91,1
337.4949,5286,0.04161,-0.39108,0.10957,73.36,73.00,0.1385,20,79.45,1
337.5573,5287,0.00000,-0.37562,-0.00345,75.12,75.00,0.1496,18,79.16,1
337.6198,5288,0.00000,-0.13763,-0.06042,77.11,77.00,0.1437,16,79.79,1
337.6834,5289,0.00000,-0.17175,-0.02143,75.75,75.00,0.1478,19,80.06,1
337.7529,5290,-0.02903,-0.18014,-0.10547,78.69,78.00,0.1389,20,77.97,1
337.8194,5291,-0.05135,-0.22377,-0.15179,80.31,80.00,0.1341,20,76.14,1
337.8844,5292,-0.10049,-0.14021,-0.28347,84.92,84.00,0.1202,17,74.26,1
337.9541,5293,-0.11485,-0.06409,-0.26600,84.31,84.00,0.1221,16,71.94,1
338.0180,5294,-0.11599,-0.13374,-0.21856,82.65,82.00,0.1271,19,71.11,1
338.0809,5295,-0.07686,-0.17869,-0.04773,76.67,76.00,0.1450,19,70.86,1
338.1436,5296,-0.06242,-0.33826,-0.00193,75.07,75.00,0.1498,19,70.11,1
338.2086,5297,-0.04589,-0.41696,0.04069,74.39,74.00,0.1457,19,69.75,1
338.2722,5298,-0.02065,-0.48132,0.10528,73.42,73.00,0.1389,20,69.28,1
338.3311,5299,0.00000,-0.56575,0.12001,73.20,73.00,0.1374,19,68.80,1
338.3925,5300,0.00000,-0.62762,0.08568,73.71,73.00,0.1410,21,68.37,1
338.4546,5301,-0.04121,-0.47784,-0.05631,76.97,76.00,0.1441,21,67.35,1
338.5219,5302,0.02134,-0.60270,0.16879,72.47,72.00,0.1323,23,67.22,1
338.5897,5303,0.00000,-0.61806,0.08757,73.69,73.00,0.1408,20,66.21,1
338.6591,5304,0.03660,-0.67569,0.14858,72.77,72.00,0.1344,20,67.99,1
338.7272,5305,0.03465,-0.57254,0.10851,73.37,73.00,0.1386,20,67.91,1
338.7945,5306,0.06055,-0.62450,0.17578,72.36,72.00,0.1315,23,67.44,1
338.8617,5307,0.06554,-0.60711,0.15866,72.62,72.00,0.1333,21,66.98,1
338.9263,5308,0.06466,-0.64479,0.12952,73.06,73.00,0.1364,21,65.63,1
338.9954,5309,0.06593,-0.68676,0.11572,73.26,73.00,0.1378,21,65.21,1
339.0694,5310,0.05402,-0.63540,0.06140,74.08,74.00,0.1436,20,64.67,1
339.1372,5311,0.09062,-0.69515,0.18736,72.19,72.00,0.1303,23,64.34,1
339.2082,5312,0.08701,-0.68515,0.14758,72.79,72.00,0.1345,21,63.83,1
339.2751,5313,0.08421,-0.66092,0.12386,73.14,73.00,0.1370,21,63.68,1
339.3407,5314,0.08262,-0.64901,0.11119,73.33,73.00,0.1383,21,63.53,1
339.4130,5315,0.06106,-0.65510,0.03410,74.49,74.00,0.1464,20,63.38,1
339.4776,5316,0.06703,-0.65147,0.06895,73.97,73.00,0.1428,21,63.22,1
339.5419,5317,0.07057,-0.64310,0.08732,73.69,73.00,0.1408,21,63.08,1
339.6116,5318,0.07378,-0.65823,0.10070,73.49,73.00,0.1394,21,62.97,1
339.6740,5319,0.07673,-0.67001,0.11049,73.34,73.00,0.1384,21,62.84,1
339.7344,5320,0.07892,-0.67358,0.11617,73.26,73.00,0.1378,21,62.69,1
339.7967,5321,0.08034,-0.68315,0.11857,73.22,73.00,0.1376,21,62.62,1
339.8573,5322,0.08230,-0.67498,0.12311,73.15,73.00,0.1371,21,62.60,1
339.9158,5323,0.08148,-0.68522,0.11777,73.23,73.00,0.1376,21,62.50,1
339.9734,5324,0.08250,-0.67949,0.12060,73.19,73.00,0.1373,21,62.45,1
340.0330,5325,0.08181,-0.68150,0.11738,73.24,73.00,0.1377,21,62.41,1
340.0922,5326,0.08273,-0.67459,0.12105,73.18,73.00,0.1373,21,62.32,1
340.1563,5327,0.08344,-0.66906,0.12371,73.14,73.00,0.1370,21,62.33,1
340.2189,5328,0.08252,-0.67942,0.12064,73.19,73.00,0.1373,21,62.28,1
340.2773,5329,0.08217,-0.68793,0.12069,73.19,73.00,0.1373,21,62.19,1
340.3425,5330,0.08313,-0.68304,0.12586,73.11,73.00,0.1368,21,62.11,1
340.4013,5331,0.08358,-0.68405,0.12844,73.07,73.00,0.1365,21,62.06,1
340.4624,5332,0.08291,-0.69266,0.12700,73.09,73.00,0.1367,21,62.01,1
340.5202,5333,0.06771,-0.66554,0.07525,73.87,73.00,0.1421,20,61.53,1
340.5803,5334,0.05769,-0.64847,0.05279,74.21,74.00,0.1445,20,61.18,1
340.6393,5335,0.05405,-0.61703,0.05691,74.15,74.00,0.1440,20,61.26,1
340.6993,5336,0.04864,-0.62496,0.05305,74.20,74.00,0.1444,20,60.78,1
340.7557,5337,0.04730,-0.63075,0.06262,74.06,74.00,0.1434,20,60.46,1
340.8124,5338,0.04796,-0.63695,0.07676,73.85,73.00,0.1419,20,60.18,1
340.8704,5339,0.05070,-0.63409,0.09491,73.58,73.00,0.1400,20,60.30,1
340.9279,5340,0.05089,-0.64605,0.09992,73.50,73.00,0.1395,20,59.92,1
340.9866,5341,0.05517,-0.63536,0.11844,73.22,73.00,0.1376,20,60.13,1
341.0487,5342,0.05366,-0.66546,0.11268,73.31,73.00,0.1382,20,59.86,1
341.1069,5343,0.05905,-0.62911,0.13279,73.01,73.00,0.1361,20,60.08,1
341.1663,5344,0.05867,-0.63940,0.12870,73.07,73.00,0.1365,20,59.82,1
341.2278,5345,0.05932,-0.64554,0.12959,73.06,73.00,0.1364,20,60.00,1
341.2958,5346,0.05712,-0.65927,0.12073,73.19,73.00,0.1373,20,59.63,1
341.3569,5347,0.05939,-0.64638,0.12992,73.05,73.00,0.1364,20,59.89,1
341.4167,5348,0.06091,-0.63416,0.13487,72.98,72.00,0.1358,20,60.14,1
341.4748,5349,0.06026,-0.62670,0.13163,73.03,73.00,0.1362,20,60.33,1
341.5332,5350,0.05874,-0.63202,0.12640,73.10,73.00,0.1367,20,60.45,1
341.5914,5351,0.05799,-0.62451,0.12528,73.12,73.00,0.1368,20,60.57,1
341.6556,5352,0.05624,-0.63296,0.12131,73.18,73.00,0.1373,20,60.67,1
341.7187,5353,0.05873,-0.58786,0.13322,73.00,73.00,0.1360,20,60.82,1
341.7842,5354,0.05765,-0.59146,0.13027,73.05,73.00,0.1363,20,60.92,1
341.8443,5355,0.06008,-0.56593,0.14037,72.89,72.00,0.1353,20,61.01,1
341.9054,5356,0.05918,-0.57200,0.13700,72.94,72.00,0.1356,20,61.15,1
341.9645,5357,0.05804,-0.57917,0.13391,72.99,72.00,0.1359,20,61.19,1
342.0216,5358,0.05707,-0.58598,0.13223,73.02,73.00,0.1361,20,61.29,1
342.0794,5359,0.05597,-0.59283,0.13065,73.04,73.00,0.1363,20,61.36,1
342.1385,5360,0.05525,-0.59737,0.13091,73.04,73.00,0.1363,20,61.41,1
342.1965,5361,0.05350,-0.61013,0.12762,73.09,73.00,0.1366,20,61.53,1
342.2556,5362,0.05287,-0.61266,0.12907,73.06,73.00,0.1364,20,61.55,1
342.3132,5363,0.05248,-0.61487,0.13108,73.03,73.00,0.1362,20,61.60,1
342.3693,5364,0.05232,-0.60999,0.13343,73.00,72.00,0.1360,20,61.66,1
342.4274,5365,0.05262,-0.60570,0.13711,72.94,72.00,0.1356,20,61.69,1
342.4922,5366,0.05209,-0.60712,0.13746,72.94,72.00,0.1356,20,61.68,1
342.5532,5367,0.05190,-0.60757,0.13898,72.92,72.00,0.1354,20,61.74,1
342.6165,5368,0.05245,-0.59894,0.14297,72.86,72.00,0.1350,20,61.80,1
342.6773,5369,0.05286,-0.59154,0.14573,72.81,72.00,0.1347,20,61.84,1
342.7354,5370,0.06760,-0.62614,0.19826,72.03,72.00,0.1292,21,61.86,1
342.7926,5371,0.06366,-0.61162,0.17506,72.37,72.00,0.1316,20,61.89,1
342.8495,5372,0.05868,-0.61649,0.15382,72.69,72.00,0.1338,20,61.86,1
342.9062,5373,0.05587,-0.60502,0.14513,72.82,72.00,0.1348,20,61.86,1
342.9610,5374,0.06743,-0.63535,0.18935,72.16,72.00,0.1301,21,61.67,1
343.0181,5375,0.06348,-0.61935,0.16961,72.46,72.00,0.1322,20,61.72,1
343.0749,5376,0.05687,-0.63236,0.14530,72.82,72.00,0.1347,20,61.32,1
343.1315,5377,0.05432,-0.62838,0.14072,72.89,72.00,0.1352,20,61.37,1
343.1954,5378,0.05010,-0.64677,0.13191,73.02,73.00,0.1361,20,61.01,1
343.2569,5379,0.06616,-0.67228,0.19580,72.06,72.00,0.1294,21,61.15,1
343.3128,5380,0.06233,-0.65168,0.17656,72.35,72.00,0.1315,20,61.30,1
343.3729,5381,0.06185,-0.61388,0.17350,72.40,72.00,0.1318,20,61.37,1
343.4366,5382,0.05871,-0.60232,0.16225,72.57,72.00,0.1330,20,61.39,1
343.5024,5383,0.05608,-0.59925,0.15588,72.66,72.00,0.1336,20,61.39,1
343.5644,5384,0.05321,-0.60973,0.15004,72.75,72.00,0.1342,20,61.41,1
343.6272,5385,0.05265,-0.60835,0.15357,72.70,72.00,0.1339,20,61.43,1
343.6960,5386,0.04906,-0.63686,0.14620,72.81,72.00,0.1346,20,61.07,1
343.7619,5387,0.05448,-0.59062,0.17127,72.43,72.00,0.1320,20,61.14,1
343.8268,5388,0.05151,-0.61651,0.16168,72.57,72.00,0.1330,20,60.61,1
343.8888,5389,0.05256,-0.62086,0.16833,72.48,72.00,0.1323,20,60.51,1
343.9680,5390,0.05316,-0.63585,0.17249,72.41,72.00,0.1319,20,60.58,1
344.0476,5391,0.04233,-0.63895,0.13743,72.94,72.00,0.1356,20,60.32,1
344.1160,5392,0.04557,-0.73148,0.15755,72.64,72.00,0.1335,22,60.23,1
344.1867,5393,0.04286,-0.65145,0.15289,72.71,72.00,0.1339,20,62.05,1
344.2614,5394,0.02338,-0.65148,0.09288,73.61,73.00,0.1402,20,63.19,1
344.3293,5395,-0.02822,-0.30702,-0.06364,77.23,77.00,0.1433,15,63.07,1
344.3978,5396,-0.11928,-0.30167,-0.32121,86.24,85.00,0.1163,14,62.84,1
344.4646,5397,-0.13240,-0.21274,-0.26215,84.18,84.00,0.1225,6,58.41,1
344.5423,5398,-0.21622,-0.49198,-0.45349,90.87,90.00,0.1024,7,56.47,1
344.6023,5399,-0.25838,-0.52304,-0.47260,91.54,91.00,0.0000,2,56.47,0
344.6674,5400,-0.28557,-0.19720,-0.47100,91.49,91.00,0.1005,5,56.47,1
344.7306,5401,-0.24313,0.07823,-0.25709,84.00,83.00,0.1230,5,56.47,1
344.7922,5402,-0.25647,-0.06663,-0.27064,84.47,84.00,0.1216,4,56.47,1
344.8520,5403,-0.25968,-0.20396,-0.25101,83.79,83.00,0.1236,4,56.47,1
344.9160,5404,-0.27156,-0.21044,-0.27425,84.60,84.00,0.0000,2,56.47,0
344.9781,5405,-0.14243,0.10818,0.16179,72.57,76.00,0.1330,4,56.47,1
345.0397,5406,-0.16306,0.04725,0.02885,74.57,74.00,0.1470,4,56.47,1
345.1033,5407,-0.11720,0.02354,0.14251,72.86,72.00,0.1350,4,56.47,1
345.1705,5408,-0.12339,0.23326,0.05561,74.17,74.00,0.1442,4,56.47,1
345.2367,5409,-0.07547,0.04655,0.17942,72.31,72.00,0.1312,4,56.47,1
345.2962,5410,0.00000,0.04850,0.34370,69.84,69.00,0.1139,4,56.47,1
345.3587,5411,-0.05215,-0.16924,0.10913,73.36,73.00,0.1385,4,56.47,1
345.4209,5412,-0.12102,-0.00322,-0.16862,80.90,80.00,0.1323,4,56.47,1
345.4797,5413,-0.21353,0.44403,-0.46784,91.37,88.00,0.1009,3,56.47,1
345.5428,5414,-0.22618,0.55722,-0.42317,89.81,89.00,0.1056,5,56.47,1
345.6046,5415,-0.25447,0.68494,-0.44386,90.54,90.00,0.0000,2,56.47,0
345.6746,5416,-0.11863,0.48045,0.05111,74.23,82.00,0.1446,4,56.47,1
345.7366,5417,-0.05970,0.29660,0.19686,72.05,74.00,0.1293,4,56.47,1
345.7989,5418,0.03188,0.16288,0.42993,68.55,68.00,0.1049,8,56.47,1
345.8623,5419,0.00000,0.14361,0.24357,71.35,71.00,0.1244,7,56.47,1
345.9239,5420,-0.04633,0.08417,-0.03098,76.08,76.00,0.1467,6,57.62,1
345.9903,5421,-0.08809,0.11072,-0.18182,81.36,81.00,0.1309,7,54.93,1
346.0518,5422,-0.05133,-0.12512,-0.02656,75.93,75.00,0.1472,7,53.84,1
346.1161,5423,-0.04424,-0.20649,-0.01074,75.38,75.00,0.1489,8,51.56,1
346.1850,5424,0.00000,-0.07827,0.11955,73.21,73.00,0.1374,8,52.05,1
346.2542,5425,0.00000,0.09020,0.06933,73.96,73.00,0.1427,7,50.24,1
346.3189,5426,0.00000,-0.20010,0.06189,74.07,74.00,0.1435,10,51.22,1
346.3837,5427,0.00000,-0.23856,0.03854,74.42,74.00,0.1460,8,50.30,1
346.4560,5428,0.00000,-0.36251,0.07808,73.83,73.00,0.1418,8,51.17,1
346.5209,5429,-0.02301,-0.16498,-0.07735,77.71,77.00,0.1419,8,53.65,1
346.5919,5430,-0.04352,-0.14325,-0.13234,79.63,79.00,0.1361,7,53.95,1
346.6723,5431,-0.05237,-0.12098,-0.13301,79.66,79.00,0.1360,8,52.86,1
346.7401,5432,-0.03580,-0.18572,-0.05467,76.91,76.00,0.1443,7,52.97,1
346.8084,5433,0.00000,-0.20858,0.03613,74.46,74.00,0.1462,5,49.77,1
346.8751,5434,0.00000,-0.21681,0.03828,74.43,74.00,0.1460,6,46.90,1
346.9416,5435,-0.03631,-0.18722,-0.08579,78.00,78.00,0.1410,8,45.01,1
347.0138,5436,-0.04510,-0.29046,-0.10321,78.61,78.00,0.1392,7,43.21,1
347.0798,5437,-0.11969,-0.08654,-0.34430,87.05,86.00,0.1138,5,43.21,1
347.1474,5438,-0.16864,0.34568,-0.44484,90.57,90.00,0.1033,7,40.89,1
347.2189,5439,-0.16991,0.23896,-0.36166,87.66,87.00,0.1120,9,45.10,1
347.2835,5440,-0.17164,0.25057,-0.31535,86.04,86.00,0.1169,5,45.10,1
347.3471,5441,-0.14770,0.28546,-0.19556,81.84,81.00,0.1295,7,45.95,1
347.4174,5442,-0.09636,0.36959,-0.01107,75.39,75.00,0.1488,8,47.11,1
347.4790,5443,-0.08026,0.18388,0.01121,74.83,74.00,0.1488,10,46.40,1
347.5485,5444,0.00000,0.02317,0.21566,71.77,71.00,0.1274,10,46.92,1
347.6132,5445,0.00000,-0.10268,0.22049,71.69,71.00,0.1268,11,46.10,1
347.6827,5446,0.00000,-0.22832,0.13767,72.93,72.00,0.1355,11,45.44,1
347.7552,5447,0.02408,-0.02152,0.11214,73.32,73.00,0.1382,12,45.10,1
347.8205,5448,0.00000,-0.11978,-0.04732,76.66,76.00,0.1450,10,44.21,1
347.8893,5449,-0.05016,-0.10572,-0.17646,81.18,81.00,0.1315,10,43.96,1
347.9632,5450,-0.07603,0.05779,-0.23386,83.19,83.00,0.1254,11,44.82,1
348.0325,5451,-0.08331,0.19329,-0.21978,82.69,82.00,0.1269,10,45.74,1
348.0990,5452,-0.04666,0.24004,-0.06434,77.25,77.00,0.1432,9,46.21,1
348.1680,5453,-0.07695,0.31605,-0.17517,81.13,81.00,0.1316,8,46.07,1
348.2356,5454,-0.08273,0.14904,-0.17700,81.19,81.00,0.1314,10,44.69,1
348.2996,5455,-0.04508,0.18896,-0.03204,76.12,76.00,0.1466,10,45.74,1
348.3720,5456,-0.04347,-0.07458,-0.04594,76.61,76.00,0.1452,15,47.45,1
348.4366,5457,0.00000,-0.13901,0.06229,74.07,74.00,0.1435,13,48.88,1
348.5002,5458,0.00000,-0.30002,0.07151,73.93,73.00,0.1425,13,50.32,1
348.5702,5459,0.03070,-0.31251,0.12260,73.16,73.00,0.1371,13,51.62,1
348.6366,5460,0.04534,-0.26384,0.12951,73.06,73.00,0.1364,13,52.65,1
348.7048,5461,0.05436,-0.32160,0.11726,73.24,73.00,0.1377,13,54.23,1
348.7702,5462,0.05031,-0.25443,0.06891,73.97,73.00,0.1428,13,55.07,1
348.8330,5463,0.04356,-0.18629,0.02584,74.61,74.00,0.1473,9,53.86,1
348.8966,5464,0.04783,-0.42899,0.03183,74.52,74.00,0.1467,16,56.53,1
348.9656,5465,0.03106,-0.39498,-0.03603,76.26,76.00,0.1462,18,60.18,1
349.0281,5466,0.04618,-0.51602,0.02271,74.66,74.00,0.1476,15,61.76,1
349.0962,5467,0.06535,-0.45917,0.08211,73.77,73.00,0.1414,15,64.11,1
349.1629,5468,0.07315,-0.50833,0.09004,73.65,73.00,0.1405,16,66.17,1
349.2283,5469,0.06912,-0.59901,0.05788,74.13,74.00,0.1439,17,67.68,1
349.2943,5470,0.05089,-0.43194,-0.01413,75.49,75.00,0.1485,14,68.99,1
349.3612,5471,0.06071,-0.44465,0.02786,74.58,74.00,0.1471,15,70.26,1
349.4257,5472,0.03984,-0.38601,-0.04556,76.59,76.00,0.1452,15,71.50,1
349.4984,5473,0.02628,-0.33903,-0.07529,77.64,77.00,0.1421,15,72.61,1
349.5795,5474,0.02733,-0.20072,-0.04690,76.64,76.00,0.1451,14,73.61,1
349.6445,5475,0.03735,0.00544,-0.00111,75.04,75.00,0.1499,14,74.54,1
349.7091,5476,0.04621,0.12683,0.03072,74.54,74.00,0.1468,14,75.32,1
349.7701,5477,0.05075,0.20915,0.04146,74.38,74.00,0.1456,14,76.10,1
349.8325,5478,0.04883,0.22074,0.02814,74.58,74.00,0.1470,14,76.85,1
349.8972,5479,0.03077,-0.02060,-0.03776,76.32,76.00,0.1460,15,77.45,1
349.9581,5480,0.03665,0.01415,-0.00578,75.20,75.00,0.1494,14,77.98,1
350.0180,5481,0.03984,0.03327,0.00941,74.86,74.00,0.1490,14,78.46,1
350.0762,5482,0.03532,-0.05976,-0.00568,75.20,75.00,0.1494,15,78.88,1
350.1346,5483,0.04165,0.06311,0.02069,74.69,74.00,0.1478,14,79.37,1
350.1927,5484,0.04803,0.13482,0.04176,74.37,74.00,0.1456,14,79.73,1
350.2526,5485,0.05141,0.13373,0.04807,74.28,74.00,0.1450,14,80.00,1
350.3201,5486,0.04238,0.01333,0.00969,74.85,74.00,0.1490,14,80.27,1
350.3884,5487,0.03563,-0.08424,-0.01055,75.37,75.00,0.1489,14,80.50,1
350.4530,5488,0.04040,-0.02893,0.01331,74.80,74.00,0.1486,14,80.72,1
350.5127,5489,0.04275,0.02264,0.02312,74.65,74.00,0.1476,14,80.94,1
350.5715,5490,0.03569,-0.04951,-0.00167,75.06,75.00,0.1498,15,81.18,1
350.6304,5491,0.03688,-0.04887,0.00764,74.89,74.00,0.1492,14,81.34,1
350.6886,5492,0.03062,-0.08478,-0.01138,75.40,75.00,0.1488,14,81.54,1
350.7457,5493,0.03925,0.06156,0.02591,74.61,74.00,0.1473,14,81.75,1
350.8022,5494,0.04327,0.09574,0.03910,74.41,74.00,0.1459,14,81.87,1
350.8607,5495,0.04829,0.18991,0.05335,74.20,74.00,0.1444,14,82.01,1
350.9249,5496,0.05130,0.24581,0.05766,74.14,74.00,0.1439,14,82.16,1
350.9852,5497,0.04271,0.09923,0.02128,74.68,74.00,0.1478,14,82.20,1
351.0519,5498,0.03186,-0.08067,-0.01395,75.49,75.00,0.1485,15,82.24,1
351.1160,5499,0.02288,-0.18985,-0.03475,76.22,76.00,0.1464,15,82.36,1
351.1797,5500,0.02134,-0.19289,-0.02606,75.91,75.00,0.1473,14,82.48,1
351.2394,5501,0.02101,-0.18308,-0.01670,75.58,75.00,0.1482,14,82.59,1
351.2995,5502,0.02555,-0.11175,0.00718,74.89,74.00,0.1492,14,82.64,1
351.3597,5503,0.02983,-0.05385,0.02476,74.63,74.00,0.1474,14,82.70,1
351.4198,5504,0.03691,0.03958,0.04850,74.27,74.00,0.1449,14,82.78,1
351.4797,5505,0.03288,-0.00265,0.02848,74.57,74.00,0.1470,14,82.83,1
351.5408,5506,0.02927,-0.04329,0.01483,74.78,74.00,0.1484,14,82.86,1
351.5985,5507,0.03183,-0.01354,0.02591,74.61,74.00,0.1473,14,82.93,1
351.6584,5508,0.02918,-0.05276,0.01646,74.75,74.00,0.1483,14,82.96,1
351.7176,5509,0.02674,-0.07798,0.00990,74.85,74.00,0.1490,14,83.01,1
351.7833,5510,0.02474,-0.09405,0.00670,74.90,74.00,0.1493,14,83.02,1
351.8436,5511,0.02846,-0.04743,0.02366,74.65,74.00,0.1475,14,83.11,1
351.9046,5512,0.03239,-0.01489,0.03769,74.43,74.00,0.1460,14,83.13,1
351.9651,5513,0.03001,-0.04981,0.02689,74.60,74.00,0.1472,14,83.16,1
352.0250,5514,0.02377,-0.14269,0.00522,74.92,74.00,0.1495,15,83.19,1
352.0891,5515,0.02822,-0.08424,0.02597,74.61,74.00,0.1473,14,83.21,1
352.1570,5516,0.03250,-0.03889,0.04119,74.38,74.00,0.1457,14,83.24,1
352.2190,5517,0.02186,-0.17709,0.00163,74.98,74.00,0.1498,15,83.27,1
352.2790,5518,0.02190,-0.15997,0.00768,74.88,74.00,0.1492,14,83.32,1
352.3381,5519,0.02814,-0.08447,0.03374,74.49,74.00,0.1465,14,83.34,1
352.3965,5520,0.02643,-0.08803,0.02650,74.60,74.00,0.1472,14,83.37,1
352.4564,5521,0.03001,-0.03600,0.03963,74.41,74.00,0.1458,14,83.38,1
352.5255,5522,0.03425,0.00268,0.05200,74.22,74.00,0.1445,14,83.40,1
352.5857,5523,0.03583,0.02745,0.05320,74.20,74.00,0.1444,14,83.40,1
352.6482,5524,0.03206,-0.01828,0.03604,74.46,74.00,0.1462,14,83.37,1
352.7125,5525,0.03394,0.00341,0.04274,74.36,74.00,0.1455,14,83.38,1
352.7729,5526,0.03087,-0.04360,0.03101,74.53,74.00,0.1467,14,83.37,1
352.8360,5527,0.03699,0.03904,0.05408,74.19,74.00,0.1443,14,83.35,1
352.8980,5528,0.03179,-0.01093,0.03279,74.51,74.00,0.1466,14,83.39,1
352.9619,5529,0.03740,0.06660,0.05430,74.19,74.00,0.1443,14,83.40,1
353.0231,5530,0.03218,0.00365,0.03352,74.50,74.00,0.1465,14,83.41,1
353.0886,5531,0.03301,0.00869,0.03881,74.42,74.00,0.1459,14,83.36,1
353.1606,5532,0.04169,0.12403,0.07003,73.95,73.00,0.1426,14,83.34,1
353.2243,5533,0.04056,0.09369,0.06083,74.09,74.00,0.1436,14,83.34,1
353.2965,5534,0.03806,0.06990,0.04930,74.26,74.00,0.1448,14,83.34,1
353.3638,5535,0.03231,-0.01310,0.03004,74.55,74.00,0.1468,14,83.34,1
353.4348,5536,0.03883,0.05784,0.05752,74.14,74.00,0.1440,14,83.35,1
353.5143,5537,0.03273,-0.02075,0.03534,74.47,74.00,0.1463,14,83.32,1
353.5775,5538,0.03287,-0.01480,0.03954,74.41,74.00,0.1458,14,83.35,1
353.6414,5539,0.02146,-0.18073,0.00327,74.95,74.00,0.1497,15,83.38,1
353.7032,5540,0.02655,-0.11908,0.03135,74.53,74.00,0.1467,14,83.39,1
353.7678,5541,0.02506,-0.12626,0.03014,74.55,74.00,0.1468,14,83.38,1
353.8393,5542,0.02849,-0.06982,0.04642,74.30,74.00,0.1451,14,83.37,1
353.9026,5543,0.03253,-0.01960,0.06064,74.09,74.00,0.1436,14,83.39,1
353.9645,5544,0.03057,-0.05215,0.05134,74.23,74.00,0.1446,14,83.39,1
354.0306,5545,0.03701,0.03925,0.07348,73.90,73.00,0.1423,14,83.40,1
354.1040,5546,0.03788,0.04653,0.07105,73.93,73.00,0.1425,14,83.40,1
354.1648,5547,0.04255,0.10126,0.08377,73.74,73.00,0.1412,14,83.43,1
354.2251,5548,0.04071,0.07536,0.07206,73.92,73.00,0.1424,14,83.44,1
354.2858,5549,0.04083,0.05435,0.07013,73.95,73.00,0.1426,14,83.43,1
354.3451,5550,0.03833,0.03784,0.05989,74.10,74.00,0.1437,14,83.46,1
354.4035,5551,0.04151,0.08219,0.07206,73.92,73.00,0.1424,14,83.47,1
354.4650,5552,0.04395,0.11071,0.07923,73.81,73.00,0.1417,14,83.48,1
354.5260,5553,0.04138,0.07239,0.06764,73.99,73.00,0.1429,14,83.49,1
354.5855,5554,0.04345,0.10106,0.07529,73.87,73.00,0.1421,14,83.50,1
354.6458,5555,0.04142,0.06108,0.06718,73.99,73.00,0.1429,14,83.48,1
354.7080,5556,0.04268,0.09441,0.07267,73.91,73.00,0.1424,14,83.52,1
354.7715,5557,0.05904,-0.01229,0.12991,73.05,73.00,0.1364,15,83.54,1
354.8393,5558,0.05526,0.04931,0.10395,73.44,73.00,0.1391,14,83.56,1
354.9012,5559,0.06713,-0.03608,0.14024,72.90,72.00,0.1353,15,83.59,1
354.9637,5560,0.05606,-0.02919,0.09005,73.65,73.00,0.1405,14,83.54,1
355.0299,5561,0.05128,0.03375,0.07376,73.89,73.00,0.1423,14,83.54,1
355.0924,5562,0.04792,0.07894,0.06625,74.01,74.00,0.1430,14,83.50,1
355.1538,5563,0.04604,0.12201,0.06535,74.02,74.00,0.1431,14,83.48,1
355.2173,5564,0.04855,0.18559,0.07996,73.80,73.00,0.1416,14,83.45,1
355.2771,5565,0.04620,0.17646,0.07415,73.89,73.00,0.1422,14,83.40,1
355.3363,5566,0.03712,0.17676,0.04601,74.31,74.00,0.1452,15,82.97,1
355.4005,5567,0.04026,0.11849,0.06729,73.99,73.00,0.1429,14,83.17,1
355.4718,5568,0.03070,0.02363,0.03957,74.41,74.00,0.1458,16,82.72,1
355.5363,5569,0.02790,0.22266,0.04062,74.39,74.00,0.1457,12,79.59,1
355.6045,5570,0.00000,0.13595,-0.09456,78.31,78.00,0.1401,6,79.59,1
355.6685,5571,0.00000,-0.39043,-0.00054,75.02,75.00,0.1499,3,79.59,1
355.7318,5572,0.00000,-0.54600,-0.01857,75.65,75.00,0.0000,0,79.59,0
355.7927,5573,0.00000,-0.63746,-0.03622,76.27,76.00,0.0000,0,79.59,0
355.8535,5574,0.00000,-0.71946,-0.03486,76.22,76.00,0.0000,0,79.59,0
355.9166,5575,0.00000,-0.79570,-0.03137,76.10,76.00,0.0000,0,79.59,0
355.9799,5576,-0.02144,-0.86504,-0.04659,76.63,76.00,0.0000,0,79.59,0
356.0406,5577,-0.02457,-0.92506,-0.04644,76.63,76.00,0.0000,0,79.59,0
356.1032,5578,-0.02746,-0.98034,-0.04637,76.62,76.00,0.0000,0,79.59,0
356.1640,5579,-0.02996,-1.02840,-0.04623,76.62,76.00,0.0000,0,79.59,0
356.2281,5580,-0.03238,-1.07482,-0.04625,76.62,76.00,0.0000,0,79.59,0
356.3000,5581,-0.03478,-1.12072,-0.04644,76.63,76.00,0.0000,0,79.59,0
356.3659,5582,-0.03679,-1.15932,-0.04650,76.63,76.00,0.0000,0,79.59,0
356.4286,5583,-0.03851,-1.19222,-0.04647,76.63,76.00,0.0000,0,79.59,0
356.4852,5584,-0.03990,-1.21899,-0.04631,76.62,76.00,0.0000,0,79.59,0
356.5448,5585,-0.04121,-1.24401,-0.04621,76.62,76.00,0.0000,0,79.59,0
356.6045,5586,-0.04240,-1.26686,-0.04614,76.61,76.00,0.0000,0,79.59,0
356.6632,5587,-0.04346,-1.28707,-0.04606,76.61,76.00,0.0000,0,79.59,0
356.7237,5588,-0.04442,-1.30558,-0.04600,76.61,76.00,0.0000,0,79.59,0
356.7801,5589,-0.04525,-1.32140,-0.04591,76.61,76.00,0.0000,0,79.59,0
356.8381,5590,-0.04600,-1.33591,-0.04584,76.60,76.00,0.0000,0,79.59,0
356.8952,5591,-0.04667,-1.34876,-0.04577,76.60,76.00,0.0000,0,79.59,0
356.9517,5592,-0.04727,-1.36015,-0.04569,76.60,76.00,0.0000,1,79.59,0
357.0080,5593,-0.04780,-1.37044,-0.04563,76.60,76.00,0.0000,0,79.59,0
357.0661,5594,-0.04830,-1.38002,-0.04559,76.60,76.00,0.0000,0,79.59,0
357.1237,5595,-0.04874,-1.38846,-0.04554,76.59,76.00,0.0000,0,79.59,0
357.1812,5596,-0.04915,-1.39616,-0.04550,76.59,76.00,0.0000,0,79.59,0
357.2377,5597,0.00000,0.00000,0.00000,75.00,75.00,0.0000,0,79.59,0
357.2939,5598,0.00000,0.00000,0.00000,75.00,75.00,0.0000,1,79.59,0
357.3492,5599,0.00000,0.00000,0.00000,75.00,75.00,0.0000,0,79.59,0
357.4071,5600,0.00000,0.00000,0.00000,75.00,75.00,0.0000,1,79.59,0
357.4631,5601,0.00000,0.00000,0.00000,75.00,75.00,0.0000,0,79.59,0
357.5200,5602,0.00000,0.00000,0.00000,75.00,75.00,0.0000,1,79.59,0
357.5760,5603,0.00000,0.00000,0.00000,75.00,75.00,0.0000,1,79.59,0
357.6319,5604,0.00000,0.00000,0.00000,75.00,75.00,0.0000,0,79.59,0
357.6874,5605,0.00000,0.00000,0.00000,75.00,75.00,0.0000,0,79.59,0
357.7446,5606,0.00000,0.00000,0.00000,75.00,75.00,0.0000,0,79.59,0
357.8008,5607,0.00000,0.00000,0.00000,75.00,75.00,0.0000,1,79.59,0
357.8569,5608,0.00000,0.00000,0.00000,75.00,75.00,0.0000,1,79.59,0
357.9128,5609,0.00000,0.00000,0.00000,75.00,75.00,0.0000,0,79.59,0
357.9672,5610,0.00000,0.00000,0.00000,75.00,75.00,0.0000,1,79.59,0
358.0241,5611,0.00000,0.00000,0.00000,75.00,75.00,0.0000,0,79.59,0
358.0819,5612,0.00000,0.00000,0.00000,75.00,75.00,0.0000,0,79.59,0
358.1391,5613,0.00000,0.00000,0.00000,75.00,75.00,0.0000,0,79.59,0
358.1995,5614,0.00000,0.00000,0.00000,75.00,75.00,0.0000,1,79.59,0
358.2582,5615,0.00000,0.00000,0.00000,75.00,75.00,0.0000,0,79.59,0
358.3165,5616,0.00000,0.00000,0.00000,75.00,75.00,0.0000,1,79.59,0
358.3766,5617,0.00000,0.00000,0.00000,75.00,75.00,0.0000,0,79.59,0
358.4399,5618,0.00000,0.00000,0.00000,75.00,75.00,0.0000,0,79.59,0
358.4999,5619,0.00000,0.00000,0.00000,75.00,75.00,0.0000,0,79.59,0
358.5635,5620,0.00000,0.00000,0.00000,75.00,75.00,0.0000,0,79.59,0
358.6281,5621,0.00000,0.00000,0.00000,75.00,75.00,0.0000,0,79.59,0
358.6944,5622,0.11512,-0.97101,0.10599,73.41,73.00,0.1389,3,79.59,1
358.7691,5623,0.06218,-0.73727,-0.02278,75.80,75.00,0.1476,4,77.33,1
358.8342,5624,0.00000,-0.60582,-0.26991,84.45,83.00,0.1217,5,74.60,1
358.8989,5625,-0.06663,-0.08608,-0.38049,88.32,88.00,0.1100,6,72.14,1
358.9640,5626,-0.10538,0.14587,-0.38387,88.44,88.00,0.0000,2,70.62,0
359.0320,5627,-0.06352,0.13456,-0.15992,80.60,80.00,0.1332,4,68.36,1
359.1054,5628,-0.10146,-0.46619,-0.25126,83.79,83.00,0.1236,3,68.36,1
359.1708,5629,-0.18059,0.20190,-0.46705,91.35,91.00,0.1010,4,68.36,1
359.2330,5630,-0.21335,0.62707,-0.49552,92.34,92.00,0.0980,3,68.36,1
359.3028,5631,-0.22479,0.91546,-0.44360,90.53,90.00,0.1034,4,68.36,1
359.3662,5632,-0.20527,1.07103,-0.31229,85.93,85.00,0.1172,3,68.36,1
359.4364,5633,-0.08564,1.15257,0.13213,73.02,77.00,0.1361,4,68.36,1
359.5002,5634,0.08471,0.70199,0.64825,65.28,69.00,0.0819,12,68.07,1
359.5685,5635,0.16039,0.34399,0.72117,64.18,64.00,0.0743,9,64.17,1
359.6411,5636,0.14429,0.58899,0.46694,68.00,67.00,0.1010,6,64.17,1
359.7063,5637,0.27329,0.77780,0.80282,62.96,62.00,0.0657,3,64.17,1
359.7708,5638,0.31394,0.26806,0.77646,63.35,63.00,0.0685,5,64.17,1
359.8360,5639,0.16875,0.29712,0.12691,73.10,71.00,0.1367,7,64.17,1
359.9023,5640,0.05630,-0.34634,-0.25104,83.79,79.00,0.1236,6,62.05,1
359.9648,5641,0.05812,-0.77374,-0.15491,80.42,80.00,0.1337,4,62.05,1
360.0311,5642,0.00000,-0.66605,-0.29354,85.27,85.00,0.1192,12,63.29,1
360.1075,5643,-0.02825,-0.61789,-0.28162,84.86,84.00,0.1204,8,59.12,1
360.1723,5644,-0.06129,-0.05490,-0.31710,86.10,86.00,0.1167,7,58.07,1
360.2380,5645,-0.07254,-0.13741,-0.27595,84.66,84.00,0.1210,9,60.81,1
360.3050,5646,-0.08380,0.04193,-0.24987,83.75,83.00,0.1238,7,60.93,1
360.3770,5647,-0.09989,-0.26265,-0.24830,83.69,83.00,0.1239,7,61.24,1
360.4432,5648,-0.12811,-0.30805,-0.29889,85.46,85.00,0.1186,10,61.58,1
360.5059,5649,-0.15360,-0.25973,-0.33610,86.76,86.00,0.1147,12,62.02,1
360.5716,5650,-0.13363,-0.24137,-0.21179,82.41,82.00,0.1278,14,60.68,1
360.6381,5651,-0.09794,-0.27539,-0.06574,77.30,77.00,0.1431,12,59.33,1
360.7084,5652,-0.02401,-0.09616,0.17473,72.38,72.00,0.1317,10,56.73,1
360.7735,5653,0.00000,0.22487,0.14204,72.87,72.00,0.1351,10,57.69,1
360.8345,5654,-0.05978,0.29736,-0.05931,77.08,77.00,0.1438,12,57.90,1
360.8975,5655,-0.09661,0.00291,-0.19141,81.70,81.00,0.1299,8,57.34,1
360.9645,5656,-0.10854,0.43254,-0.20730,82.26,82.00,0.1282,8,57.18,1
361.0284,5657,-0.11889,0.41777,-0.21829,82.64,82.00,0.1271,11,56.99,1
361.0918,5658,-0.12100,0.43703,-0.20130,82.05,82.00,0.1289,10,58.11,1
361.1603,5659,-0.12150,0.16546,-0.18383,81.43,81.00,0.1307,9,58.98,1
361.2227,5660,-0.11570,0.52756,-0.15245,80.34,80.00,0.1340,8,60.25,1
361.2880,5661,-0.14662,0.21986,-0.25628,83.97,83.00,0.1231,9,59.55,1
361.3495,5662,-0.15590,0.00085,-0.26427,84.25,84.00,0.1223,11,59.52,1
361.4157,5663,-0.14371,0.03811,-0.19815,81.94,81.00,0.1292,12,58.79,1
361.4847,5664,-0.07655,0.12912,0.03989,74.40,74.00,0.1458,11,57.91,1
361.5518,5665,0.00000,0.38705,0.27754,70.84,70.00,0.1209,9,56.78,1
361.6129,5666,0.07411,0.35615,0.41576,68.76,68.00,0.1063,13,56.13,1
361.6714,5667,0.12734,0.07042,0.49250,67.61,67.00,0.0983,7,55.04,1
361.7324,5668,0.15304,-0.07873,0.46151,68.08,68.00,0.1015,9,54.26,1
361.7918,5669,0.11986,-0.02725,0.24375,71.34,71.00,0.1244,10,53.95,1
361.8527,5670,0.03286,-0.01474,-0.11097,78.88,78.00,0.1383,11,54.18,1
361.9150,5671,-0.06345,0.15183,-0.41673,89.59,86.00,0.1062,10,55.21,1
361.9775,5672,-0.11163,0.18426,-0.48994,92.15,92.00,0.0986,12,56.91,1
362.0383,5673,-0.12997,0.02749,-0.45397,90.89,90.00,0.1023,9,58.90,1
362.1014,5674,-0.15416,0.07616,-0.45129,90.79,90.00,0.1026,9,59.77,1
362.1635,5675,-0.16251,0.18906,-0.40384,89.13,89.00,0.1076,13,61.71,1
362.2289,5676,-0.14262,-0.01636,-0.27190,84.52,84.00,0.1215,14,61.46,1
362.2980,5677,-0.04876,0.26387,0.08006,73.80,76.00,0.1416,14,59.16,1
362.3643,5678,0.07279,0.14510,0.44252,68.36,68.00,0.1035,13,59.10,1
362.4271,5679,0.11957,0.33587,0.47865,67.82,67.00,0.0997,12,59.54,1
362.4900,5680,0.13203,0.67001,0.39873,69.02,69.00,0.1081,8,58.79,1
362.5521,5681,0.17081,0.72730,0.43971,68.40,68.00,0.1038,10,57.16,1
362.6159,5682,0.21598,0.77059,0.49883,67.52,67.00,0.0976,12,57.94,1
362.6779,5683,0.19533,0.53873,0.32859,70.07,70.00,0.1155,12,57.99,1
362.7409,5684,0.18479,0.28660,0.23822,71.43,71.00,0.1250,10,57.29,1
362.8032,5685,0.12763,0.11242,0.01124,74.83,74.00,0.1488,10,55.78,1
362.8682,5686,0.05153,-0.17650,-0.22819,82.99,82.00,0.1260,11,55.13,1
362.9387,5687,0.00000,0.05917,-0.33202,86.62,86.00,0.1151,11,54.97,1
362.9997,5688,-0.05670,0.22201,-0.43134,90.10,90.00,0.1047,13,55.76,1
363.0637,5689,-0.11297,0.40355,-0.51993,93.20,93.00,0.0954,12,56.75,1
363.1252,5690,-0.14930,0.35973,-0.53477,93.72,93.00,0.0938,15,58.26,1
363.1876,5691,-0.12998,0.25032,-0.36039,87.61,87.00,0.1122,15,59.38,1
363.2492,5692,-0.05920,-0.03837,-0.05319,76.86,79.00,0.1444,13,60.10,1
363.3133,5693,0.05266,-0.00790,0.32480,70.13,71.00,0.1159,13,61.42,1
363.3754,5694,0.14783,-0.00542,0.56577,66.51,66.00,0.0906,17,62.88,1
363.4424,5695,0.16408,0.01319,0.47540,67.87,67.00,0.1001,13,63.31,1
363.5043,5696,0.16951,-0.00768,0.39301,69.10,69.00,0.1087,14,63.41,1
363.5673,5697,0.15870,-0.19794,0.27874,70.82,70.00,0.1207,13,64.11,1
363.6300,5698,0.16939,-0.11961,0.27077,70.94,70.00,0.1216,15,65.14,1
363.6922,5699,0.15085,-0.29063,0.16803,72.48,72.00,0.1324,12,64.84,1
363.7561,5700,0.11896,-0.17507,0.04487,74.33,74.00,0.1453,12,63.44,1
363.8214,5701,0.06118,0.15230,-0.13864,79.85,79.00,0.1354,12,64.14,1
363.8884,5702,-0.04422,0.19915,-0.44415,90.55,87.00,0.1034,13,65.16,1
363.9492,5703,-0.11608,0.21289,-0.58052,95.32,95.00,0.0890,11,65.82,1
364.0083,5704,-0.16258,0.37074,-0.61375,96.48,96.00,0.0856,11,65.88,1
364.0672,5705,-0.16974,0.47368,-0.51297,92.95,92.00,0.0961,12,66.89,1
364.1265,5706,-0.16492,0.36183,-0.40077,89.03,89.00,0.1079,15,67.98,1
364.1843,5707,-0.05252,0.16962,0.05757,74.14,81.00,0.1440,17,68.62,1
364.2439,5708,0.05168,0.16686,0.38740,69.19,73.00,0.1093,13,67.95,1
364.3037,5709,0.09918,-0.00089,0.45047,68.24,68.00,0.1027,11,64.31,1
364.3628,5710,0.08307,0.34210,0.28593,70.71,70.00,0.1200,10,63.32,1
364.4223,5711,0.00000,0.36758,-0.10465,78.66,78.00,0.1390,9,63.54,1
364.4814,5712,-0.04854,0.66956,-0.21794,82.63,82.00,0.1271,9,64.06,1
364.5412,5713,-0.08024,0.63194,-0.28572,85.00,85.00,0.1200,10,63.01,1
364.5977,5714,-0.09254,0.83054,-0.27780,84.72,84.00,0.1208,9,63.19,1
364.6577,5715,-0.09728,0.96722,-0.24605,83.61,83.00,0.1242,9,62.61,1
364.7165,5716,-0.06544,1.04685,-0.09729,78.41,78.00,0.1398,8,62.74,1
364.7772,5717,-0.07936,1.08729,-0.14371,80.03,80.00,0.1349,11,62.40,1
364.8394,5718,-0.09409,1.09878,-0.18337,81.42,81.00,0.1307,11,63.16,1
364.9005,5719,-0.10775,0.99368,-0.21239,82.43,82.00,0.1277,12,65.66,1
364.9645,5720,-0.09710,0.91154,-0.15156,80.30,80.00,0.1341,12,67.92,1
365.0229,5721,-0.08955,0.70272,-0.11829,79.14,79.00,0.1376,12,72.43,1
365.0840,5722,-0.10370,0.32268,-0.16871,80.90,80.00,0.1323,16,72.47,1
365.1456,5723,-0.10286,-0.05689,-0.15647,80.48,80.00,0.1336,13,73.19,1
365.2074,5724,-0.07707,-0.30466,-0.06087,77.13,77.00,0.1436,15,75.75,1
365.2663,5725,-0.06767,-0.69384,-0.04357,76.52,76.00,0.1454,11,76.25,1
365.3268,5726,-0.04979,-0.84648,0.00037,74.99,74.00,0.1500,12,78.44,1
365.3878,5727,-0.03514,-0.87222,0.02483,74.63,74.00,0.1474,14,79.44,1
365.4481,5728,0.00000,-0.87207,0.06936,73.96,73.00,0.1427,15,81.75,1
365.5098,5729,0.00000,-0.91137,0.12377,73.14,73.00,0.1370,14,83.18,1
365.5749,5730,0.02636,-0.74978,0.12218,73.17,73.00,0.1372,16,84.24,1
365.6386,5731,0.02867,-0.57121,0.08678,73.70,73.00,0.1409,16,87.39,1
365.7000,5732,0.00000,-0.43531,0.00369,74.94,74.00,0.1496,17,88.51,1
365.7638,5733,0.02736,-0.19173,0.03643,74.45,74.00,0.1462,16,88.05,1
365.8262,5734,0.00000,-0.26539,-0.06154,77.15,77.00,0.1435,15,88.28,1
365.8877,5735,-0.02042,-0.31633,-0.14201,79.97,79.00,0.1351,15,89.20,1
365.9492,5736,-0.02787,-0.22535,-0.14514,80.08,80.00,0.1348,17,88.62,1
366.0179,5737,-0.03892,-0.42389,-0.16015,80.61,80.00,0.1332,13,87.90,1
366.0797,5738,-0.05140,-0.46673,-0.18122,81.34,81.00,0.1310,16,87.67,1
366.1446,5739,-0.06901,-0.45974,-0.21648,82.58,82.00,0.1273,17,89.02,1
366.2143,5740,-0.04565,-0.34780,-0.10285,78.60,78.00,0.1392,15,88.56,1
366.2799,5741,-0.04418,-0.54197,-0.09513,78.33,78.00,0.1400,16,90.38,1
366.3519,5742,0.00000,-0.78718,0.03684,74.45,74.00,0.1461,14,90.67,1
366.4307,5743,0.00000,-0.95547,0.06978,73.95,73.00,0.1427,14,91.33,1
366.4999,5744,0.02696,-1.04161,0.07674,73.85,73.00,0.1419,12,91.40,1
366.5673,5745,0.00000,-0.79780,-0.04272,76.50,76.00,0.1455,11,91.83,1
366.6332,5746,-0.05238,-0.68488,-0.22827,82.99,82.00,0.1260,10,88.02,1
366.6981,5747,0.00000,-0.64993,0.01300,74.80,74.00,0.1486,16,94.12,1
366.7645,5748,0.00000,-0.76829,0.00615,74.91,74.00,0.1494,15,90.25,1
366.8250,5749,0.03170,-0.83798,0.06218,74.07,74.00,0.1435,15,89.13,1
366.8839,5750,0.06672,-0.92499,0.16055,72.59,72.00,0.1331,11,89.12,1
366.9444,5751,0.05772,-0.98013,0.08644,73.70,73.00,0.1409,12,88.82,1
367.0085,5752,0.08074,-1.01753,0.14148,72.88,72.00,0.1351,14,87.19,1
367.0762,5753,0.03424,-0.96315,-0.05628,76.97,76.00,0.1441,13,85.55,1
367.1369,5754,0.05653,-0.94076,0.03276,74.51,74.00,0.1466,12,85.76,1
367.1975,5755,0.05110,-0.55752,0.00646,74.90,74.00,0.1493,15,86.46,1
367.2584,5756,0.10871,-0.45333,0.20649,71.90,71.00,0.1283,17,87.50,1
367.3197,5757,0.13022,-0.37069,0.23886,71.42,71.00,0.1249,16,87.62,1
367.3821,5758,0.14653,-0.23857,0.24891,71.27,71.00,0.1239,17,87.90,1
367.4452,5759,0.13914,-0.27054,0.17869,72.32,72.00,0.1312,15,87.13,1
367.5099,5760,0.14571,-0.02554,0.17647,72.35,72.00,0.1315,17,86.33,1
367.5813,5761,0.10510,0.11204,0.01325,74.80,74.00,0.1486,16,85.58,1
367.6439,5762,0.06761,0.22259,-0.09880,78.46,78.00,0.1396,16,84.44,1
367.7073,5763,0.03193,0.26834,-0.18182,81.36,81.00,0.1309,17,82.77,1
367.7690,5764,0.00000,0.44468,-0.22079,82.73,82.00,0.1268,16,81.09,1
367.8357,5765,-0.03489,0.59708,-0.29714,85.40,85.00,0.1188,16,79.25,1
367.8950,5766,-0.06152,0.56325,-0.32282,86.30,86.00,0.1161,17,77.78,1
367.9570,5767,-0.04007,0.54725,-0.17771,81.22,81.00,0.1313,16,76.52,1
368.0175,5768,0.00000,0.20748,-0.00891,75.31,75.00,0.1491,15,75.55,1
368.0776,5769,0.04473,-0.02263,0.14609,72.81,72.00,0.1347,16,75.23,1
368.1358,5770,0.07984,-0.15028,0.23306,71.50,71.00,0.1255,17,75.71,1
368.1969,5771,0.11859,-0.47501,0.31498,70.28,70.00,0.1169,19,75.85,1
368.2574,5772,0.12101,-0.59539,0.25784,71.13,71.00,0.1229,21,76.25,1
368.3168,5773,0.13967,-0.45149,0.27647,70.85,70.00,0.1210,17,76.23,1
368.3837,5774,0.12478,-0.26433,0.17262,72.41,72.00,0.1319,16,76.41,1
368.4564,5775,0.10435,-0.06685,0.07866,73.82,73.00,0.1417,16,76.78,1
368.5294,5776,0.08009,0.02967,-0.00131,75.05,75.00,0.1499,18,76.29,1
368.5984,5777,0.04762,0.19123,-0.09019,78.16,78.00,0.1405,16,75.17,1
368.6718,5778,0.00000,0.45590,-0.17057,80.97,80.00,0.1321,16,74.15,1
368.7501,5779,-0.02753,0.50886,-0.24402,83.54,83.00,0.1244,17,73.47,1
368.8168,5780,-0.05440,0.54659,-0.27181,84.51,84.00,0.1215,18,72.42,1
368.8833,5781,-0.07940,0.26857,-0.29186,85.21,85.00,0.1194,18,71.69,1
368.9517,5782,-0.05447,0.24363,-0.14197,79.97,79.00,0.1351,18,70.95,1
369.0209,5783,-0.02835,0.16617,-0.02735,75.96,75.00,0.1471,17,70.87,1
369.0965,5784,0.00000,-0.05265,0.05293,74.21,74.00,0.1444,19,70.80,1
369.1804,5785,0.00000,0.16521,0.06500,74.03,74.00,0.1432,12,70.69,1
369.2483,5786,0.04350,0.26034,0.16071,72.59,72.00,0.1331,16,70.32,1
369.3210,5787,0.04265,0.10473,0.11446,73.28,73.00,0.1380,17,70.15,1
369.3935,5788,0.06027,0.16468,0.14549,72.82,72.00,0.1347,17,69.43,1
369.4761,5789,0.03658,0.13849,0.02932,74.56,74.00,0.1469,19,69.51,1
369.5442,5790,0.00000,0.06434,-0.11028,78.86,78.00,0.1384,21,69.27,1
369.6141,5791,-0.06200,0.05796,-0.27212,84.52,84.00,0.1214,21,68.72,1
369.6830,5792,-0.11330,0.00479,-0.38205,88.37,88.00,0.1099,20,68.23,1
369.7481,5793,-0.15512,0.07756,-0.44624,90.62,90.00,0.1031,20,67.42,1
369.8171,5794,-0.16598,0.10256,-0.39304,88.76,88.00,0.1087,20,67.09,1
369.8905,5795,-0.11700,-0.06108,-0.15213,80.32,80.00,0.1340,21,66.81,1
369.9585,5796,0.00000,-0.08747,0.23571,71.46,72.00,0.1253,20,66.81,1
370.0247,5797,0.10979,-0.31698,0.54775,66.78,66.00,0.0925,18,68.58,1
370.0899,5798,0.21076,-0.55849,0.75312,63.70,63.00,0.0709,16,70.29,1
370.1579,5799,0.18598,-0.68627,0.48749,67.69,67.00,0.0988,15,72.62,1
370.2328,5800,0.22735,-0.81057,0.51610,67.26,67.00,0.0958,18,74.45,1
370.2983,5801,0.23937,-0.65041,0.46338,68.05,68.00,0.1013,21,74.88,1
370.3640,5802,0.18349,-0.43227,0.19973,72.00,72.00,0.1290,21,74.16,1
370.4290,5803,0.08734,-0.28933,-0.13854,79.85,79.00,0.1355,19,73.68,1
370.5003,5804,0.00000,-0.13501,-0.38744,88.56,87.00,0.1093,22,72.67,1
370.5677,5805,-0.10525,-0.04914,-0.60110,96.04,95.00,0.0869,20,71.17,1
370.6329,5806,-0.17982,0.02829,-0.70375,99.63,99.00,0.0761,21,70.17,1
370.7018,5807,-0.20520,0.11521,-0.61920,96.67,96.00,0.0850,20,69.62,1
370.7746,5808,-0.17077,0.10510,-0.36058,87.62,88.00,0.1121,21,69.35,1
370.8373,5809,-0.07610,-0.11339,0.01816,74.73,80.00,0.1481,17,69.60,1
370.8999,5810,0.08265,-0.45015,0.53642,66.95,72.00,0.0937,20,70.91,1
370.9688,5811,0.04978,-0.35510,0.27040,70.94,70.00,0.1216,18,70.43,1
371.0322,5812,0.00000,-0.01410,0.03274,74.51,74.00,0.1466,16,67.91,1
371.0967,5813,-0.03971,0.18872,-0.12033,79.21,79.00,0.1374,16,65.95,1
371.1614,5814,-0.04850,0.25408,-0.12835,79.49,79.00,0.1365,19,64.89,1
371.2316,5815,0.00000,-0.06878,0.01768,74.73,74.00,0.1481,16,67.35,1
371.2965,5816,0.05196,0.05430,0.23225,71.52,71.00,0.1256,15,69.83,1
371.3627,5817,0.12316,0.08910,0.41726,68.74,68.00,0.1062,15,72.12,1
371.4302,5818,0.10398,-0.13805,0.25420,71.19,71.00,0.1233,15,73.27,1
371.4944,5819,0.09800,-0.48382,0.18557,72.22,72.00,0.1305,15,75.47,1
371.5620,5820,0.16248,-0.57596,0.37711,69.34,69.00,0.1104,17,75.50,1
371.6356,5821,0.17180,-0.67262,0.33368,69.99,69.00,0.1150,19,75.25,1
371.6984,5822,0.15276,-0.66876,0.21984,71.70,71.00,0.1269,21,75.17,1
371.7648,5823,0.09673,-0.54545,0.00658,74.90,74.00,0.1493,21,74.66,1
371.8330,5824,0.03596,-0.43058,-0.17190,81.02,81.00,0.1320,20,73.32,1
371.8970,5825,-0.02975,-0.33886,-0.33240,86.63,86.00,0.1151,21,72.26,1
371.9622,5826,-0.08233,-0.21086,-0.41727,89.60,89.00,0.1062,21,71.45,1
372.0251,5827,-0.11475,-0.14664,-0.42602,89.91,89.00,0.1053,21,70.77,1
372.0892,5828,-0.10912,-0.09999,-0.30784,85.77,85.00,0.1177,23,71.12,1
372.1525,5829,-0.06113,-0.02857,-0.07844,77.75,77.00,0.1418,24,70.41,1
372.2191,5830,0.02731,-0.28508,0.23593,71.46,71.00,0.1252,24,70.71,1
372.2842,5831,0.06338,-0.41652,0.29777,70.53,70.00,0.1187,21,70.67,1
372.3529,5832,0.10234,-0.58492,0.35731,69.64,69.00,0.1125,21,71.35,1
372.4192,5833,0.11259,-0.68101,0.31465,70.28,70.00,0.1170,20,71.39,1
372.4841,5834,0.10016,-0.55684,0.21212,71.82,71.00,0.1277,21,71.88,1
372.5514,5835,0.05601,-0.64110,0.02737,74.59,74.00,0.1471,19,72.01,1
372.6148,5836,0.00000,-0.41112,-0.11699,79.09,79.00,0.1377,20,71.44,1
372.6862,5837,-0.04926,-0.33921,-0.27928,84.77,84.00,0.1207,20,71.37,1
372.7538,5838,-0.11411,-0.11005,-0.42463,89.86,89.00,0.1054,18,70.89,1
372.8202,5839,-0.14679,0.25354,-0.43496,90.22,90.00,0.1043,19,69.90,1
372.8813,5840,-0.16025,0.21710,-0.39335,88.77,88.00,0.1087,19,69.78,1
372.9473,5841,-0.12996,0.17343,-0.21254,82.44,82.00,0.1277,22,70.06,1
373.0087,5842,-0.06024,-0.14742,0.05614,74.16,74.00,0.1441,21,69.99,1
373.0734,5843,0.00000,-0.33658,0.20703,71.89,71.00,0.1283,20,70.17,1
373.1359,5844,0.10063,-0.54099,0.51929,67.21,67.00,0.0955,20,70.66,1
373.1970,5845,0.17101,-0.60191,0.64166,65.38,65.00,0.0826,18,71.84,1
373.2593,5846,0.21415,-0.70619,0.65149,65.23,65.00,0.0816,19,72.53,1
373.3293,5847,0.21463,-0.85443,0.50779,67.38,67.00,0.0967,20,72.54,1
373.3918,5848,0.18664,-0.83106,0.32590,70.11,70.00,0.1158,21,72.34,1
373.4556,5849,0.10986,-0.64002,0.02095,74.69,74.00,0.1478,22,71.34,1
373.5169,5850,0.00000,-0.44127,-0.29862,85.45,82.00,0.1186,22,70.20,1
373.5795,5851,-0.05804,-0.05375,-0.43809,90.33,90.00,0.1040,23,68.40,1
373.6425,5852,-0.11617,0.18767,-0.51846,93.15,93.00,0.0956,19,65.80,1
373.7085,5853,-0.13314,0.43567,-0.44369,90.53,90.00,0.1034,18,63.72,1
373.7713,5854,-0.08683,0.76278,-0.18458,81.46,82.00,0.1306,22,61.03,1
373.8310,5855,-0.09099,0.42782,-0.16591,80.81,80.00,0.1326,22,60.97,1
373.8913,5856,-0.02563,0.16074,0.08894,73.67,73.00,0.1407,19,62.00,1
373.9499,5857,0.09869,-0.22740,0.49639,67.55,67.00,0.0979,18,63.93,1
374.0088,5858,0.11650,-0.51035,0.44933,68.26,68.00,0.1028,16,66.99,1
374.0682,5859,0.10609,-0.03181,0.31885,70.22,70.00,0.1165,14,68.89,1
374.1277,5860,0.10460,0.11574,0.25576,71.16,71.00,0.1231,14,71.00,1
374.1884,5861,0.13738,-0.12276,0.33088,70.04,70.00,0.1153,16,71.86,1
374.2491,5862,0.16353,-0.44466,0.37032,69.45,69.00,0.1111,21,72.37,1
374.3083,5863,0.15028,-0.54687,0.26977,70.95,70.00,0.1217,19,72.46,1
374.3711,5864,0.12153,-0.66448,0.13910,72.91,72.00,0.1354,20,72.62,1
374.4303,5865,0.05481,-0.70734,-0.09261,78.24,78.00,0.1403,18,72.34,1
374.4881,5866,0.00000,-0.45419,-0.20638,82.22,82.00,0.1283,20,71.96,1
374.5483,5867,-0.05386,-0.25296,-0.35647,87.48,87.00,0.1126,20,71.26,1
374.6083,5868,-0.08832,0.01101,-0.37948,88.28,88.00,0.1102,20,70.90,1
374.6688,5869,-0.11382,0.19838,-0.37394,88.09,88.00,0.1107,20,71.27,1
374.7273,5870,-0.14641,0.12861,-0.40548,89.19,89.00,0.1074,18,70.23,1
374.7877,5871,-0.10122,-0.09246,-0.16172,80.66,81.00,0.1330,21,70.09,1
374.8493,5872,-0.02340,-0.36694,0.13787,72.93,73.00,0.1355,20,70.28,1
374.9116,5873,0.08156,-0.35871,0.46465,68.03,68.00,0.1012,19,71.77,1
374.9736,5874,0.12847,-0.13217,0.52288,67.16,67.00,0.0951,16,73.37,1
375.0347,5875,0.11625,0.13751,0.36836,69.47,69.00,0.1113,15,74.27,1
375.0963,5876,0.08545,0.48176,0.19364,72.10,72.00,0.1297,16,75.06,1
375.1612,5877,0.10784,0.15254,0.24612,71.31,71.00,0.1242,16,75.25,1
375.2231,5878,0.13136,-0.29909,0.29539,70.57,70.00,0.1190,20,74.99,1
375.2823,5879,0.11678,-0.51467,0.20629,71.91,71.00,0.1283,21,74.68,1
375.3408,5880,0.08010,-0.62009,0.06141,74.08,74.00,0.1436,20,74.33,1
375.4012,5881,0.04700,-0.60003,-0.03917,76.37,76.00,0.1459,20,73.32,1
375.4610,5882,0.00000,-0.60098,-0.15219,80.33,80.00,0.1340,20,72.62,1
375.5237,5883,-0.05479,-0.53476,-0.30245,85.59,85.00,0.1182,21,72.26,1
375.5827,5884,-0.08319,-0.38433,-0.31949,86.18,86.00,0.1165,19,71.83,1
375.6442,5885,-0.09493,-0.15895,-0.27831,84.74,84.00,0.1208,20,72.90,1
375.7053,5886,-0.11515,-0.15121,-0.28282,84.90,84.00,0.1203,20,72.61,1
375.7664,5887,-0.10387,-0.18160,-0.18243,81.38,81.00,0.1308,19,72.40,1
375.8280,5888,-0.02485,-0.47373,0.12842,73.07,73.00,0.1365,22,72.18,1
375.8920,5889,0.02661,-0.62756,0.27149,70.93,70.00,0.1215,21,72.46,1
375.9578,5890,0.03823,-0.67621,0.24501,71.32,71.00,0.1243,19,72.71,1
376.0210,5891,0.08189,-0.74832,0.34416,69.84,69.00,0.1139,20,72.76,1
376.0889,5892,0.08898,-0.67367,0.29478,70.58,70.00,0.1190,20,73.24,1
376.1505,5893,0.08088,-0.67232,0.21637,71.75,71.00,0.1273,21,73.43,1
376.2099,5894,0.06997,-0.63405,0.14973,72.75,72.00,0.1343,21,73.10,1
376.2714,5895,0.04486,-0.53046,0.04918,74.26,74.00,0.1448,20,72.37,1
376.3362,5896,0.00000,-0.35020,-0.10803,78.78,78.00,0.1387,21,70.97,1
376.4070,5897,-0.04211,-0.27865,-0.19325,81.76,81.00,0.1297,21,70.42,1
376.4724,5898,-0.09012,-0.03253,-0.29905,85.47,85.00,0.1186,16,70.82,1
376.5357,5899,-0.11351,-0.00285,-0.30466,85.66,85.00,0.1180,20,69.64,1
376.6006,5900,-0.11009,0.09515,-0.22173,82.76,82.00,0.1267,21,69.45,1
376.6616,5901,-0.09705,-0.06478,-0.13321,79.66,79.00,0.1360,22,68.37,1
376.7235,5902,-0.05274,-0.29145,0.04292,74.36,74.00,0.1455,23,68.64,1
376.7863,5903,0.00000,-0.46560,0.24096,71.39,71.00,0.1247,21,68.52,1
376.8474,5904,0.12011,-0.62047,0.56562,66.52,66.00,0.0906,26,69.25,1
376.9083,5905,0.14205,-0.84550,0.52044,67.19,67.00,0.0954,23,69.26,1
376.9678,5906,0.17012,-0.93887,0.51871,67.22,67.00,0.0955,25,69.62,1
377.0288,5907,0.12123,-0.80770,0.25465,71.18,71.00,0.1233,20,70.02,1
377.0926,5908,0.02971,-0.61955,-0.09608,78.36,78.00,0.1399,17,69.98,1
377.1501,5909,-0.03108,-0.35855,-0.26312,84.21,84.00,0.1224,19,70.90,1
377.2086,5910,-0.08883,-0.15141,-0.38886,88.61,88.00,0.1092,18,71.09,1
377.2704,5911,-0.10299,0.22173,-0.33582,86.75,86.00,0.1147,20,69.78,1
377.3337,5912,-0.13490,0.32146,-0.36359,87.73,87.00,0.1118,19,68.62,1
377.4049,5913,-0.14243,0.14422,-0.29904,85.47,85.00,0.1186,21,68.51,1
377.4695,5914,-0.11385,-0.02186,-0.14147,79.95,79.00,0.1351,18,67.99,1
377.5343,5915,-0.04533,-0.35559,0.11362,73.30,73.00,0.1381,21,67.87,1
377.6009,5916,0.04782,-0.56127,0.39468,69.08,69.00,0.1086,19,68.58,1
377.6699,5917,0.13746,-0.76444,0.59944,66.01,66.00,0.0871,21,68.55,1
377.7313,5918,0.19605,-0.67373,0.67512,64.87,64.00,0.0791,20,69.11,1
377.7958,5919,0.21973,-0.80655,0.61970,65.70,65.00,0.0849,21,69.32,1
377.8661,5920,0.19017,-0.76635,0.39656,69.05,69.00,0.1084,20,69.43,1
377.9403,5921,0.11832,-0.65389,0.09152,73.63,73.00,0.1404,21,69.56,1
378.0063,5922,0.02447,-0.46698,-0.20717,82.25,81.00,0.1282,21,68.69,1
378.0710,5923,-0.04812,-0.33403,-0.37184,88.01,88.00,0.1110,22,68.47,1
378.1334,5924,-0.11232,-0.14196,-0.48344,91.92,91.00,0.0992,20,68.12,1
378.2038,5925,-0.13583,0.12156,-0.42550,89.89,89.00,0.1053,20,66.78,1
378.2683,5926,-0.13464,0.09421,-0.31857,86.15,86.00,0.1165,21,67.99,1
378.3325,5927,-0.10473,-0.16354,-0.14529,80.09,80.00,0.1347,23,67.59,1
378.3983,5928,0.00000,-0.45042,0.20044,71.99,72.00,0.1290,24,68.17,1
378.4613,5929,0.09883,-0.62537,0.53642,66.95,66.00,0.0937,23,68.88,1
378.5220,5930,0.17374,-0.74954,0.68007,64.80,64.00,0.0786,20,69.52,1
378.5884,5931,0.21153,-0.80681,0.66312,65.05,65.00,0.0804,19,70.11,1
378.6586,5932,0.23189,-0.78040,0.59623,66.06,66.00,0.0874,21,71.06,1
378.7219,5933,0.16804,-0.71451,0.28071,70.79,70.00,0.1205,21,71.09,1
378.7856,5934,0.10654,-0.65788,0.04877,74.27,74.00,0.1449,24,71.24,1
378.8487,5935,0.00000,-0.52579,-0.26984,84.44,82.00,0.1217,21,70.51,1
378.9123,5936,-0.06298,-0.33364,-0.40643,89.23,89.00,0.1073,21,70.06,1
378.9753,5937,-0.12274,-0.03943,-0.49434,92.30,92.00,0.0981,20,68.96,1
379.0383,5938,-0.12691,0.04920,-0.37812,88.23,88.00,0.1103,23,68.44,1
379.1035,5939,-0.12957,0.02869,-0.29174,85.21,85.00,0.1194,22,67.85,1
379.1659,5940,-0.10213,-0.13634,-0.13185,79.61,79.00,0.1362,24,68.74,1
379.2286,5941,0.00000,-0.36396,0.20508,71.92,71.00,0.1285,24,69.19,1
379.2888,5942,0.07180,-0.53381,0.45401,68.19,68.00,0.1023,23,69.76,1
379.3485,5943,0.12157,-0.69120,0.53160,67.03,67.00,0.0942,21,69.97,1
379.4122,5944,0.16571,-0.81090,0.57547,66.37,66.00,0.0896,22,70.60,1
379.4760,5945,0.18656,-0.84983,0.53776,66.93,66.00,0.0935,23,70.55,1
379.5379,5946,0.15979,-0.76762,0.35530,69.67,69.00,0.1127,23,70.76,1
379.6015,5947,0.09668,-0.71217,0.09329,73.60,73.00,0.1402,23,70.44,1
379.6643,5948,0.00000,-0.54496,-0.18181,81.36,81.00,0.1309,22,69.44,1
379.7285,5949,-0.05263,-0.19429,-0.33111,86.59,86.00,0.1152,20,68.37,1
379.7926,5950,-0.11098,0.07518,-0.42899,90.01,90.00,0.1050,21,65.27,1
379.8582,5951,-0.12436,0.32563,-0.35614,87.46,87.00,0.1126,21,64.24,1
379.9302,5952,-0.13294,0.35389,-0.28548,84.99,84.00,0.1200,21,62.92,1
379.9979,5953,-0.11884,0.18577,-0.16980,80.94,80.00,0.1322,22,63.83,1
380.0621,5954,-0.09575,-0.10564,-0.05719,77.00,77.00,0.1440,21,63.92,1
380.1295,5955,-0.04166,-0.34736,0.13451,72.98,72.00,0.1359,20,63.89,1
380.1918,5956,0.02990,-0.58561,0.34606,69.81,69.00,0.1137,24,64.69,1
380.2584,5957,0.08572,-0.76489,0.45470,68.18,68.00,0.1023,21,65.02,1
380.3207,5958,0.13476,-0.81704,0.53001,67.05,67.00,0.0943,23,65.54,1
380.3864,5959,0.12953,-0.65767,0.40430,68.94,68.00,0.1075,23,65.95,1
380.4457,5960,0.10539,-0.67341,0.25683,71.15,71.00,0.1230,22,66.31,1
380.5049,5961,0.04002,-0.57805,0.00115,74.98,74.00,0.1499,23,66.08,1
380.5652,5962,-0.02293,-0.45597,-0.19130,81.70,81.00,0.1299,22,66.11,1
380.6271,5963,-0.03110,-0.14184,-0.15226,80.33,80.00,0.1340,15,66.30,1
380.6867,5964,-0.08622,0.17510,-0.29264,85.24,85.00,0.1193,20,64.75,1
380.7455,5965,-0.07028,0.52553,-0.16049,80.62,80.00,0.1331,21,64.24,1
380.8054,5966,0.00000,0.52505,0.15831,72.63,72.00,0.1334,15,63.93,1
380.8671,5967,0.00000,0.66908,0.08881,73.67,73.00,0.1407,20,63.14,1
380.9272,5968,-0.03271,0.60731,-0.02326,75.81,75.00,0.1476,17,62.48,1
380.9972,5969,-0.05442,0.64388,-0.08244,77.89,77.00,0.1413,16,61.60,1
381.0591,5970,-0.05194,0.54177,-0.04871,76.70,76.00,0.1449,19,61.15,1
381.1199,5971,0.00000,0.03634,0.14783,72.78,72.00,0.1345,21,61.68,1
381.1811,5972,0.00000,-0.00041,0.11395,73.29,73.00,0.1380,22,63.64,1
381.2439,5973,-0.06657,0.15386,-0.13046,79.57,79.00,0.1363,20,66.80,1
381.3067,5974,-0.16329,0.22220,-0.43184,90.11,87.00,0.1047,17,71.38,1
381.3721,5975,-0.21357,0.45807,-0.50500,92.67,92.00,0.0970,19,73.48,1
381.4365,5976,-0.23693,0.68998,-0.48003,91.80,91.00,0.0996,17,71.07,1
381.4956,5977,-0.13592,0.17096,-0.04612,76.61,83.00,0.1452,12,68.86,1
381.5568,5978,-0.22412,0.38502,-0.36703,87.85,87.00,0.1115,21,71.25,1
381.6213,5979,-0.22355,0.45855,-0.30671,85.73,85.00,0.1178,20,73.28,1
381.6811,5980,-0.14792,0.27438,-0.00785,75.27,77.00,0.1492,21,73.93,1
381.7415,5981,-0.03760,-0.00211,0.34690,69.80,69.00,0.1136,18,73.95,1
381.8015,5982,0.07071,-0.13257,0.62271,65.66,65.00,0.0846,18,73.48,1
381.8601,5983,0.18224,-0.40169,0.86461,62.03,62.00,0.0592,19,72.14,1
381.9202,5984,0.26397,-0.58270,0.95919,60.61,60.00,0.0493,18,70.75,1
381.9846,5985,0.27786,-0.63057,0.80213,62.97,62.00,0.0658,25,69.99,1
382.0460,5986,0.18670,-0.41751,0.33363,70.00,69.00,0.1150,22,70.12,1
382.1048,5987,0.00000,-0.16888,-0.30339,85.62,77.00,0.1181,18,71.39,1
382.1659,5988,-0.11892,0.18894,-0.66710,98.35,85.00,0.0800,16,73.38,1
382.2279,5989,-0.05298,0.00943,-0.26034,84.11,84.00,0.1227,17,70.77,1
382.2882,5990,0.00000,-0.01730,-0.01612,75.56,76.00,0.1483,17,69.33,1
382.3557,5991,0.04003,-0.45423,0.15389,72.69,72.00,0.1338,13,68.69,1
382.4167,5992,0.08920,-0.57179,0.30258,70.46,70.00,0.1182,13,68.25,1
382.4794,5993,0.10983,-0.74485,0.32215,70.17,70.00,0.1162,14,65.79,1
382.5395,5994,0.13529,-0.80673,0.36040,69.59,69.00,0.1122,14,64.31,1
382.6015,5995,0.15702,-0.94607,0.38103,69.28,69.00,0.1100,14,62.96,1
382.6670,5996,0.18778,-1.01576,0.43143,68.53,68.00,0.1047,15,62.38,1
382.7341,5997,0.17909,-0.86721,0.33786,69.93,69.00,0.1145,15,62.81,1
382.7971,5998,0.15687,-0.85480,0.22839,71.57,71.00,0.1260,16,62.29,1
382.8617,5999,0.13873,-0.66874,0.15993,72.60,72.00,0.1332,17,63.66,1
382.9295,6000,0.11731,-0.49892,0.09742,73.54,73.00,0.1398,15,64.74,1
382.9916,6001,0.11988,-0.46256,0.12974,73.05,73.00,0.1364,18,66.08,1
383.0554,6002,0.10376,-0.41844,0.08999,73.65,73.00,0.1406,21,68.18,1
383.1185,6003,0.08792,-0.30001,0.05918,74.11,74.00,0.1438,23,70.24,1
383.1847,6004,0.09044,-0.28565,0.09875,73.52,73.00,0.1396,22,70.85,1
383.2578,6005,0.04389,-0.06242,-0.03936,76.38,76.00,0.1459,17,72.11,1
383.3224,6006,0.00000,0.01769,-0.10152,78.55,78.00,0.1393,21,74.08,1
383.3846,6007,0.04571,-0.02706,0.06809,73.98,73.00,0.1429,18,77.97,1
383.4475,6008,0.03906,0.02865,0.06130,74.08,74.00,0.1436,18,79.45,1
383.5131,6009,0.04083,0.15926,0.08498,73.73,73.00,0.1411,13,79.96,1
383.5746,6010,0.03312,0.01900,0.06854,73.97,73.00,0.1428,19,79.11,1
383.6360,6011,0.04070,-0.00687,0.10817,73.38,73.00,0.1386,19,77.95,1
383.6957,6012,0.00000,0.21783,-0.03286,76.15,76.00,0.1465,17,77.26,1
383.7627,6013,-0.04302,0.40245,-0.14355,80.02,80.00,0.1349,16,76.16,1
383.8353,6014,-0.08926,0.50338,-0.23936,83.38,83.00,0.1249,14,76.54,1
383.8966,6015,-0.06386,0.78371,-0.08423,77.95,77.00,0.1412,11,76.04,1
383.9590,6016,-0.08157,0.84910,-0.11537,79.04,79.00,0.1379,12,75.03,1
384.0216,6017,0.00000,0.11086,0.21042,71.84,71.00,0.1279,12,73.65,1
384.0859,6018,0.02861,0.20265,0.26188,71.07,71.00,0.1225,12,73.49,1
384.1494,6019,0.05249,-0.19274,0.29789,70.53,70.00,0.1187,12,73.92,1
384.2117,6020,0.07256,-0.20878,0.31801,70.23,70.00,0.1166,11,74.77,1
384.2748,6021,0.10171,-0.62124,0.36851,69.47,69.00,0.1113,12,74.72,1
384.3437,6022,0.14636,-0.63260,0.46195,68.07,68.00,0.1015,12,74.20,1
384.4072,6023,0.11107,-0.19394,0.26922,70.96,70.00,0.1217,14,75.18,1
384.4716,6024,0.07953,0.00104,0.13729,72.94,72.00,0.1356,12,76.30,1
384.5367,6025,0.06583,-0.05772,0.09859,73.52,73.00,0.1396,13,77.27,1
384.6003,6026,0.06876,-0.17937,0.12542,73.12,73.00,0.1368,13,79.11,1
384.6735,6027,0.04008,-0.29951,0.03790,74.43,74.00,0.1460,14,79.27,1
384.7407,6028,0.02648,-0.18389,0.02115,74.68,74.00,0.1478,15,80.37,1
384.8073,6029,0.00000,-0.03369,-0.04050,76.42,76.00,0.1457,14,77.44,1
384.8790,6030,-0.05482,0.06559,-0.18069,81.32,81.00,0.1310,14,80.74,1
384.9410,6031,-0.06706,0.13666,-0.15819,80.54,80.00,0.1334,15,79.27,1
385.0049,6032,-0.06825,0.31584,-0.10597,78.71,78.00,0.1389,13,78.94,1
385.0713,6033,-0.10827,0.26485,-0.20262,82.09,82.00,0.1287,12,80.20,1
385.1334,6034,-0.11403,0.62211,-0.16679,80.84,80.00,0.1325,12,81.08,1
385.1973,6035,-0.10436,0.40558,-0.08893,78.11,78.00,0.1407,16,81.50,1
385.2586,6036,-0.09039,0.60584,-0.01852,75.65,75.00,0.1481,10,81.75,1
385.3193,6037,-0.04554,0.34552,0.14269,72.86,72.00,0.1350,17,83.38,1
385.3792,6038,0.00000,0.29949,0.26167,71.07,71.00,0.1225,14,85.14,1
385.4447,6039,0.00000,0.05550,0.21065,71.84,71.00,0.1279,14,85.38,1
385.5106,6040,0.00000,0.05618,0.12736,73.09,73.00,0.1366,12,85.84,1
385.5784,6041,-0.02686,0.17981,0.06813,73.98,73.00,0.1428,13,87.60,1
385.6437,6042,-0.03313,0.14929,0.04268,74.36,74.00,0.1455,13,88.59,1
385.7120,6043,-0.04910,0.21605,-0.01024,75.36,75.00,0.1489,13,90.63,1
385.7726,6044,-0.05728,0.30391,-0.02633,75.92,75.00,0.1472,12,92.37,1
385.8339,6045,-0.04420,0.27417,0.03361,74.50,74.00,0.1465,11,93.23,1
385.8991,6046,-0.04566,0.55234,0.02898,74.57,74.00,0.1470,12,94.06,1
385.9643,6047,-0.04690,0.77894,0.02575,74.61,74.00,0.1473,10,95.35,1
386.0276,6048,-0.05244,0.72199,0.00794,74.88,74.00,0.1492,13,95.97,1
386.0919,6049,-0.04472,0.80666,0.03953,74.41,74.00,0.1458,11,97.17,1
386.1621,6050,-0.03827,0.69496,0.05869,74.12,74.00,0.1438,12,97.55,1
386.2202,6051,-0.02753,0.80355,0.08936,73.66,73.00,0.1406,11,97.85,1
386.2809,6052,-0.02326,0.67440,0.09133,73.63,73.00,0.1404,13,98.21,1
386.3364,6053,0.00000,0.77904,0.11507,73.27,73.00,0.1379,11,98.59,1
386.3961,6054,-0.02315,0.86567,0.06708,73.99,73.00,0.1430,10,99.53,1
386.4561,6055,-0.03187,0.72835,0.03072,74.54,74.00,0.1468,12,100.38,1
386.5128,6056,-0.03931,0.77838,0.00670,74.90,74.00,0.1493,12,100.04,1
386.5703,6057,-0.03574,0.65085,0.02614,74.61,74.00,0.1473,12,100.94,1
386.6286,6058,-0.03510,0.53867,0.03058,74.54,74.00,0.1468,12,100.49,1
386.6855,6059,0.00000,0.50951,0.12086,73.19,73.00,0.1373,13,101.34,1
386.7457,6060,0.00000,0.65089,0.11625,73.26,73.00,0.1378,11,101.36,1
386.8040,6061,0.00000,0.77787,0.10595,73.41,73.00,0.1389,11,101.37,1
386.8679,6062,-0.02025,0.86646,0.04222,74.37,74.00,0.1456,12,101.29,1
386.9291,6063,0.00000,0.91017,0.06302,74.05,74.00,0.1434,11,100.81,1
386.9900,6064,0.00000,0.94804,0.07664,73.85,73.00,0.1420,12,100.93,1
387.0484,6065,0.00000,0.83404,0.07580,73.86,73.00,0.1420,12,100.98,1
387.1080,6066,-0.02447,0.88505,0.02366,74.65,74.00,0.1475,10,101.69,1
387.1685,6067,-0.03218,0.91722,0.00207,74.97,74.00,0.1498,10,101.72,1
387.2277,6068,-0.03733,0.80314,-0.00681,75.24,75.00,0.1493,11,101.70,1
387.2868,6069,-0.03325,0.87073,0.01774,74.73,74.00,0.1481,11,102.33,1
387.3462,6070,-0.03207,0.92116,0.02600,74.61,74.00,0.1473,10,102.99,1
387.4048,6071,-0.03914,0.73145,0.00296,74.96,74.00,0.1497,11,102.84,1
387.4673,6072,-0.02741,0.79593,0.05081,74.24,74.00,0.1447,11,102.76,1
387.5280,6073,0.00000,0.85432,0.09787,73.53,73.00,0.1397,11,102.73,1
387.5927,6074,0.00000,0.91795,0.08209,73.77,73.00,0.1414,10,103.36,1
387.6575,6075,0.00000,0.96104,0.07292,73.91,73.00,0.1423,10,103.92,1
387.7190,6076,0.00000,0.99175,0.07308,73.90,73.00,0.1423,10,104.33,1
387.7832,6077,0.00000,1.01274,0.06894,73.97,73.00,0.1428,10,104.80,1
387.8445,6078,-0.02538,0.78966,0.02645,74.60,74.00,0.1472,11,105.12,1
387.9124,6079,-0.02462,0.82052,0.03237,74.51,74.00,0.1466,10,104.81,1
387.9739,6080,-0.02389,0.86505,0.03622,74.46,74.00,0.1462,10,104.48,1
388.0383,6081,-0.02183,0.66332,0.04358,74.35,74.00,0.1454,12,104.23,1
388.1001,6082,-0.02104,0.53123,0.04484,74.33,74.00,0.1453,12,103.96,1
388.1682,6083,-0.02830,0.46024,0.01771,74.73,74.00,0.1481,11,104.46,1
388.2306,6084,-0.02626,0.65715,0.02875,74.57,74.00,0.1470,10,104.91,1
388.2967,6085,0.00000,0.81756,0.10758,73.39,73.00,0.1387,9,105.32,1
388.3644,6086,0.00000,0.92911,0.08571,73.71,73.00,0.1410,10,105.69,1
388.4268,6087,0.00000,0.96889,0.06450,74.03,74.00,0.1432,10,105.27,1
388.4947,6088,0.00000,0.99182,0.07896,73.82,73.00,0.1417,11,104.89,1
388.5569,6089,0.00000,0.99688,0.05480,74.18,74.00,0.1442,10,104.60,1
388.6193,6090,0.00000,0.78774,0.03774,74.43,74.00,0.1460,12,105.04,1
388.6808,6091,0.00000,0.86317,0.08828,73.68,73.00,0.1407,9,105.34,1
388.7503,6092,0.02370,0.59818,0.16633,72.50,72.00,0.1325,10,105.71,1
388.8197,6093,0.07433,0.64364,0.31256,70.31,70.00,0.1172,8,106.04,1
388.8828,6094,0.08206,0.62027,0.28501,70.72,70.00,0.1201,9,106.43,1
388.9469,6095,0.08628,0.61915,0.25557,71.17,71.00,0.1232,9,106.69,1
389.0165,6096,0.07412,0.45392,0.17743,72.34,72.00,0.1314,10,106.92,1
389.0840,6097,0.02458,0.67342,-0.00608,75.21,75.00,0.1494,9,107.13,1
389.1561,6098,0.02364,0.61281,0.02254,74.66,74.00,0.1476,10,107.52,1
389.2268,6099,0.06283,0.52944,0.17713,72.34,72.00,0.1314,9,107.76,1
389.3015,6100,0.07114,0.56170,0.18811,72.18,72.00,0.1302,9,107.99,1
389.3648,6101,0.05131,0.66622,0.10580,73.41,73.00,0.1389,10,108.09,1
389.4241,6102,0.07873,0.53254,0.20386,71.94,71.00,0.1286,9,108.18,1
389.4848,6103,0.06458,0.51436,0.13800,72.93,72.00,0.1355,10,108.26,1
389.5447,6104,0.09743,0.61692,0.25204,71.22,71.00,0.1235,8,108.54,1
389.6013,6105,0.09000,0.54149,0.20268,71.96,71.00,0.1287,10,108.68,1
389.6587,6106,0.09025,0.58988,0.19226,72.12,72.00,0.1298,9,108.81,1
389.7167,6107,0.10469,0.47959,0.23541,71.47,71.00,0.1253,9,108.93,1
389.7748,6108,0.11409,0.40269,0.25303,71.20,71.00,0.1234,9,109.04,1
389.8327,6109,0.09974,0.33679,0.18479,72.23,72.00,0.1306,10,109.04,1
389.8976,6110,0.12006,0.50745,0.25457,71.18,71.00,0.1233,8,109.03,1
389.9614,6111,0.10826,0.58930,0.19741,72.04,72.00,0.1293,9,109.13,1
390.0298,6112,0.09903,0.65080,0.16402,72.54,72.00,0.1328,9,109.22,1
390.0915,6113,0.11753,0.73328,0.23450,71.48,71.00,0.1254,8,109.29,1
390.1506,6114,0.10705,0.74386,0.19029,72.15,72.00,0.1300,9,109.36,1
390.2099,6115,0.12292,0.78485,0.24826,71.28,71.00,0.1239,8,109.33,1
390.2696,6116,0.13449,0.80983,0.27975,70.80,70.00,0.1206,8,109.40,1
390.3275,6117,0.14186,0.81898,0.29189,70.62,70.00,0.1194,8,109.56,1
390.3853,6118,0.14925,0.85065,0.30342,70.45,70.00,0.1181,8,109.60,1
390.4439,6119,0.10430,0.93192,0.12944,73.06,73.00,0.1364,8,109.74,1
390.5125,6120,0.10190,0.98925,0.14604,72.81,72.00,0.1347,7,109.67,1
390.5820,6121,0.11751,0.92716,0.22221,71.67,71.00,0.1267,8,109.80,1
390.6482,6122,0.06096,0.96959,0.03042,74.54,74.00,0.1468,8,109.72,1
390.7042,6123,0.09028,0.90985,0.16978,72.45,72.00,0.1322,8,109.75,1
390.7603,6124,0.06722,0.94823,0.09884,73.52,73.00,0.1396,9,109.77,1
390.8166,6125,0.09246,0.91229,0.21149,71.83,71.00,0.1278,8,109.80,1
390.8803,6126,0.08929,0.79510,0.20016,72.00,71.00,0.1290,9,109.22,1
390.9460,6127,0.08848,0.72259,0.20048,71.99,71.00,0.1289,9,109.29,1
391.0053,6128,0.11241,0.72630,0.28708,70.69,70.00,0.1199,8,109.47,1
391.0643,6129,0.13105,0.74852,0.33786,69.93,69.00,0.1145,8,109.52,1
391.1235,6130,0.14274,0.76038,0.35585,69.66,69.00,0.1126,8,109.67,1
391.1797,6131,0.13526,0.85916,0.30643,70.40,70.00,0.1178,7,109.70,1
391.2392,6132,0.14086,0.84974,0.31455,70.28,70.00,0.1170,8,109.63,1
391.2996,6133,0.12001,0.76543,0.22766,71.59,71.00,0.1261,9,109.67,1
391.3593,6134,0.08465,0.86069,0.10956,73.36,73.00,0.1385,9,109.70,1
391.4157,6135,0.07849,0.79113,0.11669,73.25,73.00,0.1377,9,109.83,1
391.4722,6136,0.07009,0.87068,0.11321,73.30,73.00,0.1381,9,109.75,1
391.5279,6137,0.05282,0.93519,0.07698,73.85,73.00,0.1419,9,109.77,1
391.5857,6138,0.00000,0.98026,-0.05767,77.02,77.00,0.1439,9,109.70,1
391.6441,6139,0.00000,1.00863,0.00474,74.93,74.00,0.1495,9,109.73,1
391.7029,6140,0.05060,0.74444,0.19664,72.05,72.00,0.1294,9,109.85,1
391.7627,6141,0.08880,0.75202,0.32787,70.08,70.00,0.1156,8,109.97,1
391.8243,6142,0.09609,0.70376,0.32141,70.18,70.00,0.1163,9,110.07,1
391.8864,6143,0.10094,0.68593,0.31016,70.35,70.00,0.1174,9,110.06,1
391.9445,6144,0.06287,0.80666,0.15550,72.67,72.00,0.1337,10,110.06,1
392.0057,6145,0.05195,0.89866,0.12981,73.05,73.00,0.1364,9,110.05,1
392.0701,6146,0.02612,0.96474,0.05812,74.13,74.00,0.1439,10,109.95,1
392.1290,6147,0.00000,1.00361,0.03276,74.51,74.00,0.1466,10,109.95,1
392.1900,6148,0.00000,1.02569,0.04788,74.28,74.00,0.1450,8,109.96,1
392.2495,6149,0.03894,0.90598,0.19287,72.11,72.00,0.1297,9,109.86,1
392.3117,6150,0.04179,0.73507,0.19815,72.03,72.00,0.1292,10,109.87,1
392.3742,6151,0.06463,0.68997,0.27198,70.92,70.00,0.1214,9,109.79,1
392.4354,6152,0.03872,0.76803,0.16106,72.58,72.00,0.1331,10,109.71,1
392.4958,6153,0.05978,0.72026,0.23880,71.42,71.00,0.1249,9,109.84,1
392.5563,6154,0.05891,0.83112,0.22318,71.65,71.00,0.1266,9,109.85,1
392.6185,6155,0.05792,0.91516,0.21122,71.83,71.00,0.1278,9,109.77,1
392.6778,6156,0.05078,0.97175,0.18137,72.28,72.00,0.1310,9,109.79,1
392.7391,6157,0.03259,1.00737,0.11982,73.20,73.00,0.1374,10,109.81,1
392.8069,6158,0.00000,1.02784,0.07283,73.91,73.00,0.1424,10,109.73,1
392.8662,6159,0.00000,1.03186,0.07049,73.94,73.00,0.1426,10,109.66,1
392.9272,6160,0.00000,1.02713,0.07148,73.93,73.00,0.1425,10,109.59,1
392.9859,6161,0.00000,1.02395,0.13725,72.94,72.00,0.1356,9,109.53,1
393.0454,6162,0.00000,1.01933,0.11527,73.27,73.00,0.1379,10,109.48,1
393.1016,6163,0.00000,1.00565,0.10957,73.36,73.00,0.1385,10,109.43,1
393.1584,6164,0.00000,1.00356,0.10980,73.35,73.00,0.1385,10,109.49,1
393.2154,6165,0.00000,0.86533,0.11362,73.30,73.00,0.1381,11,109.44,1
393.2726,6166,0.00000,0.79532,0.08979,73.65,73.00,0.1406,11,109.40,1
393.3300,6167,0.02131,0.70240,0.21215,71.82,71.00,0.1277,9,109.46,1
393.3885,6168,0.05556,0.61003,0.31857,70.22,70.00,0.1166,9,109.51,1
393.4476,6169,0.03434,0.73997,0.20816,71.88,71.00,0.1281,10,109.46,1
393.5119,6170,0.04417,0.84869,0.23169,71.52,71.00,0.1257,9,109.41,1
393.5713,6171,0.02636,0.83831,0.15566,72.67,72.00,0.1337,11,109.37,1
393.6289,6172,0.00000,0.77656,0.10455,73.43,73.00,0.1390,11,109.34,1
393.6856,6173,0.00000,0.86843,0.10491,73.43,73.00,0.1390,10,109.40,1
393.7445,6174,0.00000,0.93349,0.10938,73.36,73.00,0.1385,10,109.26,1
393.8037,6175,0.03068,0.65343,0.20585,71.91,71.00,0.1284,10,109.34,1
393.8612,6176,0.04938,0.44126,0.26151,71.08,71.00,0.1225,10,109.50,1
393.9194,6177,0.07073,0.46494,0.31554,70.27,70.00,0.1169,9,109.45,1
393.9773,6178,0.06483,0.56390,0.26348,71.05,71.00,0.1223,10,109.51,1
394.0324,6179,0.07617,0.49108,0.28625,70.71,70.00,0.1199,10,109.56,1
394.0892,6180,0.05100,0.58531,0.17630,72.36,72.00,0.1315,11,109.70,1
394.1448,6181,0.02914,0.63041,0.10212,73.47,73.00,0.1393,11,109.63,1
394.2066,6182,0.00000,0.80056,0.01275,74.81,74.00,0.1487,11,109.67,1
394.2640,6183,0.00000,0.79955,0.01532,74.77,74.00,0.1484,11,109.50,1
394.3221,6184,0.00000,0.89328,0.04839,74.27,74.00,0.1449,10,109.45,1
394.3797,6185,-0.02817,0.78255,0.01886,74.72,74.00,0.1480,12,109.41,1
394.4411,6186,-0.03466,0.68869,0.02519,74.62,74.00,0.1474,12,109.26,1
394.4971,6187,0.00000,0.54308,0.14669,72.80,72.00,0.1346,11,109.24,1
394.5531,6188,0.02329,0.45906,0.25179,71.22,71.00,0.1236,10,109.21,1
394.6113,6189,0.00000,0.45972,0.15051,72.74,72.00,0.1342,12,109.19,1
394.6690,6190,0.00000,0.37651,0.18241,72.26,72.00,0.1308,11,109.17,1
394.7248,6191,0.00000,0.39528,0.15649,72.65,72.00,0.1336,12,109.06,1
394.7792,6192,0.03666,0.33275,0.25861,71.12,71.00,0.1228,10,108.95,1
394.8341,6193,0.03855,0.31055,0.24308,71.35,71.00,0.1245,11,108.86,1
394.8957,6194,0.05272,0.27154,0.27352,70.90,70.00,0.1213,10,109.27,1
394.9521,6195,0.08078,0.11549,0.34913,69.76,69.00,0.1133,11,109.24,1
395.0072,6196,0.08969,0.25074,0.34457,69.83,69.00,0.1138,9,109.22,1
395.0627,6197,0.08732,0.27598,0.30234,70.46,70.00,0.1183,11,109.20,1
395.1195,6198,0.06066,0.58302,0.18491,72.23,72.00,0.1306,11,109.08,1
395.1804,6199,0.04305,0.81104,0.12613,73.11,73.00,0.1368,11,108.87,1
395.2402,6200,0.04482,0.96544,0.14806,72.78,72.00,0.1345,10,108.88,1
395.2987,6201,0.02912,0.94070,0.10285,73.46,73.00,0.1392,12,108.69,1
395.3571,6202,0.06681,0.60213,0.25325,71.20,71.00,0.1234,11,108.52,1
395.4190,6203,0.05158,0.51176,0.18512,72.22,72.00,0.1306,12,107.77,1
395.4810,6204,0.06197,0.32306,0.22223,71.67,71.00,0.1267,11,107.70,1
395.5376,6205,0.07472,0.37340,0.25980,71.10,71.00,0.1227,10,107.63,1
395.6000,6206,0.07744,0.26261,0.25382,71.19,71.00,0.1233,11,107.56,1
395.6570,6207,0.07826,0.19939,0.24482,71.33,71.00,0.1243,11,107.61,1
395.7162,6208,0.08169,0.18631,0.24727,71.29,71.00,0.1240,11,107.55,1
395.7743,6209,0.10388,0.18625,0.31563,70.27,70.00,0.1169,10,107.49,1
395.8318,6210,0.09460,0.16979,0.26010,71.10,71.00,0.1227,11,107.34,1
395.8895,6211,0.08859,0.15480,0.22918,71.56,71.00,0.1259,11,107.41,1
395.9465,6212,0.08049,0.18427,0.19809,72.03,72.00,0.1292,11,106.82,1
396.0030,6213,0.08155,0.32309,0.20589,71.91,71.00,0.1284,10,106.74,1
396.0595,6214,0.07199,0.44933,0.17430,72.39,72.00,0.1317,9,106.76,1
396.1166,6215,0.09837,0.61451,0.27614,70.86,70.00,0.1210,9,106.89,1
396.1755,6216,0.08929,0.53536,0.23058,71.54,71.00,0.1258,11,107.00,1
396.2370,6217,0.06474,0.65050,0.14151,72.88,72.00,0.1351,11,107.00,1
396.3049,6218,0.06902,0.65138,0.17499,72.38,72.00,0.1316,10,107.00,1
396.3633,6219,0.07199,0.61661,0.19298,72.11,72.00,0.1297,10,107.10,1
396.4197,6220,0.07141,0.49186,0.19437,72.08,72.00,0.1296,11,107.29,1
396.4765,6221,0.06669,0.33807,0.18074,72.29,72.00,0.1310,11,106.66,1
396.5328,6222,0.05388,0.46725,0.14121,72.88,72.00,0.1352,10,106.59,1
396.5911,6223,0.03487,0.47615,0.08792,73.68,73.00,0.1408,12,105.98,1
396.6488,6224,0.04338,0.49142,0.14199,72.87,72.00,0.1351,10,105.49,1
396.7059,6225,0.03083,0.50940,0.10871,73.37,73.00,0.1386,12,105.64,1
396.7632,6226,0.02687,0.59828,0.11186,73.32,73.00,0.1383,11,105.87,1
396.8226,6227,0.00000,0.55523,0.08570,73.71,73.00,0.1410,12,106.09,1
396.8795,6228,0.05759,0.44477,0.25163,71.23,71.00,0.1236,10,106.18,1
396.9382,6229,0.05477,0.27331,0.22527,71.62,71.00,0.1263,9,106.36,1
397.0052,6230,0.06764,0.35381,0.25910,71.11,71.00,0.1228,10,106.52,1
397.0628,6231,0.06209,0.17409,0.22407,71.64,71.00,0.1265,11,106.87,1
397.1201,6232,0.06865,0.17634,0.23954,71.41,71.00,0.1248,11,106.98,1
397.1805,6233,0.07197,0.33058,0.24055,71.39,71.00,0.1247,10,107.09,1
397.2389,6234,0.05610,0.51531,0.17518,72.37,72.00,0.1316,11,107.18,1
397.2948,6235,0.04351,0.64159,0.13548,72.97,72.00,0.1358,11,107.26,1
397.3538,6236,0.04692,0.37710,0.16052,72.59,72.00,0.1331,11,107.53,1
397.4095,6237,0.05822,0.44053,0.20671,71.90,71.00,0.1283,10,107.58,1
397.4674,6238,0.06958,0.47171,0.24315,71.35,71.00,0.1245,10,107.62,1
397.5245,6239,0.07294,0.35505,0.24398,71.34,71.00,0.1244,11,107.86,1
397.5832,6240,0.08001,0.41123,0.25827,71.13,71.00,0.1229,10,107.97,1
397.6414,6241,0.08217,0.47775,0.25285,71.21,71.00,0.1235,10,107.98,1
397.7043,6242,0.08239,0.53039,0.24203,71.37,71.00,0.1246,10,107.98,1
397.7621,6243,0.08423,0.54393,0.24084,71.39,71.00,0.1247,10,108.08,1
397.8179,6244,0.09740,0.41626,0.28037,70.79,70.00,0.1206,10,107.52,1
397.8766,6245,0.11945,0.54535,0.34276,69.86,69.00,0.1140,9,107.67,1
397.9355,6246,0.11032,0.54066,0.28336,70.75,70.00,0.1202,10,107.80,1
397.9930,6247,0.12446,0.64174,0.32046,70.19,70.00,0.1164,9,108.02,1
398.0520,6248,0.09544,0.82006,0.19877,72.02,72.00,0.1291,10,107.92,1
398.1123,6249,0.11228,0.81222,0.26554,71.02,71.00,0.1221,9,107.92,1
398.1693,6250,0.12389,0.81207,0.29915,70.51,70.00,0.1186,9,107.83,1
398.2270,6251,0.13146,0.79872,0.31212,70.32,70.00,0.1172,9,107.83,1
398.2836,6252,0.13595,0.78967,0.31267,70.31,70.00,0.1172,9,107.85,1
398.3404,6253,0.13627,0.80829,0.29943,70.51,70.00,0.1186,9,108.06,1
398.4053,6254,0.13852,0.79540,0.29518,70.57,70.00,0.1190,9,107.96,1
398.4640,6255,0.13783,0.78993,0.28363,70.75,70.00,0.1202,9,107.96,1
398.5202,6256,0.13948,0.77691,0.28355,70.75,70.00,0.1202,9,108.16,1
398.5758,6257,0.14016,0.76523,0.28054,70.79,70.00,0.1205,9,108.34,1
398.6326,6258,0.14002,0.76275,0.27543,70.87,70.00,0.1211,9,108.34,1
398.6908,6259,0.13380,0.76479,0.25029,71.25,71.00,0.1237,8,108.61,1
398.7494,6260,0.13529,0.76360,0.25790,71.13,71.00,0.1229,9,108.55,1
398.8056,6261,0.13632,0.75613,0.26205,71.07,71.00,0.1225,9,108.59,1
398.8645,6262,0.13703,0.75218,0.26414,71.04,71.00,0.1223,9,108.59,1
398.9224,6263,0.12014,0.85718,0.20399,71.94,71.00,0.1286,7,108.59,1
398.9807,6264,0.10791,0.93460,0.17317,72.40,72.00,0.1318,7,108.59,1
399.0369,6265,0.11707,0.89676,0.22265,71.66,71.00,0.1266,9,108.59,1
399.1001,6266,0.12179,0.84406,0.24573,71.31,71.00,0.1242,9,108.59,1
399.1599,6267,0.11716,0.91238,0.23032,71.55,71.00,0.1258,8,108.59,1
399.2220,6268,0.12074,0.86821,0.24686,71.30,71.00,0.1241,9,108.63,1
399.2814,6269,0.11609,0.92685,0.23083,71.54,71.00,0.1258,8,108.63,1
399.3372,6270,0.11960,0.87319,0.24648,71.30,71.00,0.1241,9,108.63,1
399.3967,6271,0.12323,0.84236,0.25916,71.11,71.00,0.1228,9,108.63,1
399.4552,6272,0.12546,0.81369,0.26425,71.04,71.00,0.1223,9,108.63,1
399.5134,6273,0.08966,0.88583,0.13499,72.98,72.00,0.1358,10,108.63,1
399.5727,6274,0.09725,0.84216,0.18610,72.21,72.00,0.1305,8,108.63,1
399.6346,6275,0.09471,0.67327,0.18943,72.16,72.00,0.1301,8,108.63,1
399.6923,6276,0.10071,0.78769,0.22026,71.70,71.00,0.1269,8,108.77,1
399.7526,6277,0.11228,0.77536,0.26354,71.05,71.00,0.1223,9,108.77,1
399.8196,6278,0.11458,0.87378,0.26404,71.04,71.00,0.1223,8,108.77,1
399.8811,6279,0.08493,0.89129,0.15523,72.67,72.00,0.1337,6,108.77,1
399.9455,6280,0.10082,0.84088,0.22872,71.57,71.00,0.1260,8,108.77,1
400.0167,6281,0.09854,0.91644,0.22143,71.68,71.00,0.1268,7,108.77,1
400.0799,6282,0.10823,0.87463,0.25656,71.15,71.00,0.1231,8,108.77,1
400.1442,6283,0.11164,0.83835,0.26229,71.07,71.00,0.1225,8,108.77,1
400.2097,6284,0.10490,0.90852,0.23214,71.52,71.00,0.1256,7,108.77,1
400.2703,6285,0.10306,0.95783,0.22627,71.61,71.00,0.1262,7,108.77,1
400.3318,6286,0.11246,0.88426,0.26052,71.09,71.00,0.1226,8,108.77,1
400.3964,6287,0.08727,0.88385,0.16716,72.49,72.00,0.1324,6,108.77,1
400.4689,6288,0.10179,0.84038,0.23416,71.49,71.00,0.1254,8,108.77,1
400.5454,6289,0.10033,0.41212,0.22817,71.58,71.00,0.1260,9,108.77,1
400.6170,6290,0.11149,0.50677,0.26607,71.01,71.00,0.1221,8,108.77,1
400.6804,6291,0.12227,0.59324,0.29477,70.58,70.00,0.1190,8,108.77,1
400.7416,6292,0.11980,0.76769,0.27305,70.90,70.00,0.1213,7,108.77,1
400.7998,6293,0.11540,0.88953,0.25051,71.24,71.00,0.1237,7,108.77,1
400.8606,6294,0.12431,0.86167,0.27936,70.81,70.00,0.1207,9,108.77,1
400.9227,6295,0.11510,0.70372,0.23861,71.42,71.00,0.1249,8,108.77,1
400.9839,6296,0.10077,0.56855,0.18984,72.15,72.00,0.1301,7,108.77,1
401.0444,6297,0.09779,0.73078,0.19119,72.13,72.00,0.1299,7,108.77,1
401.1063,6298,0.10833,0.73066,0.23861,71.42,71.00,0.1249,8,108.77,1
401.1656,6299,0.11169,0.85321,0.24977,71.25,71.00,0.1238,8,108.77,1
401.2252,6300,0.12586,0.83518,0.29625,70.56,70.00,0.1189,9,108.77,1
401.2856,6301,0.12493,0.92082,0.28017,70.80,70.00,0.1206,8,108.77,1
401.3530,6302,0.12578,0.88277,0.27376,70.89,70.00,0.1213,8,108.77,1
401.4136,6303,0.12192,0.94514,0.25408,71.19,71.00,0.1233,8,108.77,1
401.4814,6304,0.11570,0.52744,0.23087,71.54,71.00,0.1258,10,108.77,1
401.5445,6305,0.12422,0.59281,0.26372,71.04,71.00,0.1223,9,108.77,1
401.6127,6306,0.09990,0.67750,0.17614,72.36,72.00,0.1315,7,108.77,1
401.6878,6307,0.11535,0.67445,0.24693,71.30,71.00,0.1241,9,108.77,1
401.7507,6308,0.11853,0.82240,0.25651,71.15,71.00,0.1231,8,108.77,1
401.8127,6309,0.12389,0.80430,0.27164,70.93,70.00,0.1215,8,108.77,1
401.8743,6310,0.11597,0.90415,0.23801,71.43,71.00,0.1250,7,108.77,1
401.9360,6311,0.11677,0.97120,0.24232,71.37,71.00,0.1246,8,108.77,1
401.9936,6312,0.11584,1.01033,0.23955,71.41,71.00,0.1248,8,108.77,1
402.0512,6313,0.12373,0.92264,0.26817,70.98,70.00,0.1218,9,108.77,1
402.1158,6314,0.13282,0.85199,0.29424,70.59,70.00,0.1191,9,108.77,1
402.1756,6315,0.13418,0.80666,0.28853,70.67,70.00,0.1197,8,108.77,1
402.2348,6316,0.13444,0.80230,0.28105,70.78,70.00,0.1205,9,108.77,1
402.2932,6317,0.13587,0.76650,0.27992,70.80,70.00,0.1206,9,108.77,1
402.3531,6318,0.14005,0.72907,0.28889,70.67,70.00,0.1197,9,108.77,1
402.4129,6319,0.13919,0.74062,0.27871,70.82,70.00,0.1207,9,108.77,1
402.4721,6320,0.14149,0.72390,0.28232,70.77,70.00,0.1204,9,108.77,1
402.5310,6321,0.14218,0.73663,0.27987,70.80,70.00,0.1206,9,108.77,1
402.5888,6322,0.13165,0.84672,0.23903,71.41,71.00,0.1249,8,108.77,1
402.6478,6323,0.13434,0.79652,0.25348,71.20,71.00,0.1234,9,108.77,1
402.7118,6324,0.13728,0.77455,0.26544,71.02,71.00,0.1221,9,108.77,1
402.7754,6325,0.14017,0.73711,0.27428,70.89,70.00,0.1212,9,108.77,1
402.8431,6326,0.13940,0.73042,0.26836,70.97,70.00,0.1218,9,108.89,1
402.9042,6327,0.11952,0.55947,0.19859,72.02,72.00,0.1291,7,108.89,1
402.9667,6328,0.08561,0.72681,0.09580,73.56,73.00,0.1399,10,108.89,1
403.0283,6329,0.09769,0.72217,0.17287,72.41,72.00,0.1318,8,108.89,1
403.0890,6330,0.05861,0.83148,0.05305,74.20,74.00,0.1444,9,108.89,1
403.1502,6331,0.02095,0.89852,-0.03672,76.29,76.00,0.1461,8,108.89,1
403.2105,6332,0.04995,0.68924,0.12141,73.18,73.00,0.1373,8,108.89,1
403.2726,6333,0.05496,0.78363,0.15822,72.63,72.00,0.1334,9,108.89,1
403.3444,6334,0.02297,0.88971,0.05917,74.11,74.00,0.1438,10,108.89,1
403.4079,6335,0.00000,0.96037,0.01580,74.76,74.00,0.1483,10,108.89,1
403.4714,6336,0.00000,1.00359,0.08014,73.80,73.00,0.1416,9,108.89,1
403.5340,6337,0.02143,1.02662,0.14209,72.87,72.00,0.1351,9,108.89,1
403.6020,6338,0.04450,1.00620,0.22773,71.58,71.00,0.1261,9,109.00,1
403.6625,6339,0.05954,0.97719,0.26650,71.00,71.00,0.1220,9,109.20,1
403.7215,6340,0.05207,0.88714,0.22062,71.69,71.00,0.1268,10,109.20,1
403.7845,6341,0.03782,0.82205,0.16157,72.58,72.00,0.1330,10,109.20,1
403.8460,6342,0.00000,0.87784,0.06818,73.98,73.00,0.1428,10,109.20,1
403.9136,6343,0.03555,0.72445,0.18173,72.27,72.00,0.1309,9,109.20,1
403.9767,6344,0.05440,0.61632,0.24447,71.33,71.00,0.1243,9,109.20,1
404.0404,6345,0.02133,0.59950,0.11458,73.28,73.00,0.1380,11,109.20,1
404.0998,6346,0.00000,0.75036,0.06014,74.10,74.00,0.1437,10,109.20,1
404.1598,6347,0.03963,0.42880,0.21581,71.76,71.00,0.1273,9,109.20,1
404.2205,6348,0.02943,0.53009,0.16920,72.46,72.00,0.1322,10,109.28,1
404.2805,6349,0.08122,0.58100,0.34973,69.75,69.00,0.1133,8,109.28,1
404.3572,6350,0.12017,0.65398,0.43458,68.48,68.00,0.1044,8,109.36,1
404.4204,6351,0.14896,0.69288,0.47815,67.83,67.00,0.0998,9,109.32,1
404.4853,6352,0.10097,0.84771,0.25134,71.23,71.00,0.1236,11,109.29,1
404.5539,6353,0.05456,0.95464,0.08635,73.70,73.00,0.1409,10,109.29,1
404.6297,6354,0.02861,1.00451,0.03490,74.48,74.00,0.1463,11,109.06,1
404.7097,6355,0.00000,1.04108,-0.00584,75.20,75.00,0.1494,10,109.06,1
404.7765,6356,0.00000,1.04857,0.07632,73.86,73.00,0.1420,9,109.55,1
404.8442,6357,0.02978,1.04639,0.15348,72.70,72.00,0.1339,9,109.40,1
404.9141,6358,0.03986,1.03886,0.19280,72.11,72.00,0.1298,9,109.26,1
404.9845,6359,0.02763,1.00891,0.14661,72.80,72.00,0.1346,10,109.13,1
405.0479,6360,0.00000,1.00215,0.10412,73.44,73.00,0.1391,10,109.02,1
405.1097,6361,0.02026,1.00061,0.13934,72.91,72.00,0.1354,11,109.02,1
405.1783,6362,0.00000,0.98761,0.11861,73.22,73.00,0.1375,10,108.92,1
405.2463,6363,0.00000,0.98860,0.11540,73.27,73.00,0.1379,10,108.73,1
405.3085,6364,0.02014,0.98606,0.16234,72.56,72.00,0.1330,11,108.75,1
405.3766,6365,0.00000,0.97959,0.13584,72.96,72.00,0.1357,10,108.68,1
405.4390,6366,0.00000,0.98688,0.14653,72.80,72.00,0.1346,11,108.68,1
405.5020,6367,0.02151,0.87842,0.16835,72.47,72.00,0.1323,12,108.51,1
405.5658,6368,0.00000,0.91598,0.13915,72.91,72.00,0.1354,10,108.46,1
405.6250,6369,0.00000,0.94739,0.13274,73.01,73.00,0.1361,10,108.91,1
405.6878,6370,0.00000,0.95971,0.13345,73.00,72.00,0.1360,10,108.82,1
405.7491,6371,0.00000,0.96661,0.13435,72.98,72.00,0.1359,10,108.84,1
405.8091,6372,0.00000,0.98085,0.13508,72.97,72.00,0.1358,10,108.86,1
405.8691,6373,0.00000,0.99352,0.13215,73.02,73.00,0.1361,10,108.77,1
405.9424,6374,0.00000,0.86607,0.10624,73.41,73.00,0.1388,11,108.79,1
406.0027,6375,0.00000,0.91078,0.12410,73.14,73.00,0.1370,10,108.71,1
406.0618,6376,0.00000,0.94563,0.15973,72.60,72.00,0.1332,11,108.71,1
406.1202,6377,0.00000,0.97133,0.14999,72.75,72.00,0.1343,10,108.64,1
406.1804,6378,0.00000,0.98939,0.14448,72.83,72.00,0.1348,10,108.58,1
406.2448,6379,0.00000,1.00138,0.14102,72.88,72.00,0.1352,10,108.52,1
406.3144,6380,0.00000,0.84520,0.16123,72.58,72.00,0.1331,11,108.52,1
406.3862,6381,0.00000,0.89727,0.14829,72.78,72.00,0.1344,10,108.37,1
406.4496,6382,0.00000,0.78355,0.15567,72.66,72.00,0.1337,12,108.43,1
406.5128,6383,0.00000,0.74724,0.13774,72.93,72.00,0.1355,11,108.39,1
406.5753,6384,0.00000,0.84070,0.16029,72.60,72.00,0.1332,11,108.35,1
406.6344,6385,0.02073,0.74360,0.17872,72.32,72.00,0.1312,11,108.31,1
406.7041,6386,0.00000,0.84569,0.09842,73.52,73.00,0.1397,11,108.28,1
406.7636,6387,0.00000,0.92109,0.13831,72.93,72.00,0.1355,11,108.25,1
406.8261,6388,0.00000,0.80582,0.09908,73.51,73.00,0.1396,12,107.08,1
406.8869,6389,0.00000,0.86677,0.14489,72.83,72.00,0.1348,11,107.08,1
406.9481,6390,0.00000,0.92581,0.16344,72.55,72.00,0.1328,11,107.08,1
407.0129,6391,0.00000,0.84182,0.14963,72.76,72.00,0.1343,12,107.07,1
407.0776,6392,0.00000,0.78420,0.15972,72.60,72.00,0.1332,12,107.16,1
407.1401,6393,0.00000,0.67734,0.13780,72.93,72.00,0.1355,13,107.25,1
407.2042,6394,0.00000,0.78708,0.16016,72.60,72.00,0.1332,11,107.22,1
407.2662,6395,0.02259,0.88303,0.19180,72.12,72.00,0.1299,11,107.30,1
407.3250,6396,0.02519,0.93919,0.19289,72.11,72.00,0.1297,11,107.37,1
407.3848,6397,0.00000,0.97041,0.13859,72.92,72.00,0.1354,10,107.23,1
407.4517,6398,0.00000,0.99513,0.08261,73.76,73.00,0.1413,11,107.23,1
407.5163,6399,0.00000,1.00766,0.09726,73.54,73.00,0.1398,10,107.31,1
407.5881,6400,0.00000,0.92925,0.15546,72.67,72.00,0.1337,10,107.48,1
407.6612,6401,0.00000,0.82695,0.16857,72.47,72.00,0.1323,12,107.43,1
407.7277,6402,0.02189,0.89068,0.19598,72.06,72.00,0.1294,11,107.59,1
407.7905,6403,0.02301,0.80480,0.19007,72.15,72.00,0.1300,12,107.73,1
407.8564,6404,0.02383,0.86064,0.18483,72.23,72.00,0.1306,11,107.46,1
407.9195,6405,0.02403,0.89947,0.17943,72.31,72.00,0.1312,11,107.51,1
407.9843,6406,0.02356,0.93574,0.17327,72.40,72.00,0.1318,11,107.36,1
408.0484,6407,0.02475,0.95526,0.17466,72.38,72.00,0.1317,11,107.32,1
408.1139,6408,0.00000,0.70180,0.12446,73.13,73.00,0.1369,12,107.09,1
408.1826,6409,0.00000,0.68010,0.13473,72.98,72.00,0.1359,12,107.08,1
408.2529,6410,0.00000,0.62918,0.13600,72.96,72.00,0.1357,12,106.02,1
408.3157,6411,0.00000,0.76977,0.13920,72.91,72.00,0.1354,11,106.12,1
408.3817,6412,0.02929,0.76788,0.20012,72.00,71.00,0.1290,11,105.46,1
408.4451,6413,0.02634,0.85375,0.18080,72.29,72.00,0.1310,11,105.61,1
408.5105,6414,0.02216,0.81411,0.16204,72.57,72.00,0.1330,12,105.85,1
408.5730,6415,0.02164,0.88830,0.16052,72.59,72.00,0.1331,11,105.97,1
408.6377,6416,0.02011,0.94667,0.15587,72.66,72.00,0.1336,11,106.07,1
408.7015,6417,0.02076,0.97527,0.15972,72.60,72.00,0.1332,11,106.06,1
408.7658,6418,0.00000,0.88155,0.13729,72.94,72.00,0.1356,12,106.06,1
408.8261,6419,0.00000,0.92787,0.14055,72.89,72.00,0.1352,11,106.15,1
408.8883,6420,0.00000,0.84259,0.13904,72.91,72.00,0.1354,12,106.24,1
408.9496,6421,0.00000,0.88843,0.13833,72.93,72.00,0.1355,12,106.41,1
409.0182,6422,0.03586,0.94091,0.21857,71.72,71.00,0.1270,10,106.47,1
409.0784,6423,0.03179,0.96577,0.19214,72.12,72.00,0.1298,11,106.52,1
409.1391,6424,0.00000,0.79542,0.12089,73.19,73.00,0.1373,13,106.57,1
409.1971,6425,0.00000,0.71584,0.11793,73.23,73.00,0.1376,12,106.61,1
409.2573,6426,0.00000,0.67528,0.12220,73.17,73.00,0.1372,12,105.95,1
409.3202,6427,0.00000,0.78555,0.13580,72.96,72.00,0.1357,11,106.16,1
409.3808,6428,0.00000,0.85001,0.10893,73.37,73.00,0.1386,10,105.64,1
409.4452,6429,0.00000,0.92257,0.13201,73.02,73.00,0.1361,11,105.88,1
409.5097,6430,0.00000,0.96767,0.11097,73.34,73.00,0.1383,12,105.99,1
409.5717,6431,0.00000,0.87669,0.11170,73.32,73.00,0.1383,11,106.09,1
409.6323,6432,0.00000,0.80863,0.13800,72.93,72.00,0.1355,12,106.08,1
409.6909,6433,0.00000,0.86821,0.16510,72.52,72.00,0.1327,11,106.17,1
409.7597,6434,0.00000,0.77820,0.15707,72.64,72.00,0.1335,12,105.26,1
409.8205,6435,0.00000,0.72896,0.15051,72.74,72.00,0.1342,12,104.78,1
409.8805,6436,0.00000,0.80448,0.15151,72.73,72.00,0.1341,11,104.40,1
409.9405,6437,0.00000,0.88412,0.12827,73.08,73.00,0.1365,10,104.76,1
409.9973,6438,0.00000,0.92650,0.14540,72.82,72.00,0.1347,12,104.99,1
410.0554,6439,0.00000,0.96807,0.15681,72.65,72.00,0.1335,11,105.19,1
410.1147,6440,0.00000,0.96068,0.15824,72.63,72.00,0.1334,11,104.72,1
410.1739,6441,0.00000,0.98176,0.15830,72.63,72.00,0.1334,11,104.85,1
410.2326,6442,0.00000,0.99391,0.15883,72.62,72.00,0.1333,11,105.06,1
410.2922,6443,0.00000,0.99403,0.15509,72.67,72.00,0.1337,11,105.36,1
410.3526,6444,0.00000,0.88242,0.12589,73.11,73.00,0.1368,11,105.42,1
410.4158,6445,0.00000,0.91981,0.13704,72.94,72.00,0.1356,11,105.78,1
410.4824,6446,0.00000,0.80848,0.13694,72.95,72.00,0.1356,12,105.30,1
410.5500,6447,0.02900,0.78972,0.21377,71.79,71.00,0.1276,11,105.57,1
410.6122,6448,0.02591,0.84750,0.19005,72.15,72.00,0.1300,11,105.11,1
410.6783,6449,0.02282,0.78284,0.17206,72.42,72.00,0.1319,12,105.40,1
410.7403,6450,0.00000,0.66935,0.12066,73.19,73.00,0.1373,13,105.66,1
410.8016,6451,0.00000,0.67565,0.09471,73.58,73.00,0.1401,11,105.70,1
410.8637,6452,0.00000,0.79863,0.09819,73.53,73.00,0.1397,10,105.93,1
410.9241,6453,0.00000,0.88417,0.13061,73.04,73.00,0.1363,12,106.13,1
410.9838,6454,0.00000,0.94850,0.15242,72.71,72.00,0.1340,11,106.32,1
411.0439,6455,0.00000,0.95996,0.12887,73.07,73.00,0.1365,10,105.69,1
411.1039,6456,0.00000,0.98449,0.12692,73.10,73.00,0.1367,10,105.82,1
411.1656,6457,0.00000,0.97196,0.14409,72.84,72.00,0.1349,11,104.94,1
411.2399,6458,0.00000,0.87105,0.16773,72.48,72.00,0.1324,12,105.14,1
411.3009,6459,0.00000,0.79491,0.16908,72.46,72.00,0.1322,12,105.33,1
411.3574,6460,0.00000,0.85797,0.14560,72.82,72.00,0.1347,10,105.50,1
411.4152,6461,0.00000,0.82154,0.15829,72.63,72.00,0.1334,12,105.75,1
411.4731,6462,0.00000,0.88445,0.13588,72.96,72.00,0.1357,10,105.87,1
411.5323,6463,0.00000,0.81927,0.11892,73.22,73.00,0.1375,11,105.87,1
411.5888,6464,0.00000,0.88655,0.14746,72.79,72.00,0.1345,11,106.08,1
411.6469,6465,0.00000,0.94089,0.16486,72.53,72.00,0.1327,11,106.28,1
411.7057,6466,0.00000,0.97726,0.14337,72.85,72.00,0.1349,10,106.35,1
411.7638,6467,0.00000,0.88608,0.14842,72.77,72.00,0.1344,13,106.41,1
411.8218,6468,0.00000,0.80974,0.14987,72.75,72.00,0.1343,13,106.57,1
411.8807,6469,0.00000,0.75866,0.15219,72.72,72.00,0.1340,13,106.72,1
411.9468,6470,0.00000,0.83825,0.15954,72.61,72.00,0.1332,11,106.74,1
412.0050,6471,0.00000,0.79474,0.13393,72.99,72.00,0.1359,11,106.77,1
412.0642,6472,0.00000,0.81992,0.15976,72.60,72.00,0.1332,12,106.89,1
412.1226,6473,0.00000,0.89252,0.13606,72.96,72.00,0.1357,10,106.80,1
412.1801,6474,0.00000,0.90445,0.11570,73.26,73.00,0.1379,10,105.82,1
412.2365,6475,0.00000,0.94582,0.11480,73.28,73.00,0.1379,11,106.04,1
412.2936,6476,0.00000,0.87438,0.11747,73.24,73.00,0.1377,11,106.24,1
412.3546,6477,0.00000,0.92083,0.08351,73.75,73.00,0.1412,11,106.31,1
412.4139,6478,0.00000,0.84349,0.13343,73.00,72.00,0.1360,12,106.48,1
412.4738,6479,-0.02238,0.89713,0.07586,73.86,73.00,0.1420,11,106.53,1
412.5338,6480,-0.03196,0.93544,0.05566,74.17,74.00,0.1442,11,106.68,1
412.5928,6481,-0.03529,0.88832,0.06018,74.10,74.00,0.1437,13,106.81,1
412.6572,6482,-0.02252,0.92475,0.12005,73.20,73.00,0.1374,10,106.93,1
412.7199,6483,0.00000,0.96170,0.16592,72.51,72.00,0.1326,10,107.04,1
412.7865,6484,0.00000,0.98623,0.17917,72.31,72.00,0.1312,10,107.13,1
412.8473,6485,0.00000,0.99179,0.20799,71.88,71.00,0.1282,11,107.22,1
412.9073,6486,0.00000,0.89102,0.18669,72.20,72.00,0.1304,11,107.30,1
412.9677,6487,0.00000,0.92509,0.16797,72.48,72.00,0.1324,10,107.37,1
413.0252,6488,0.00000,0.74970,0.13581,72.96,72.00,0.1357,13,107.43,1
413.0858,6489,0.00000,0.82520,0.09560,73.57,73.00,0.1400,11,107.49,1
413.1456,6490,0.00000,0.89169,0.12517,73.12,73.00,0.1369,10,107.54,1
413.2042,6491,-0.02318,0.93623,0.07845,73.82,73.00,0.1418,11,107.49,1
413.2675,6492,-0.03096,0.96355,0.06358,74.05,74.00,0.1433,11,107.44,1
413.3332,6493,-0.02424,0.99259,0.10191,73.47,73.00,0.1393,12,107.39,1
413.3997,6494,0.00000,1.00737,0.15716,72.64,72.00,0.1335,10,107.45,1
413.4591,6495,0.00000,1.01476,0.17139,72.43,72.00,0.1320,10,107.51,1
413.5238,6496,0.00000,1.01759,0.17629,72.36,72.00,0.1315,10,107.56,1
413.5855,6497,0.00000,0.91080,0.17600,72.36,72.00,0.1315,11,107.90,1
413.6416,6498,0.00000,0.84356,0.12605,73.11,73.00,0.1368,12,107.91,1
413.6964,6499,0.00000,0.89118,0.12530,73.12,73.00,0.1368,12,108.02,1
413.7540,6500,0.00000,0.80583,0.13630,72.96,72.00,0.1357,11,107.32,1
413.8121,6501,0.00000,0.87112,0.15224,72.72,72.00,0.1340,10,107.39,1
413.8686,6502,0.00000,0.78740,0.14730,72.79,72.00,0.1345,11,106.35,1
413.9254,6503,0.00000,0.85909,0.15190,72.72,72.00,0.1341,10,106.51,1
413.9828,6504,0.00000,0.91720,0.15206,72.72,72.00,0.1340,10,106.66,1
414.0405,6505,0.00000,0.91517,0.16217,72.57,72.00,0.1330,12,105.70,1
414.1058,6506,0.00000,0.95044,0.15005,72.75,72.00,0.1342,10,105.83,1
414.1638,6507,0.00000,0.98077,0.14549,72.82,72.00,0.1347,10,106.04,1
414.2229,6508,0.00000,0.88487,0.16370,72.54,72.00,0.1328,12,106.24,1
414.2816,6509,0.00000,0.92281,0.15294,72.71,72.00,0.1339,10,106.42,1
414.3438,6510,0.00000,0.94748,0.09851,73.52,73.00,0.1397,11,106.67,1
414.4000,6511,0.00000,0.85144,0.12043,73.19,73.00,0.1374,11,106.81,1
414.4593,6512,-0.02036,0.89490,0.07574,73.86,73.00,0.1420,11,106.93,1
414.5205,6513,0.00000,0.93369,0.12168,73.17,73.00,0.1372,10,107.03,1
414.5765,6514,0.00000,0.96254,0.16896,72.47,72.00,0.1323,11,107.13,1
414.6329,6515,0.00000,0.98296,0.12468,73.13,73.00,0.1369,11,107.22,1
414.6899,6516,0.00000,0.99945,0.14366,72.85,72.00,0.1349,10,107.30,1
414.7459,6517,0.00000,1.00137,0.15528,72.67,72.00,0.1337,10,107.37,1
414.8079,6518,0.00000,0.90333,0.17352,72.40,72.00,0.1318,12,107.43,1
414.8633,6519,0.00000,0.93478,0.19167,72.13,72.00,0.1299,11,107.49,1
414.9188,6520,0.00000,0.95413,0.16981,72.45,72.00,0.1322,10,107.54,1
414.9749,6521,0.00000,0.96660,0.15703,72.64,72.00,0.1335,10,107.58,1
415.0313,6522,0.00000,0.87405,0.16175,72.57,72.00,0.1330,12,107.53,1
415.0883,6523,0.02083,0.82514,0.18655,72.20,72.00,0.1304,12,107.57,1
415.1446,6524,0.00000,0.83219,0.15413,72.69,72.00,0.1338,11,107.52,1
415.2031,6525,0.00000,0.76882,0.15265,72.71,72.00,0.1340,12,107.46,1
415.2605,6526,0.00000,0.84403,0.13321,73.00,73.00,0.1360,10,107.42,1
415.3192,6527,0.00000,0.80128,0.11104,73.33,73.00,0.1383,11,107.48,1
415.3783,6528,0.00000,0.83367,0.13717,72.94,72.00,0.1356,12,107.43,1
415.4366,6529,0.00000,0.78927,0.14717,72.79,72.00,0.1345,12,107.39,1
415.5118,6530,0.00000,0.74904,0.14777,72.78,72.00,0.1345,12,107.45,1
415.5728,6531,0.00000,0.77427,0.13709,72.94,72.00,0.1356,11,106.75,1
415.6328,6532,0.03218,0.87141,0.21660,71.75,71.00,0.1273,10,106.68,1
415.6957,6533,0.02893,0.81554,0.19155,72.13,72.00,0.1299,12,106.71,1
415.7586,6534,0.02490,0.89555,0.17057,72.44,72.00,0.1321,11,106.74,1
415.8206,6535,0.02504,0.90363,0.16939,72.46,72.00,0.1322,12,106.86,1
415.8861,6536,0.02374,0.94076,0.16370,72.54,72.00,0.1328,11,106.88,1
415.9566,6537,0.00000,0.86124,0.12771,73.08,73.00,0.1366,12,106.79,1
416.0197,6538,0.00000,0.92170,0.12665,73.10,73.00,0.1367,11,106.61,1
416.0815,6539,0.02997,0.88238,0.19471,72.08,72.00,0.1296,11,106.00,1
416.1424,6540,0.02724,0.86944,0.17829,72.33,72.00,0.1313,12,106.00,1
416.2036,6541,0.02278,0.87605,0.15966,72.61,72.00,0.1332,12,106.20,1
416.2734,6542,0.00000,0.80900,0.12333,73.15,73.00,0.1370,12,106.18,1
416.3450,6543,0.00000,0.83667,0.12899,73.07,73.00,0.1365,12,106.26,1
416.4081,6544,0.00000,0.78913,0.12211,73.17,73.00,0.1372,12,106.14,1
416.4722,6545,0.02160,0.75728,0.17456,72.38,72.00,0.1317,11,106.22,1
416.5431,6546,0.00000,0.73177,0.14156,72.88,72.00,0.1351,12,106.30,1
416.6062,6547,0.00000,0.69536,0.12917,73.06,73.00,0.1364,12,105.77,1
416.6690,6548,0.00000,0.75521,0.13608,72.96,72.00,0.1357,12,105.79,1
416.7331,6549,0.03716,0.48457,0.23181,71.52,71.00,0.1257,11,105.21,1
416.7940,6550,0.03103,0.60082,0.19446,72.08,72.00,0.1296,12,105.29,1
416.8567,6551,0.04990,0.42838,0.25282,71.21,71.00,0.1235,11,104.81,1
416.9196,6552,0.05213,0.27079,0.24065,71.39,71.00,0.1247,11,103.93,1
416.9927,6553,0.04476,0.38040,0.19768,72.03,72.00,0.1292,11,103.09,1
417.0603,6554,0.02436,0.47813,0.12353,73.15,73.00,0.1370,11,102.48,1
417.1268,6555,0.00000,0.54479,0.07514,73.87,73.00,0.1421,11,101.88,1
417.1980,6556,0.00000,0.36333,0.11131,73.33,73.00,0.1383,13,101.34,1
417.2644,6557,0.00000,0.29284,0.08752,73.69,73.00,0.1408,12,101.31,1
417.3282,6558,0.00000,0.21767,0.11590,73.26,73.00,0.1378,14,102.18,1
417.3938,6559,0.00000,0.28086,0.06369,74.04,74.00,0.1433,11,101.96,1
417.4622,6560,0.04004,0.23801,0.27360,70.90,70.00,0.1213,8,101.06,1
417.5418,6561,0.00000,-0.26755,0.12365,73.15,73.00,0.1370,8,101.06,1
417.6103,6562,0.00000,-0.22183,0.14392,72.84,72.00,0.1349,6,101.06,1
417.6808,6563,-0.02409,-0.22237,0.02815,74.58,74.00,0.1470,14,100.81,1
417.7469,6564,-0.03082,0.03210,0.03343,74.50,74.00,0.1465,15,99.55,1
417.8189,6565,-0.03285,0.11247,0.05312,74.20,74.00,0.1444,12,97.02,1
417.8827,6566,-0.05377,0.02518,-0.00141,75.05,75.00,0.1499,14,95.32,1
417.9530,6567,-0.10485,-0.14653,-0.14658,80.13,80.00,0.1346,13,97.93,1
418.0197,6568,-0.10592,-0.02960,-0.09278,78.25,78.00,0.1403,13,97.34,1
418.0887,6569,-0.08860,0.14388,0.00776,74.88,74.00,0.1492,12,97.34,1
418.1550,6570,-0.03089,-0.06284,0.21876,71.72,71.00,0.1270,14,96.11,1
418.2256,6571,0.06269,-0.23739,0.50126,67.48,67.00,0.0974,13,90.70,1
418.2902,6572,0.11177,-0.17957,0.57788,66.33,66.00,0.0893,13,87.43,1
418.3529,6573,0.09987,-0.23798,0.43755,68.44,68.00,0.1041,13,84.13,1
418.4185,6574,0.06595,-0.28238,0.25694,71.15,71.00,0.1230,11,81.39,1
418.4857,6575,0.07330,-0.01601,0.26503,71.02,71.00,0.1222,10,79.45,1
418.5490,6576,0.03877,0.20294,0.12973,73.05,73.00,0.1364,10,77.34,1
418.6127,6577,-0.05322,0.13854,-0.17393,81.09,81.00,0.1317,7,76.05,1
418.6773,6578,-0.09494,-0.14612,-0.23815,83.34,83.00,0.1250,10,74.00,1
418.7411,6579,0.00000,-0.22782,0.15019,72.75,75.00,0.1342,7,74.10,1
418.8123,6580,0.04584,-0.31767,0.33305,70.00,70.00,0.1150,9,73.54,1
418.8771,6581,0.04887,-0.11873,0.29851,70.52,70.00,0.1187,8,71.83,1
418.9404,6582,0.02843,-0.21076,0.19508,72.07,72.00,0.1295,15,74.20,1
419.0071,6583,0.03452,-0.29724,0.20808,71.88,71.00,0.1282,15,75.76,1
419.0774,6584,0.00000,-0.18568,0.12413,73.14,73.00,0.1370,14,75.98,1
419.1402,6585,0.00000,-0.04402,0.11541,73.27,73.00,0.1379,19,74.96,1
419.2018,6586,0.02497,-0.13284,0.17854,72.32,72.00,0.1313,16,74.43,1
419.2621,6587,0.02317,-0.39479,0.16862,72.47,72.00,0.1323,11,72.64,1
419.3273,6588,0.04876,-0.07915,0.25568,71.16,71.00,0.1232,15,70.38,1
419.3955,6589,0.06142,0.09068,0.27685,70.85,70.00,0.1209,13,69.21,1
419.4579,6590,0.03922,0.07025,0.17740,72.34,72.00,0.1314,14,67.72,1
419.5199,6591,0.02358,-0.15603,0.12355,73.15,73.00,0.1370,11,65.86,1
419.5828,6592,0.05564,0.12143,0.24634,71.30,71.00,0.1241,18,63.31,1
419.6433,6593,0.05954,0.28148,0.24436,71.33,71.00,0.1243,18,60.93,1
419.7047,6594,0.06089,0.28470,0.23435,71.48,71.00,0.1254,19,60.45,1
419.7654,6595,0.04340,0.35607,0.16256,72.56,72.00,0.1329,19,57.86,1
419.8254,6596,0.03020,0.34157,0.12194,73.17,73.00,0.1372,20,56.82,1
419.8843,6597,0.04206,0.24286,0.17687,72.35,72.00,0.1314,21,55.13,1
419.9446,6598,0.06048,0.26298,0.24209,71.37,71.00,0.1246,20,53.57,1
420.0036,6599,0.05617,0.15420,0.21399,71.79,71.00,0.1275,20,52.26,1
420.0668,6600,0.05471,0.15041,0.20232,71.97,71.00,0.1288,19,50.61,1
420.1276,6601,0.05368,0.14315,0.19537,72.07,72.00,0.1295,19,48.82,1
420.1872,6602,0.05313,0.14039,0.19191,72.12,72.00,0.1298,19,47.38,1
420.2487,6603,0.04875,0.16472,0.17598,72.36,72.00,0.1315,21,45.95,1
420.3079,6604,0.04810,0.14132,0.17645,72.35,72.00,0.1315,21,44.82,1
420.3670,6605,0.05275,0.21366,0.19517,72.07,72.00,0.1295,20,43.83,1
420.4252,6606,0.04843,0.18773,0.17836,72.32,72.00,0.1313,24,42.83,1
420.4847,6607,0.03935,0.19177,0.14850,72.77,72.00,0.1344,18,42.15,1
420.5444,6608,0.03431,0.23537,0.13939,72.91,72.00,0.1354,19,41.91,1
420.6076,6609,0.04161,0.26672,0.17513,72.37,72.00,0.1316,19,41.12,1
420.6773,6610,0.03369,0.23384,0.14930,72.76,72.00,0.1343,20,40.43,1
420.7398,6611,0.03824,0.28370,0.17178,72.42,72.00,0.1320,20,39.84,1
420.8038,6612,0.02845,0.26311,0.13962,72.91,72.00,0.1353,20,39.45,1
420.8672,6613,0.00000,0.33478,0.06986,73.95,73.00,0.1427,20,39.20,1
420.9292,6614,0.00000,0.39051,0.03771,74.43,74.00,0.1460,21,39.07,1
420.9933,6615,-0.04190,0.45054,-0.04121,76.44,76.00,0.1457,22,39.39,1
421.0557,6616,-0.06559,0.50558,-0.08103,77.84,77.00,0.1415,22,39.39,1
421.1173,6617,-0.08612,0.52328,-0.10516,78.68,78.00,0.1390,21,39.53,1
421.1792,6618,-0.06017,0.57739,0.03345,74.50,74.00,0.1465,23,40.54,1
421.2430,6619,0.00000,0.44614,0.21948,71.71,71.00,0.1270,24,42.10,1
421.3043,6620,0.03720,0.14167,0.36377,69.54,69.00,0.1118,23,43.21,1
421.3682,6621,0.06607,-0.05654,0.40677,68.90,68.00,0.1073,21,44.00,1
421.4277,6622,0.06104,-0.25612,0.33149,70.03,70.00,0.1152,19,44.65,1
421.4890,6623,0.08361,-0.26757,0.37186,69.42,69.00,0.1110,20,44.71,1
421.5524,6624,0.08576,-0.29527,0.33237,70.01,70.00,0.1151,18,44.50,1
421.6173,6625,0.09513,-0.22476,0.32952,70.06,70.00,0.1154,19,44.40,1
421.6792,6626,0.11345,-0.21238,0.36243,69.56,69.00,0.1119,18,44.43,1
421.7421,6627,0.12239,-0.27197,0.35703,69.64,69.00,0.1125,18,44.67,1
421.8048,6628,0.12423,-0.26235,0.33132,70.03,70.00,0.1152,19,45.17,1
421.8727,6629,0.14642,-0.33793,0.38204,69.27,69.00,0.1099,21,46.69,1
421.9394,6630,0.14670,-0.22479,0.34786,69.78,69.00,0.1135,22,48.20,1
422.0139,6631,0.09711,-0.04672,0.15288,72.71,72.00,0.1339,25,49.04,1
422.0927,6632,0.03818,0.08987,-0.01775,75.62,75.00,0.1481,27,48.83,1
422.1642,6633,0.00000,0.08460,-0.10414,78.65,78.00,0.1391,21,49.01,1
422.2391,6634,-0.03878,0.27676,-0.12867,79.50,79.00,0.1365,24,50.37,1
422.3110,6635,-0.07765,0.47434,-0.18324,81.41,81.00,0.1308,22,52.06,1
422.3820,6636,-0.09518,0.56687,-0.16172,80.66,80.00,0.1330,19,54.25,1
422.4557,6637,-0.08679,0.70353,-0.06333,77.22,77.00,0.1434,19,56.72,1
422.5402,6638,-0.03538,0.65380,0.15353,72.70,72.00,0.1339,18,58.11,1
422.6140,6639,0.00000,0.12827,0.29469,70.58,70.00,0.1191,16,57.20,1
422.6968,6640,0.08728,0.05006,0.48587,67.71,67.00,0.0990,22,58.01,1
422.7684,6641,0.00000,-0.15388,0.15052,72.74,72.00,0.1342,11,58.27,1
422.8428,6642,0.05183,-0.34466,0.27920,70.81,70.00,0.1207,14,58.14,1
422.9201,6643,0.06351,-0.52147,0.28678,70.70,70.00,0.1199,17,58.64,1
422.9904,6644,0.07008,-0.42967,0.28134,70.78,70.00,0.1205,18,60.35,1
423.0661,6645,0.07211,-0.28599,0.26228,71.07,71.00,0.1225,17,61.57,1
423.1376,6646,0.06558,-0.13914,0.22211,71.67,71.00,0.1267,15,60.54,1
423.2164,6647,0.00000,0.07315,-0.03120,76.09,76.00,0.1467,10,57.88,1
423.2842,6648,0.00000,-0.04105,0.09877,73.52,73.00,0.1396,11,57.88,1
423.3504,6649,0.05875,-0.11017,0.26173,71.07,71.00,0.1225,8,63.50,1
423.4241,6650,0.03594,-0.01716,0.16194,72.57,72.00,0.1330,9,64.78,1
423.4891,6651,0.00000,-0.00300,0.03547,74.47,74.00,0.1463,12,64.02,1
423.5534,6652,-0.03315,-0.10558,-0.03740,76.31,76.00,0.1461,12,61.49,1
423.6177,6653,0.04607,0.18566,0.28072,70.79,70.00,0.1205,6,59.44,1
423.6794,6654,0.00000,0.41417,0.07462,73.88,73.00,0.1422,12,59.06,1
423.7403,6655,-0.05515,0.39994,-0.07841,77.74,77.00,0.1418,9,56.98,1
423.8112,6656,0.00000,0.09829,0.13324,73.00,73.00,0.1360,11,56.45,1
423.8738,6657,0.00000,-0.26205,0.21158,71.83,71.00,0.1278,14,55.52,1
423.9382,6658,0.05496,-0.35284,0.34102,69.88,69.00,0.1142,12,55.43,1
424.0015,6659,0.08801,-0.47514,0.41112,68.83,68.00,0.1068,10,55.19,1
424.0655,6660,0.08459,-0.60468,0.34034,69.89,69.00,0.1143,14,54.46,1
424.1373,6661,0.11267,-0.58977,0.39489,69.08,69.00,0.1085,14,55.16,1
424.2041,6662,0.14368,-0.51904,0.45275,68.21,68.00,0.1025,18,56.05,1
424.2691,6663,0.14301,-0.39871,0.39417,69.09,69.00,0.1086,18,57.42,1
424.3333,6664,0.15553,-0.11476,0.39882,69.02,69.00,0.1081,20,58.92,1
424.3980,6665,0.13997,-0.00778,0.30853,70.37,70.00,0.1176,21,59.69,1
424.4681,6666,0.12087,-0.04120,0.22863,71.57,71.00,0.1260,21,60.42,1
424.5288,6667,0.10961,-0.01276,0.19540,72.07,72.00,0.1295,21,60.91,1
424.5912,6668,0.11144,0.03042,0.21413,71.79,71.00,0.1275,23,61.69,1
424.6571,6669,0.08859,0.05862,0.14321,72.85,72.00,0.1350,22,62.20,1
424.7231,6670,0.06354,0.09877,0.08072,73.79,73.00,0.1415,23,62.38,1
424.7870,6671,0.04808,0.12480,0.06307,74.05,74.00,0.1434,22,63.14,1
424.8477,6672,0.05084,0.17668,0.10755,73.39,73.00,0.1387,24,63.17,1
424.9123,6673,0.06090,0.33047,0.16660,72.50,72.00,0.1325,21,64.04,1
424.9842,6674,0.06601,0.26412,0.19398,72.09,72.00,0.1296,23,64.23,1
425.0510,6675,0.08161,0.21339,0.24912,71.26,71.00,0.1238,21,65.00,1
425.1158,6676,0.09403,0.14301,0.28091,70.79,70.00,0.1205,21,66.05,1
425.1800,6677,0.08894,0.06412,0.24652,71.30,71.00,0.1241,20,67.07,1
425.2478,6678,0.10291,0.17638,0.28595,70.71,70.00,0.1200,21,68.02,1
425.3207,6679,0.09348,0.09198,0.23584,71.46,71.00,0.1252,24,68.07,1
425.3846,6680,0.09353,-0.00288,0.23252,71.51,71.00,0.1256,23,68.53,1
425.4542,6681,0.11327,-0.09037,0.29710,70.54,70.00,0.1188,21,68.50,1
425.5274,6682,0.12080,-0.20963,0.30314,70.45,70.00,0.1182,21,68.65,1
425.5975,6683,0.11963,-0.23002,0.28139,70.78,70.00,0.1205,22,68.15,1
425.6675,6684,0.12074,-0.22380,0.27390,70.89,70.00,0.1212,20,67.37,1
425.7420,6685,0.12870,-0.18684,0.29164,70.63,70.00,0.1194,22,67.35,1
425.8138,6686,0.11850,-0.09170,0.24519,71.32,71.00,0.1243,21,64.98,1
425.8792,6687,0.08698,-0.03393,0.13888,72.92,72.00,0.1354,19,63.76,1
425.9416,6688,0.06812,0.09077,0.09752,73.54,73.00,0.1398,19,62.67,1
426.0032,6689,0.04349,-0.06333,0.04305,74.35,74.00,0.1455,15,61.58,1
426.0677,6690,0.03964,-0.17020,0.07206,73.92,73.00,0.1424,14,61.29,1
426.1339,6691,0.03317,-0.25396,0.08277,73.76,73.00,0.1413,13,59.71,1
426.1972,6692,0.03569,-0.21533,0.11811,73.23,73.00,0.1376,13,58.61,1
426.2591,6693,0.03415,-0.20656,0.12927,73.06,73.00,0.1364,13,57.05,1
426.3215,6694,0.03423,-0.17217,0.14245,72.86,72.00,0.1350,13,56.14,1
426.3868,6695,0.03447,-0.15725,0.15273,72.71,72.00,0.1340,12,55.43,1
426.4504,6696,0.02827,-0.22128,0.13760,72.94,72.00,0.1356,12,54.92,1
426.5120,6697,0.03464,-0.09769,0.16852,72.47,72.00,0.1323,14,54.28,1
426.5756,6698,0.03431,-0.13855,0.16891,72.47,72.00,0.1323,12,54.12,1
426.6406,6699,0.02092,-0.09690,0.12414,73.14,73.00,0.1370,10,54.90,1
426.7112,6700,0.04638,-0.15284,0.22354,71.65,71.00,0.1265,12,53.71,1
426.7728,6701,0.03892,-0.46047,0.18657,72.20,72.00,0.1304,12,53.29,1
426.8364,6702,0.03390,-0.41988,0.16656,72.50,72.00,0.1325,12,53.43,1
426.9000,6703,0.00000,-0.32693,0.10191,73.47,73.00,0.1393,10,53.04,1
426.9637,6704,0.02327,-0.23591,0.14450,72.83,72.00,0.1348,14,53.96,1
427.0267,6705,0.00000,-0.23910,0.11893,73.22,73.00,0.1375,13,54.66,1
427.0921,6706,0.00000,0.00095,0.07276,73.91,73.00,0.1424,14,57.92,1
427.1520,6707,0.00000,0.17364,0.11953,73.21,73.00,0.1374,16,59.39,1
427.2128,6708,0.03074,0.06446,0.21148,71.83,71.00,0.1278,17,59.81,1
427.2727,6709,0.03637,-0.14466,0.21926,71.71,71.00,0.1270,16,60.09,1
427.3317,6710,0.04622,-0.00943,0.24123,71.38,71.00,0.1247,18,58.99,1
427.3922,6711,0.04726,0.04909,0.22814,71.58,71.00,0.1260,20,58.01,1
427.4560,6712,0.03991,-0.10798,0.18925,72.16,72.00,0.1301,16,58.31,1
427.5208,6713,0.03506,-0.25113,0.16907,72.46,72.00,0.1322,15,58.44,1
427.5848,6714,0.00000,-0.10264,0.06121,74.08,74.00,0.1436,14,59.33,1
427.6521,6715,0.00000,0.10923,0.07376,73.89,73.00,0.1423,12,58.14,1
427.7232,6716,0.00000,0.12296,0.07759,73.84,73.00,0.1419,11,57.53,1
427.7826,6717,0.00000,0.31899,0.10296,73.46,73.00,0.1392,12,56.83,1
427.8449,6718,0.00000,0.33778,0.13079,73.04,73.00,0.1363,13,56.48,1
427.9062,6719,-0.02406,0.37137,0.04968,74.25,74.00,0.1448,12,57.13,1
427.9660,6720,0.00000,-0.05547,0.12328,73.15,73.00,0.1371,10,58.57,1
428.0272,6721,-0.05829,0.36862,-0.04411,76.54,76.00,0.1454,8,59.81,1
428.0863,6722,-0.03055,0.23846,0.09040,73.64,73.00,0.1405,10,59.23,1
428.1494,6723,0.00000,-0.04788,0.15651,72.65,72.00,0.1336,13,59.81,1
428.2115,6724,0.00000,-0.31001,0.19869,72.02,72.00,0.1291,12,60.68,1
428.2735,6725,-0.02581,0.20691,0.09281,73.61,73.00,0.1403,10,60.34,1
428.3337,6726,-0.06602,0.59195,-0.04063,76.42,76.00,0.1457,11,61.51,1
428.3959,6727,-0.09126,0.86041,-0.09381,78.28,78.00,0.1401,11,59.76,1
428.4606,6728,-0.08712,0.73919,-0.03438,76.20,76.00,0.1464,11,59.76,1
428.5202,6729,-0.06517,0.79859,0.06704,73.99,73.00,0.1430,12,60.38,1
428.5820,6730,-0.07827,0.63202,0.02315,74.65,74.00,0.1476,10,60.38,1
428.6443,6731,-0.09582,0.80396,-0.02737,75.96,75.00,0.1471,10,60.38,1
428.7056,6732,-0.07774,0.88571,0.05574,74.16,74.00,0.1441,10,59.34,1
428.7672,6733,-0.04368,0.97277,0.17473,72.38,72.00,0.1317,11,58.31,1
428.8293,6734,-0.02155,1.02489,0.22595,71.61,71.00,0.1263,11,59.18,1
428.8861,6735,-0.02304,1.03693,0.18854,72.17,72.00,0.1302,10,59.18,1
428.9410,6736,0.00000,1.04740,0.22017,71.70,71.00,0.1269,11,59.36,1
428.9972,6737,0.00000,1.04864,0.20956,71.86,71.00,0.1280,11,59.92,1
429.0569,6738,0.00000,0.69057,0.18973,72.15,72.00,0.1301,11,60.43,1
429.1184,6739,0.00000,0.78000,0.13469,72.98,72.00,0.1359,10,60.12,1
429.1783,6740,-0.03504,0.58282,0.05379,74.19,74.00,0.1444,11,60.71,1
429.2373,6741,-0.07034,0.72199,-0.05898,77.06,77.00,0.1438,10,60.71,1
429.3011,6742,-0.05625,0.35677,0.02602,74.61,74.00,0.1473,12,61.64,1
429.3638,6743,-0.10037,0.58006,-0.11470,79.01,79.00,0.1380,9,61.64,1
429.4260,6744,-0.10665,0.57264,-0.09441,78.30,78.00,0.1401,10,61.64,1
429.4879,6745,-0.14443,0.75643,-0.19277,81.75,81.00,0.1298,10,61.64,1
429.5507,6746,-0.12416,0.57676,-0.07073,77.48,77.00,0.1426,10,61.64,1
429.6098,6747,-0.11025,0.75250,-0.00326,75.11,75.00,0.1497,9,61.64,1
429.6723,6748,-0.07157,0.77720,0.13509,72.97,72.00,0.1358,10,61.64,1
429.7430,6749,-0.07192,0.90147,0.10268,73.46,73.00,0.1392,9,61.64,1
429.8084,6750,-0.07536,0.97958,0.07171,73.92,73.00,0.1425,9,61.64,1
429.8730,6751,-0.09831,1.02442,-0.01864,75.65,75.00,0.1480,9,65.52,1
429.9422,6752,-0.11464,1.04647,-0.06530,77.29,77.00,0.1431,11,68.07,1
430.0088,6753,-0.11802,1.05024,-0.05905,77.07,77.00,0.1438,9,67.66,1
430.0749,6754,-0.13423,0.65457,-0.10073,78.53,78.00,0.1394,11,67.66,1
430.1402,6755,-0.13260,0.24417,-0.07401,77.59,77.00,0.1422,10,66.10,1
430.2028,6756,-0.04268,-0.34005,0.24853,71.27,71.00,0.1239,9,65.14,1
430.2736,6757,0.04645,-0.32551,0.48984,67.65,67.00,0.0986,15,66.60,1
430.3364,6758,0.09795,-0.44728,0.56301,66.55,66.00,0.0909,13,67.34,1
430.4046,6759,0.12734,-0.33249,0.54577,66.81,66.00,0.0927,13,68.91,1
430.4801,6760,0.14017,-0.39937,0.47283,67.91,67.00,0.1004,13,66.59,1
430.5444,6761,0.12797,-0.72333,0.35998,69.60,69.00,0.1122,10,65.28,1
430.6089,6762,0.10726,-0.72867,0.24766,71.29,71.00,0.1240,9,64.05,1
430.6786,6763,0.08912,-0.75210,0.17174,72.42,72.00,0.1320,10,63.94,1
430.7592,6764,0.08706,-0.73936,0.17175,72.42,72.00,0.1320,10,64.05,1
430.8213,6765,0.09797,-0.41331,0.21433,71.79,71.00,0.1275,11,62.99,1
430.8878,6766,0.11473,-0.13991,0.26839,70.97,70.00,0.1218,10,60.80,1
430.9517,6767,0.09784,0.00298,0.19650,72.05,72.00,0.1294,13,60.42,1
431.0164,6768,0.08917,-0.03316,0.17017,72.45,72.00,0.1321,12,60.42,1
431.0841,6769,0.08934,-0.12858,0.18097,72.29,72.00,0.1310,10,60.42,1
431.1563,6770,0.07578,-0.13150,0.14242,72.86,72.00,0.1350,9,60.42,1
431.2220,6771,0.06716,-0.11735,0.12880,73.07,73.00,0.1365,10,60.42,1
431.2852,6772,0.06741,-0.05750,0.14702,72.79,72.00,0.1346,10,58.77,1
431.3518,6773,0.06737,-0.02338,0.16001,72.60,72.00,0.1332,9,58.77,1
431.4249,6774,0.07252,0.03728,0.18814,72.18,72.00,0.1302,9,57.10,1
431.4976,6775,0.05330,-0.35901,0.12603,73.11,73.00,0.1368,8,56.59,1
431.5607,6776,0.06378,-0.16672,0.17777,72.33,72.00,0.1313,9,54.93,1
431.6252,6777,0.06175,-0.13258,0.17515,72.37,72.00,0.1316,12,54.44,1
431.6935,6778,0.04953,-0.23714,0.13851,72.92,72.00,0.1355,13,54.44,1
431.7639,6779,0.07968,-0.05106,0.25591,71.16,71.00,0.1231,15,58.04,1
431.8436,6780,0.06103,-0.10096,0.17686,72.35,72.00,0.1314,14,54.34,1
431.9102,6781,-0.07136,-0.05924,-0.26453,84.26,80.00,0.1222,10,55.10,1
431.9753,6782,-0.04800,-0.49089,-0.08407,77.94,77.00,0.1412,8,55.10,1
432.0408,6783,-0.06946,-0.60828,-0.10818,78.79,78.00,0.0000,2,55.10,0
432.1035,6784,-0.15979,0.14125,-0.35536,87.44,86.00,0.1127,4,55.10,1
432.1700,6785,-0.20159,0.48343,-0.40095,89.03,89.00,0.1079,4,55.10,1
432.2306,6786,-0.23832,0.66034,-0.42096,89.73,89.00,0.0000,2,55.10,0
432.2954,6787,-0.16977,0.73336,-0.13289,79.65,81.00,0.1360,5,55.10,1
432.3649,6788,-0.18210,0.51945,-0.15704,80.50,80.00,0.1335,3,55.10,1
432.4295,6789,-0.15173,0.67455,-0.03932,76.38,76.00,0.1459,4,55.10,1
432.4913,6790,-0.15559,0.51064,-0.06162,77.16,77.00,0.1435,3,55.10,1
432.5534,6791,-0.15293,0.39042,-0.05717,77.00,77.00,0.1440,3,55.10,1
432.6160,6792,-0.15781,0.30558,-0.08064,77.82,77.00,0.1415,4,55.10,1
432.6818,6793,-0.15274,0.24621,-0.06492,77.27,77.00,0.1432,3,55.10,1
432.7451,6794,-0.15165,0.18805,-0.08793,78.08,78.00,0.0000,2,55.10,0
432.8090,6795,-0.17720,0.21577,-0.17563,81.15,81.00,0.1316,3,55.10,1
432.8741,6796,-0.18357,0.18413,-0.19942,81.98,81.00,0.0000,1,55.10,0
432.9412,6797,-0.18935,0.15548,-0.20530,82.19,82.00,0.0000,1,55.10,0
433.0106,6798,-0.19486,0.12814,-0.20570,82.20,82.00,0.0000,1,55.10,0
433.0732,6799,-0.19930,0.10610,-0.20561,82.20,82.00,0.0000,2,55.10,0
433.1369,6800,-0.16989,0.18291,-0.13382,79.68,79.00,0.1359,3,55.10,1
433.1992,6801,-0.12094,-0.00103,-0.00788,75.28,75.00,0.1492,5,55.10,1
433.2653,6802,-0.10860,-0.04445,-0.00095,75.03,75.00,0.0000,2,55.10,0
433.3289,6803,0.00000,0.45602,0.27784,70.83,70.00,0.1208,3,55.10,1
433.3898,6804,-0.03885,0.16752,0.11291,73.31,73.00,0.1381,3,55.10,1
433.4521,6805,-0.02234,0.16313,0.11320,73.30,73.00,0.0000,2,55.10,0
433.5172,6806,0.00000,0.15892,0.11909,73.21,73.00,0.0000,1,55.10,0
433.5808,6807,-0.05522,-0.10374,-0.05615,76.97,76.00,0.1441,4,55.10,1
433.6465,6808,-0.06302,-0.21500,-0.07907,77.77,77.00,0.1417,6,55.10,1
433.7103,6809,-0.06235,-0.17925,-0.07225,77.53,77.00,0.1424,3,55.10,1
433.7770,6810,-0.06415,-0.22691,-0.06814,77.38,77.00,0.0000,2,55.10,0
433.8412,6811,-0.06569,-0.26802,-0.06814,77.38,77.00,0.0000,2,55.10,0
433.9089,6812,-0.06715,-0.30675,-0.06820,77.39,77.00,0.0000,1,55.10,0
433.9849,6813,-0.06862,-0.34599,-0.06839,77.39,77.00,0.0000,2,55.10,0
434.0656,6814,-0.08774,0.00366,-0.11385,78.98,78.00,0.1380,5,55.10,1
434.1271,6815,-0.10515,0.03600,-0.15548,80.44,80.00,0.1337,4,55.10,1
434.1912,6816,-0.09344,0.02078,-0.10466,78.66,78.00,0.1390,4,55.10,1
434.2525,6817,-0.05736,0.07045,0.02295,74.66,74.00,0.1476,4,55.10,1
434.3148,6818,-0.09010,-0.00962,-0.11935,79.18,79.00,0.1375,4,55.10,1
434.3799,6819,-0.09615,0.06891,-0.13288,79.65,79.00,0.1360,3,55.10,1
434.4487,6820,-0.11025,0.08526,-0.17211,81.02,81.00,0.1319,5,55.10,1
434.5117,6821,-0.18299,0.06340,-0.40818,89.29,89.00,0.1071,5,55.10,1
434.5775,6822,-0.21080,0.07110,-0.38933,88.63,88.00,0.0000,2,55.10,0
434.6426,6823,-0.13904,-0.57692,-0.10901,78.82,80.00,0.1386,3,55.10,1
434.7100,6824,-0.11178,-0.37213,-0.02908,76.02,76.00,0.1469,7,55.10,1
434.7735,6825,-0.05529,-0.40810,0.13461,72.98,72.00,0.1359,7,55.10,1
434.8377,6826,0.00000,-0.15081,0.25899,71.12,71.00,0.1228,6,55.10,1
434.9013,6827,-0.13771,0.17206,-0.28980,85.14,79.00,0.1196,7,55.10,1
434.9638,6828,-0.22696,0.48773,-0.55590,94.46,87.00,0.0916,3,55.10,1
435.0267,6829,-0.24658,0.75517,-0.52722,93.45,93.00,0.0946,5,55.10,1
435.0896,6830,-0.14803,0.42889,-0.10000,78.50,85.00,0.1395,11,57.09,1
435.1511,6831,-0.14481,0.31821,-0.10695,78.74,78.00,0.1388,8,57.09,1
435.2142,6832,-0.05166,0.21820,0.20122,71.98,71.00,0.1289,11,57.09,1
435.2798,6833,-0.11204,0.02560,-0.09545,78.34,78.00,0.1400,9,53.28,1
435.3405,6834,-0.10462,0.10291,-0.08117,77.84,77.00,0.1415,13,60.26,1
435.4031,6835,-0.04889,0.18869,0.09783,73.53,73.00,0.1397,7,60.26,1
435.4634,6836,-0.08937,0.23509,-0.09430,78.30,78.00,0.1401,9,60.26,1
435.5255,6837,-0.07332,0.15139,-0.04576,76.60,76.00,0.1452,11,60.26,1
435.5855,6838,-0.05370,-0.10683,0.00525,74.92,74.00,0.1494,11,60.26,1
435.6442,6839,-0.03777,-0.48890,0.03455,74.48,74.00,0.1464,9,67.03,1
435.7057,6840,-0.04454,-0.45068,-0.02154,75.75,75.00,0.1477,14,71.43,1
435.7655,6841,0.00000,-0.58772,0.15944,72.61,72.00,0.1333,12,74.88,1
435.8290,6842,-0.08062,-0.39660,-0.22551,82.89,80.00,0.1263,12,80.20,1
435.8900,6843,-0.07713,-0.51864,-0.18239,81.38,81.00,0.1308,12,80.20,1
435.9502,6844,-0.08034,-0.33685,-0.17468,81.11,81.00,0.1317,12,82.48,1
436.0096,6845,-0.07649,-0.25603,-0.14609,80.11,80.00,0.1347,10,86.16,1
436.0699,6846,-0.10405,-0.23263,-0.23507,83.23,83.00,0.1253,10,79.85,1
436.1348,6847,-0.09852,-0.20141,-0.18929,81.63,81.00,0.1301,12,85.66,1
436.1930,6848,-0.14417,-0.17338,-0.33623,86.77,86.00,0.1147,12,85.66,1
436.2545,6849,-0.05369,-0.32706,0.02314,74.65,78.00,0.1476,11,84.90,1
436.3142,6850,-0.12055,-0.08899,-0.24806,83.68,83.00,0.1240,9,80.81,1
436.3732,6851,0.00000,-0.19964,0.14734,72.79,75.00,0.1345,16,79.76,1
436.4316,6852,-0.06120,-0.09532,-0.07680,77.69,77.00,0.1419,14,82.42,1
436.4928,6853,0.00000,-0.11884,0.08293,73.76,73.00,0.1413,12,81.62,1
436.5546,6854,0.00000,-0.13966,0.03944,74.41,74.00,0.1459,16,82.58,1
436.6129,6855,-0.05352,-0.14442,-0.13183,79.61,79.00,0.1362,12,86.52,1
436.6723,6856,-0.04314,-0.30640,-0.08970,78.14,78.00,0.1406,14,85.35,1
436.7355,6857,-0.05783,-0.35930,-0.14523,80.08,80.00,0.1348,14,84.07,1
436.7992,6858,0.02651,-0.28514,0.15739,72.64,72.00,0.1335,14,84.41,1
436.8695,6859,0.02822,-0.20235,0.09869,73.52,73.00,0.1396,16,84.10,1
436.9335,6860,0.03350,-0.30658,0.07658,73.85,73.00,0.1420,14,85.85,1
436.9986,6861,0.00000,-0.43048,-0.02936,76.03,76.00,0.1469,11,87.23,1
437.0671,6862,0.00000,-0.53332,-0.03946,76.38,76.00,0.1459,15,89.23,1
437.1320,6863,0.02924,-0.55630,0.01201,74.82,74.00,0.1487,11,91.71,1
437.1990,6864,0.04056,-0.59957,0.03654,74.45,74.00,0.1462,12,94.41,1
437.2592,6865,0.02611,-0.49473,-0.03006,76.05,76.00,0.1468,12,95.52,1
437.3229,6866,0.00000,-0.53597,-0.11379,78.98,78.00,0.1381,12,98.34,1
437.3855,6867,0.00000,-0.56068,-0.08778,78.07,78.00,0.1408,12,99.06,1
437.4459,6868,0.00000,-0.51168,-0.08830,78.09,78.00,0.1407,14,101.43,1
437.5073,6869,0.00000,-0.45758,-0.09379,78.28,78.00,0.1402,12,101.71,1
437.5693,6870,0.00000,-0.40169,-0.13028,79.56,79.00,0.1363,13,103.74,1
437.6392,6871,0.00000,-0.07435,-0.10096,78.53,78.00,0.1394,13,104.72,1
437.7008,6872,-0.02035,-0.07143,-0.11654,79.08,79.00,0.1378,15,105.12,1
437.7587,6873,0.00000,-0.06477,0.01414,74.79,74.00,0.1485,9,106.01,1
437.8195,6874,0.02814,-0.06928,0.04066,74.39,74.00,0.1457,12,104.11,1
437.8785,6875,0.03008,-0.18298,0.02660,74.60,74.00,0.1472,15,103.93,1
437.9367,6876,0.00000,-0.14887,-0.06703,77.35,77.00,0.1430,14,103.30,1
437.9957,6877,0.02408,-0.08497,-0.00841,75.29,75.00,0.1491,15,104.77,1
438.0609,6878,0.04493,-0.02268,0.05597,74.16,74.00,0.1441,12,106.53,1
438.1178,6879,0.05464,0.02380,0.07051,73.94,73.00,0.1426,12,108.21,1
438.1765,6880,0.03957,-0.07359,-0.00376,75.13,75.00,0.1496,16,109.62,1
438.2344,6881,0.05783,-0.07478,0.05638,74.15,74.00,0.1441,15,107.81,1
438.2924,6882,0.05773,-0.13439,0.04006,74.40,74.00,0.1458,14,108.28,1
438.3501,6883,0.03761,-0.32535,-0.04211,76.47,76.00,0.1456,13,108.85,1
438.4076,6884,0.04694,-0.34412,-0.00223,75.08,75.00,0.1498,14,105.97,1
438.4641,6885,0.03177,-0.33008,-0.05751,77.01,77.00,0.1440,16,108.54,1
438.5224,6886,0.00000,-0.39612,-0.13063,79.57,79.00,0.1363,17,110.42,1
438.5778,6887,0.02184,-0.34738,-0.06098,77.13,77.00,0.1436,14,109.37,1
438.6370,6888,0.03010,-0.15938,-0.02286,75.80,75.00,0.1476,13,105.14,1
438.6941,6889,0.00000,-0.27149,-0.08544,77.99,77.00,0.1410,12,103.25,1
438.7610,6890,0.02291,-0.29619,-0.03668,76.28,76.00,0.1461,14,101.10,1
438.8221,6891,0.00000,-0.26220,-0.07408,77.59,77.00,0.1422,13,104.39,1
438.8823,6892,0.00000,-0.27531,-0.15614,80.47,80.00,0.1336,10,104.25,1
438.9413,6893,-0.04227,-0.28939,-0.22450,82.86,82.00,0.1264,11,103.85,1
438.9989,6894,-0.03240,-0.29145,-0.15263,80.34,80.00,0.1340,11,99.83,1
439.0588,6895,0.00000,-0.09714,-0.03939,76.38,76.00,0.1459,11,100.21,1
439.1188,6896,0.00000,-0.23032,-0.02981,76.04,76.00,0.1469,13,97.13,1
439.1801,6897,0.00000,-0.24381,-0.03732,76.31,76.00,0.1461,11,97.88,1
439.2453,6898,0.03584,-0.19374,0.09371,73.59,73.00,0.1402,13,95.44,1
439.3115,6899,0.04647,-0.16371,0.09605,73.56,73.00,0.1399,12,94.20,1
439.3721,6900,0.04148,-0.14146,0.04975,74.25,74.00,0.1448,11,90.35,1
439.4339,6901,0.00000,-0.16164,-0.09609,78.36,78.00,0.1399,15,89.79,1
439.5009,6902,0.00000,-0.20988,-0.07805,77.73,77.00,0.1418,12,89.26,1
439.5659,6903,0.00000,-0.07540,-0.11885,79.16,79.00,0.1375,12,88.84,1
439.6260,6904,-0.03204,-0.08820,-0.17832,81.24,81.00,0.1313,10,90.52,1
439.6835,6905,-0.03047,-0.07160,-0.14533,80.09,80.00,0.1347,12,89.82,1
439.7461,6906,-0.04705,-0.09435,-0.18317,81.41,81.00,0.1308,11,88.71,1
439.8074,6907,-0.02440,-0.07333,-0.07793,77.73,77.00,0.1418,10,87.34,1
439.8652,6908,0.02197,0.19190,0.08594,73.71,73.00,0.1410,11,88.17,1
439.9201,6909,0.04259,0.04101,0.12796,73.08,73.00,0.1366,13,87.28,1
439.9783,6910,0.03570,0.13251,0.06478,74.03,74.00,0.1432,8,88.52,1
440.0372,6911,0.04298,0.03894,0.06763,73.99,73.00,0.1429,11,87.62,1
440.0999,6912,0.04680,0.23099,0.05859,74.12,74.00,0.1438,12,89.36,1
440.1652,6913,0.04498,0.08706,0.03290,74.51,74.00,0.1465,12,88.62,1
440.2379,6914,0.00000,-0.05256,-0.15084,80.28,80.00,0.1342,16,89.83,1
440.2973,6915,0.00000,-0.03395,-0.06960,77.44,77.00,0.1427,10,87.89,1
440.3580,6916,0.00000,-0.08338,-0.05304,76.86,76.00,0.1444,12,87.35,1
440.4169,6917,0.00000,0.13190,-0.05041,76.76,76.00,0.1447,10,87.72,1
440.4803,6918,0.00000,-0.12207,-0.11421,79.00,78.00,0.1380,10,84.91,1
440.5471,6919,0.00000,-0.22337,-0.12118,79.24,79.00,0.1373,11,82.96,1
440.6061,6920,0.00000,-0.32755,-0.08297,77.90,77.00,0.1413,10,82.41,1
440.6714,6921,-0.02194,-0.40115,-0.11848,79.15,79.00,0.1376,10,80.87,1
440.7335,6922,0.00000,-0.43771,-0.05896,77.06,77.00,0.1438,10,80.13,1
440.7939,6923,0.00000,-0.42492,-0.02735,75.96,75.00,0.1471,11,80.29,1
440.8553,6924,0.00000,-0.42933,-0.02909,76.02,76.00,0.1469,13,79.66,1
440.9172,6925,0.00000,-0.41200,-0.06771,77.37,77.00,0.1429,13,79.79,1
440.9838,6926,-0.05825,-0.37105,-0.22991,83.05,83.00,0.1259,12,79.76,1
441.0420,6927,-0.07364,-0.32066,-0.24834,83.69,83.00,0.1239,15,78.21,1
441.1023,6928,-0.06902,-0.22606,-0.19474,81.82,81.00,0.1296,14,83.69,1
441.1616,6929,-0.07164,-0.23879,-0.18129,81.35,81.00,0.1310,14,84.17,1
441.2275,6930,-0.05451,-0.18613,-0.10184,78.56,78.00,0.1393,13,84.70,1
441.2951,6931,-0.03611,-0.14537,-0.03884,76.36,76.00,0.1459,13,84.98,1
441.3559,6932,-0.05721,-0.20011,-0.12597,79.41,79.00,0.1368,14,85.42,1
441.4158,6933,0.00000,-0.10446,0.07806,73.83,73.00,0.1418,11,84.02,1
441.4790,6934,0.02452,-0.01125,0.12332,73.15,73.00,0.1371,12,87.91,1
441.5426,6935,0.00000,-0.20981,0.00515,74.92,74.00,0.1495,14,85.06,1
441.6022,6936,0.03347,-0.21456,0.09058,73.64,73.00,0.1405,10,83.95,1
441.6680,6937,0.00000,-0.10362,-0.01276,75.45,75.00,0.1487,11,83.16,1
441.7365,6938,0.04175,-0.15768,0.07004,73.95,73.00,0.1426,8,83.29,1
441.7938,6939,-0.05266,-0.07202,-0.27974,84.79,81.00,0.1206,10,80.83,1
441.8500,6940,0.00000,-0.05523,-0.07301,77.56,77.00,0.1423,11,81.35,1
441.9080,6941,0.00000,0.00657,-0.07721,77.70,77.00,0.1419,10,83.48,1
441.9673,6942,-0.03104,-0.09461,-0.14584,80.10,80.00,0.1347,13,85.13,1
442.0285,6943,0.00000,-0.09624,-0.04896,76.71,76.00,0.1449,13,86.42,1
442.0894,6944,0.03411,-0.21044,0.09963,73.51,73.00,0.1395,13,85.12,1
442.1522,6945,0.02780,-0.19923,0.04088,74.39,74.00,0.1457,10,84.91,1
442.2153,6946,0.00000,0.09684,-0.04249,76.49,76.00,0.1455,10,89.67,1
442.2751,6947,0.00000,-0.10556,-0.09932,78.48,78.00,0.1396,12,88.60,1
442.3393,6948,-0.04736,-0.03102,-0.23094,83.08,83.00,0.1258,11,88.99,1
442.4090,6949,-0.03066,-0.06366,-0.13046,79.57,79.00,0.1363,13,86.67,1
442.4753,6950,-0.02961,-0.22166,-0.11245,78.94,78.00,0.1382,12,85.95,1
442.5445,6951,-0.06779,-0.23768,-0.23414,83.19,83.00,0.1254,14,91.06,1
442.6100,6952,-0.08472,-0.30716,-0.25795,84.03,84.00,0.1229,13,89.97,1
442.6788,6953,-0.05746,-0.14574,-0.12654,79.43,79.00,0.1367,14,88.92,1
442.7518,6954,-0.02800,-0.28340,-0.02224,75.78,75.00,0.1477,17,91.23,1
442.8168,6955,0.00000,-0.42487,0.03296,74.51,74.00,0.1465,15,92.66,1
442.8770,6956,0.00000,-0.41005,0.06986,73.95,73.00,0.1427,11,91.69,1
442.9376,6957,0.00000,-0.37217,-0.01942,75.68,75.00,0.1480,14,94.55,1
442.9973,6958,0.00000,-0.26528,-0.07525,77.63,77.00,0.1421,13,93.52,1
443.0613,6959,-0.04089,-0.30680,-0.16252,80.69,80.00,0.1329,12,92.86,1
443.1283,6960,-0.05014,-0.32674,-0.17537,81.14,81.00,0.1316,12,93.08,1
443.1900,6961,-0.04582,-0.26502,-0.14173,79.96,79.00,0.1351,13,92.15,1
443.2546,6962,-0.03116,-0.19637,-0.08061,77.82,77.00,0.1415,12,93.07,1
443.3168,6963,-0.04423,-0.30238,-0.13019,79.56,79.00,0.1363,12,95.84,1
443.3812,6964,-0.03533,-0.19359,-0.09267,78.24,78.00,0.1403,13,96.02,1
443.4447,6965,0.00000,-0.11348,0.00103,74.98,74.00,0.1499,14,96.09,1
443.5076,6966,-0.02334,0.04649,-0.07396,77.59,77.00,0.1422,16,96.38,1
443.5779,6967,-0.03330,0.06792,-0.11364,78.98,78.00,0.1381,15,100.64,1
443.6449,6968,-0.06356,0.14935,-0.21344,82.47,82.00,0.1276,15,98.81,1
443.7120,6969,-0.02327,0.07840,-0.04945,76.73,76.00,0.1448,11,96.33,1
443.7800,6970,-0.02642,-0.04494,-0.07411,77.59,77.00,0.1422,12,96.40,1
443.8436,6971,-0.04948,-0.21474,-0.15999,80.60,80.00,0.1332,13,95.00,1
443.9145,6972,-0.04618,-0.23938,-0.13523,79.73,79.00,0.1358,18,92.92,1
443.9806,6973,-0.05185,-0.16203,-0.14921,80.22,80.00,0.1343,16,94.73,1
444.0495,6974,-0.05474,-0.02711,-0.15108,80.29,80.00,0.1341,16,91.88,1
444.1162,6975,-0.03180,0.00715,-0.06535,77.29,77.00,0.1431,14,91.56,1
444.1847,6976,-0.02272,-0.19324,-0.04757,76.67,76.00,0.1450,11,89.70,1
444.2605,6977,-0.02840,-0.07544,-0.08489,77.97,77.00,0.1411,12,94.43,1
444.3249,6978,-0.05289,-0.05536,-0.17437,81.10,81.00,0.1317,14,93.59,1
444.3900,6979,-0.08054,-0.06973,-0.25555,83.94,83.00,0.1232,12,96.63,1
444.4542,6980,-0.09247,-0.07636,-0.26707,84.35,84.00,0.1220,17,95.32,1
444.5202,6981,-0.10015,-0.24491,-0.26375,84.23,84.00,0.1223,12,93.37,1
444.5920,6982,-0.07818,-0.32152,-0.16039,80.61,80.00,0.1332,15,93.33,1
444.6647,6983,-0.03034,-0.29727,0.00211,74.97,74.00,0.1498,13,94.06,1
444.7318,6984,0.00000,-0.30568,0.07786,73.83,73.00,0.1418,12,94.22,1
444.7987,6985,0.00000,-0.31127,0.02293,74.66,74.00,0.1476,14,93.63,1
444.8740,6986,-0.02371,-0.22250,-0.10272,78.60,78.00,0.1392,16,93.45,1
444.9415,6987,0.00000,0.01305,0.02469,74.63,74.00,0.1474,10,97.55,1
445.0124,6988,0.06295,-0.07077,0.15157,72.73,72.00,0.1341,15,97.43,1
445.0804,6989,0.09068,-0.14882,0.18942,72.16,72.00,0.1301,11,96.56,1
445.1548,6990,0.04496,-0.06740,-0.03074,76.08,76.00,0.1468,11,95.28,1
445.2201,6991,0.02583,-0.17659,-0.09958,78.49,78.00,0.1395,14,96.22,1
445.2851,6992,0.00000,-0.26865,-0.15430,80.40,80.00,0.1338,14,97.16,1
445.3517,6993,0.00000,-0.28988,-0.19043,81.67,81.00,0.1300,12,96.35,1
445.4160,6994,0.00000,-0.24364,-0.15434,80.40,80.00,0.1338,13,96.78,1
445.4810,6995,0.00000,-0.20010,-0.13902,79.87,79.00,0.1354,13,94.90,1
445.5519,6996,0.00000,-0.19359,-0.08312,77.91,77.00,0.1413,12,93.24,1
445.6158,6997,-0.05513,-0.17629,-0.27356,84.57,84.00,0.1213,12,93.97,1
445.6846,6998,-0.05355,-0.18866,-0.22432,82.85,82.00,0.1264,13,93.32,1
445.7504,6999,-0.07302,-0.05928,-0.26469,84.26,84.00,0.1222,13,97.19,1
445.8165,7000,-0.02358,-0.11917,-0.06129,77.15,77.00,0.1436,12,96.62,1
445.8850,7001,-0.02031,-0.25369,-0.06598,77.31,77.00,0.1431,13,95.64,1
445.9472,7002,0.03313,-0.32051,0.10606,73.41,73.00,0.1389,11,95.54,1
446.0076,7003,0.00000,-0.22914,-0.05964,77.09,77.00,0.1437,14,99.64,1
446.0721,7004,0.00000,-0.29383,-0.11700,79.09,79.00,0.1377,14,103.17,1
446.1360,7005,0.00000,-0.35879,-0.04261,76.49,76.00,0.1455,14,105.66,1
446.2003,7006,0.04160,-0.32315,0.07287,73.91,73.00,0.1423,12,108.79,1
446.2627,7007,0.02992,-0.34779,-0.00353,75.12,75.00,0.1496,12,105.78,1
446.3236,7008,0.03864,-0.37878,0.01080,74.84,74.00,0.1489,12,106.25,1
446.3845,7009,0.06052,-0.47389,0.06924,73.96,73.00,0.1427,13,109.03,1
446.4478,7010,0.03040,-0.18807,-0.06545,77.29,77.00,0.1431,12,109.03,1
446.5109,7011,0.00000,-0.14049,-0.14081,79.93,79.00,0.1352,15,106.67,1
446.5762,7012,0.00000,-0.25070,-0.18778,81.57,81.00,0.1303,14,102.21,1
446.6441,7013,0.03886,-0.33315,0.01532,74.77,74.00,0.1484,14,104.59,1
446.7076,7014,0.05943,-0.31621,0.06758,73.99,73.00,0.1429,11,102.23,1
446.7762,7015,0.05259,-0.27483,0.01387,74.79,74.00,0.1485,12,102.60,1
446.8418,7016,0.00000,-0.32654,-0.15034,80.26,80.00,0.1342,10,100.64,1
446.9116,7017,0.03323,-0.23985,-0.04378,76.53,76.00,0.1454,11,104.28,1
446.9914,7018,0.05676,-0.41991,0.03390,74.49,74.00,0.1464,12,102.85,1
447.0532,7019,0.00000,-0.43156,-0.13389,79.69,79.00,0.1359,9,100.57,1
447.1168,7020,0.02951,-0.36727,-0.05827,77.04,77.00,0.1439,9,102.61,1
447.1817,7021,0.00000,-0.46483,-0.12372,79.33,79.00,0.1370,14,100.25,1
447.2529,7022,0.00000,-0.22556,-0.10355,78.62,78.00,0.1391,11,102.82,1
447.3251,7023,0.00000,-0.30632,-0.13939,79.88,79.00,0.1354,14,102.84,1
447.3865,7024,0.00000,-0.32403,-0.10451,78.66,78.00,0.1390,12,106.11,1
447.4463,7025,0.02204,-0.23732,-0.03224,76.13,76.00,0.1466,11,107.80,1
447.5080,7026,0.02946,-0.33757,-0.01353,75.47,75.00,0.1486,13,105.22,1
447.5687,7027,0.00000,-0.41068,-0.08855,78.10,78.00,0.1407,10,103.86,1
447.6314,7028,0.00000,-0.51899,-0.12342,79.32,79.00,0.1370,12,102.21,1
447.6996,7029,0.03833,-0.56060,0.02482,74.63,74.00,0.1474,11,103.99,1
447.7613,7030,0.00000,-0.50325,-0.11681,79.09,79.00,0.1377,11,101.79,1
447.8241,7031,0.00000,-0.54755,-0.06631,77.32,77.00,0.1430,9,102.41,1
447.8885,7032,0.04843,-0.46232,0.05063,74.24,74.00,0.1447,11,100.32,1
447.9587,7033,0.05332,-0.30519,0.04120,74.38,74.00,0.1457,12,99.64,1
448.0239,7034,0.00000,-0.22979,-0.16064,80.62,80.00,0.1331,11,98.75,1
448.0853,7035,-0.02809,-0.20910,-0.23367,83.18,83.00,0.1255,11,99.04,1
448.1493,7036,0.00000,-0.02916,-0.14425,80.05,80.00,0.1349,10,99.94,1
448.2135,7037,-0.04868,-0.03246,-0.24355,83.52,83.00,0.1244,11,99.84,1
448.2772,7038,-0.03525,-0.05663,-0.16001,80.60,80.00,0.1332,11,102.06,1
448.3448,7039,-0.08223,-0.05350,-0.30621,85.72,85.00,0.1178,12,98.30,1
448.4108,7040,-0.07369,0.09279,-0.23129,83.10,83.00,0.1257,12,97.21,1
448.4815,7041,-0.03621,0.16247,-0.07477,77.62,77.00,0.1421,14,96.25,1
448.5590,7042,-0.05543,0.04338,-0.15382,80.38,80.00,0.1338,11,96.38,1
448.6269,7043,-0.06362,0.00058,-0.17535,81.14,81.00,0.1316,13,97.49,1
448.6910,7044,-0.03834,0.06146,-0.07972,77.79,77.00,0.1416,11,101.24,1
448.7567,7045,-0.02987,-0.06279,-0.06296,77.20,77.00,0.1434,11,100.39,1
448.8197,7046,-0.04738,-0.14494,-0.13836,79.84,79.00,0.1355,13,99.72,1
448.8766,7047,-0.07593,-0.22202,-0.23570,83.25,83.00,0.1253,11,98.95,1
448.9330,7048,0.00000,-0.28265,0.02143,74.68,75.00,0.1477,13,98.22,1
448.9900,7049,0.04234,-0.36105,0.17232,72.42,72.00,0.1319,11,98.33,1
449.0469,7050,0.03057,-0.49329,0.07019,73.95,73.00,0.1426,14,100.65,1
449.1072,7051,0.00000,-0.36923,-0.09186,78.22,78.00,0.1404,11,100.33,1
449.1677,7052,-0.03278,-0.11608,-0.18969,81.64,81.00,0.1301,12,99.30,1
449.2277,7053,-0.06211,0.05726,-0.27200,84.52,84.00,0.1214,13,96.52,1
449.2855,7054,0.00000,-0.09524,-0.06270,77.19,77.00,0.1434,13,96.47,1
449.3460,7055,0.02327,-0.21335,0.05577,74.16,74.00,0.1441,9,95.95,1
449.4073,7056,0.00000,-0.17941,-0.01875,75.66,75.00,0.1480,13,95.42,1
449.4721,7057,0.02680,-0.32844,0.01127,74.83,74.00,0.1488,11,94.88,1
449.5421,7058,0.04007,-0.17505,0.03267,74.51,74.00,0.1466,12,92.04,1
449.6137,7059,0.08428,-0.05283,0.15692,72.65,72.00,0.1335,10,96.54,1
449.6784,7060,0.09884,-0.11632,0.15862,72.62,72.00,0.1333,11,100.58,1
449.7395,7061,0.09602,-0.16770,0.10669,73.40,73.00,0.1388,11,100.37,1
449.8001,7062,0.03711,-0.24737,-0.12561,79.40,79.00,0.1368,13,97.60,1
449.8600,7063,0.00000,-0.18832,-0.22712,82.95,82.00,0.1262,12,94.59,1
449.9192,7064,-0.02635,-0.07230,-0.28254,84.89,84.00,0.1203,9,91.83,1
449.9758,7065,-0.06675,0.03625,-0.37591,88.16,88.00,0.1105,14,90.35,1
450.0350,7066,-0.10479,0.04936,-0.44412,90.54,90.00,0.1034,13,90.76,1
450.0958,7067,-0.02857,-0.08280,-0.09813,78.43,82.00,0.1397,13,91.44,1
450.1572,7068,0.00000,-0.10344,-0.04385,76.53,76.00,0.1454,13,91.64,1
450.2200,7069,0.05306,-0.20144,0.17208,72.42,72.00,0.1319,12,95.28,1
450.2811,7070,0.02871,-0.23805,0.02768,74.58,74.00,0.1471,10,96.59,1
450.3472,7071,0.00000,-0.13266,-0.05406,76.89,76.00,0.1443,12,96.59,1
450.4090,7072,0.00000,-0.29273,-0.10612,78.71,78.00,0.1389,16,94.63,1
450.4691,7073,0.00000,-0.63168,-0.11016,78.86,78.00,0.1384,3,94.63,1
450.5330,7074,0.00000,-0.42774,-0.07120,77.49,77.00,0.1425,5,97.61,1
450.5978,7075,-0.12023,0.00762,-0.51154,92.90,85.00,0.0963,4,97.61,1
450.6604,7076,-0.08010,-0.07792,-0.27967,84.79,84.00,0.1206,6,99.05,1
450.7234,7077,-0.05407,0.43815,-0.15403,80.39,80.00,0.1338,5,99.05,1
450.7932,7078,0.00000,0.33416,0.05568,74.16,74.00,0.1442,5,101.70,1
450.8548,7079,0.00000,0.23082,0.01567,74.76,74.00,0.1484,5,103.03,1
450.9168,7080,0.00000,0.59896,0.00159,74.98,74.00,0.1498,3,105.92,1
450.9803,7081,0.00000,0.74099,-0.07022,77.46,77.00,0.1426,4,108.03,1
451.0505,7082,0.00000,0.53995,-0.04436,76.55,76.00,0.1453,4,109.33,1
451.1138,7083,0.00000,0.77013,-0.03478,76.22,76.00,0.1463,5,110.90,1
451.1727,7084,0.07501,0.02593,0.16622,72.51,72.00,0.1325,5,112.11,1
451.2327,7085,0.00000,0.37553,-0.12357,79.33,79.00,0.1370,5,114.00,1
451.2934,7086,0.00000,0.64929,-0.18828,81.59,81.00,0.1302,5,116.00,1
451.3571,7087,0.00000,0.52297,-0.06085,77.13,77.00,0.1436,3,116.50,1
451.4149,7088,-0.02191,0.74165,-0.18984,81.64,81.00,0.1301,5,116.50,1
451.4755,7089,-0.03550,0.89755,-0.21349,82.47,82.00,0.1276,4,117.50,1
451.5343,7090,-0.05203,0.99599,-0.24530,83.59,83.00,0.1242,6,117.75,1
451.5938,7091,-0.12469,1.05230,-0.46992,91.45,91.00,0.1007,6,117.97,1
451.6541,7092,-0.16477,1.07780,-0.53460,93.71,93.00,0.0939,4,117.11,1
451.7128,7093,-0.07645,0.20412,-0.14343,80.02,85.00,0.1349,5,118.05,1
451.7747,7094,0.02609,-0.03940,0.20954,71.86,77.00,0.1280,7,116.61,1
451.8356,7095,0.02220,-0.58598,0.11442,73.28,73.00,0.1380,6,114.70,1
451.8992,7096,0.05339,-0.43528,0.16628,72.51,72.00,0.1325,6,111.43,1
451.9601,7097,0.04865,0.07015,0.08870,73.67,73.00,0.1407,8,112.19,1
452.0213,7098,0.07126,-0.39612,0.12791,73.08,73.00,0.1366,5,114.27,1
452.0829,7099,0.00000,0.09113,-0.14231,79.98,79.00,0.1351,8,108.84,1
452.1440,7100,0.00000,0.34569,-0.14882,80.21,80.00,0.1344,7,103.96,1
452.2034,7101,-0.03206,0.29039,-0.24700,83.64,83.00,0.1241,7,106.86,1
452.2648,7102,-0.03602,0.64418,-0.22374,82.83,82.00,0.1265,7,106.47,1
452.3315,7103,-0.05915,0.89455,-0.27398,84.59,84.00,0.1212,6,106.08,1
452.3959,7104,-0.02999,1.04422,-0.13466,79.71,79.00,0.1359,7,108.67,1
452.4568,7105,0.00000,1.11423,-0.07472,77.62,77.00,0.1422,6,104.45,1
452.5173,7106,0.00000,1.13874,-0.01717,75.60,75.00,0.1482,7,100.11,1
452.5772,7107,0.06198,1.09079,0.16177,72.57,72.00,0.1330,8,96.65,1
452.6401,7108,0.11525,0.76430,0.28904,70.66,70.00,0.1197,6,97.23,1
452.7020,7109,0.11109,0.84119,0.19373,72.09,72.00,0.1297,5,97.91,1
452.7686,7110,0.12235,0.49291,0.17673,72.35,72.00,0.1314,8,100.52,1
452.8314,7111,0.07929,0.66268,-0.01610,75.56,75.00,0.1483,8,104.07,1
452.8895,7112,0.09465,0.49571,0.03909,74.41,74.00,0.1459,9,101.06,1
452.9480,7113,0.05957,0.67939,-0.09292,78.25,78.00,0.1402,6,101.06,1
453.0031,7114,0.07456,0.48193,-0.02205,75.77,75.00,0.1477,7,104.35,1
453.0633,7115,0.09022,0.20073,0.03699,74.45,74.00,0.1461,8,108.12,1
453.1219,7116,0.00000,0.45533,-0.25031,83.76,82.00,0.1237,8,108.71,1
453.1803,7117,0.00000,0.20400,-0.23320,83.16,83.00,0.1255,6,109.34,1
453.2430,7118,0.03558,0.06688,-0.06938,77.43,77.00,0.1427,7,110.34,1
453.3012,7119,0.03630,0.42481,-0.05952,77.08,77.00,0.1438,8,112.70,1
453.3601,7120,0.06124,0.69504,0.03315,74.50,74.00,0.1465,8,107.83,1
453.4198,7121,0.00000,0.88563,-0.21279,82.45,82.00,0.1277,6,106.82,1
453.4796,7122,0.00000,1.00699,-0.16707,80.85,80.00,0.1325,8,106.53,1
453.5409,7123,-0.04522,0.83476,-0.28858,85.10,85.00,0.1197,8,107.28,1
453.6010,7124,0.02018,0.45350,-0.00987,75.35,77.00,0.1490,7,106.85,1
453.6603,7125,0.08796,0.02219,0.21492,71.78,71.00,0.1274,8,106.32,1
453.7197,7126,0.09363,-0.04206,0.17596,72.36,72.00,0.1315,10,105.84,1
453.7801,7127,0.14467,0.27435,0.30901,70.36,70.00,0.1176,7,105.02,1
453.8404,7128,0.14760,0.01305,0.24976,71.25,71.00,0.1238,7,106.32,1
453.9004,7129,0.14920,0.19958,0.20424,71.94,71.00,0.1286,6,106.32,1
453.9618,7130,0.10680,0.55198,0.01855,74.72,74.00,0.1481,5,107.48,1
454.0238,7131,0.06362,0.80726,-0.12599,79.41,79.00,0.1368,5,108.54,1
454.0810,7132,0.04607,0.96693,-0.15263,80.34,80.00,0.1340,5,108.54,1
454.1390,7133,0.05531,0.57278,-0.08161,77.86,77.00,0.1414,9,108.54,1
454.2001,7134,0.09565,0.38964,0.08331,73.75,73.00,0.1413,8,110.28,1
454.2596,7135,0.00000,0.57634,-0.25059,83.77,81.00,0.1237,7,111.25,1
454.3211,7136,0.03102,0.27710,-0.09973,78.49,78.00,0.1395,8,112.63,1
454.3808,7137,0.00000,0.34392,-0.16202,80.67,80.00,0.1330,7,113.97,1
454.4469,7138,0.00000,0.11632,-0.15550,80.44,80.00,0.1337,8,114.12,1
454.5084,7139,-0.03161,0.46507,-0.23243,83.13,83.00,0.1256,5,116.91,1
454.5677,7140,0.00000,0.41081,-0.03057,76.07,76.00,0.1468,6,117.72,1
454.6364,7141,-0.05438,0.66713,-0.27655,84.68,84.00,0.1210,7,118.50,1
454.7006,7142,0.00000,0.59507,0.00409,74.94,76.00,0.1496,6,118.55,1
454.7637,7143,0.04786,0.79957,0.11180,73.32,73.00,0.1383,6,119.19,1
454.8243,7144,0.00000,0.93564,-0.05833,77.04,77.00,0.1439,5,117.67,1
454.8885,7145,0.00000,1.02183,-0.04534,76.59,76.00,0.1452,6,116.10,1
454.9483,7146,0.00000,0.81727,-0.05468,76.91,76.00,0.1443,7,116.29,1
455.0128,7147,0.05518,0.43785,0.10245,73.46,73.00,0.1392,8,117.21,1
455.0765,7148,0.04604,0.40379,0.03964,74.41,74.00,0.1458,7,118.04,1
455.1397,7149,0.02440,0.39821,-0.04982,76.74,76.00,0.1448,6,118.79,1
455.1979,7150,0.00000,0.41276,-0.08037,77.81,77.00,0.1416,7,119.51,1
455.2629,7151,0.00000,0.43788,-0.12464,79.36,79.00,0.1369,6,120.26,1
455.3232,7152,0.00000,0.31041,-0.05170,76.81,76.00,0.1446,7,117.28,1
455.3810,7153,-0.04103,0.44434,-0.24223,83.48,83.00,0.1246,8,117.25,1
455.4434,7154,0.03316,0.22066,0.06342,74.05,75.00,0.1433,9,118.08,1
455.5043,7155,0.02993,0.03142,0.02797,74.58,74.00,0.1471,7,118.77,1
455.5674,7156,-0.02083,0.40990,-0.16448,80.76,80.00,0.1327,5,119.49,1
455.6301,7157,-0.07779,0.46054,-0.33474,86.72,86.00,0.1149,5,119.14,1
455.6953,7158,-0.03767,0.19197,-0.13104,79.59,79.00,0.1362,8,119.73,1
455.7565,7159,0.00000,0.53053,-0.00585,75.20,75.00,0.1494,6,119.02,1
455.8217,7160,-0.04983,0.78125,-0.17541,81.14,81.00,0.1316,9,118.25,1
455.8828,7161,-0.06802,0.75286,-0.21700,82.60,82.00,0.1272,6,118.93,1
455.9451,7162,-0.03574,0.81428,-0.07573,77.65,77.00,0.1420,7,119.54,1
456.0055,7163,0.03826,0.34780,0.17829,72.33,72.00,0.1313,7,116.53,1
456.0653,7164,0.00000,0.36690,0.03442,74.48,74.00,0.1464,8,117.38,1
456.1313,7165,-0.02064,0.52775,-0.11232,78.93,78.00,0.1382,8,117.32,1
456.1965,7166,-0.05641,0.74998,-0.22525,82.88,82.00,0.1263,8,118.35,1
456.2570,7167,-0.07398,0.90101,-0.25328,83.86,83.00,0.1234,9,118.12,1
456.3198,7168,0.00000,0.65727,-0.00063,75.02,75.00,0.1499,5,118.70,1
456.3845,7169,0.04423,0.81110,0.17669,72.35,72.00,0.1314,4,118.43,1
456.4468,7170,-0.03568,0.91962,-0.15783,80.52,80.00,0.1334,9,119.04,1
456.5083,7171,-0.07092,0.53155,-0.26161,84.16,84.00,0.1225,10,119.04,1
456.5737,7172,-0.02728,0.70553,-0.06802,77.38,77.00,0.1429,5,121.84,1
456.6423,7173,0.06190,0.08609,0.23409,71.49,71.00,0.1254,8,121.84,1
456.7087,7174,0.02816,0.41234,0.04508,74.32,74.00,0.1453,7,121.50,1
456.7730,7175,0.00000,0.66759,-0.07511,77.63,77.00,0.1421,6,122.35,1
456.8392,7176,0.12548,0.85209,0.36236,69.56,69.00,0.1120,5,122.35,1
456.9014,7177,0.08684,0.96947,0.13999,72.90,72.00,0.1353,10,122.35,1
456.9684,7178,0.06367,0.63951,0.02442,74.63,74.00,0.1474,8,124.72,1
457.0396,7179,0.00000,0.38661,-0.16131,80.65,80.00,0.1331,9,125.35,1
457.1063,7180,-0.07960,0.62360,-0.43919,90.37,88.00,0.1039,9,121.56,1
457.1750,7181,-0.17750,0.80450,-0.67542,98.64,96.00,0.0791,6,122.31,1
457.2414,7182,-0.14850,-0.01069,-0.43797,90.33,90.00,0.1040,5,122.87,1
457.3100,7183,-0.13813,-0.10460,-0.32757,86.46,86.00,0.1156,14,120.72,1
457.3730,7184,-0.06274,0.09957,-0.02908,76.02,78.00,0.1469,16,116.57,1
457.4422,7185,0.04611,0.07229,0.31405,70.29,70.00,0.1170,13,120.02,1
457.5101,7186,0.08990,0.48333,0.35924,69.61,69.00,0.1123,15,120.02,1
457.5768,7187,0.27238,0.67592,0.87953,61.81,61.00,0.0576,5,120.02,1
457.6443,7188,0.37187,0.74340,1.00000,60.00,60.00,0.0450,4,120.02,1
457.7106,7189,0.25237,0.91970,0.37878,69.32,68.00,0.1102,15,120.02,1
457.7781,7190,0.16700,0.52278,0.02741,74.59,74.00,0.1471,14,115.81,1
457.8425,7191,0.08919,-0.15150,-0.21326,82.46,82.00,0.1276,10,113.18,1
457.9087,7192,0.02185,-0.21713,-0.36490,87.77,87.00,0.1117,11,110.36,1
457.9741,7193,0.00000,-0.43877,-0.35435,87.40,87.00,0.1128,12,107.43,1
458.0418,7194,0.00000,-0.80773,-0.23054,83.07,83.00,0.1258,10,105.19,1
458.1116,7195,0.02176,-1.03552,-0.09533,78.34,78.00,0.1400,10,100.02,1
458.1789,7196,0.00000,-1.05234,-0.09565,78.35,78.00,0.1400,13,98.62,1
458.2449,7197,0.00000,-1.09213,-0.16252,80.69,80.00,0.1329,10,102.35,1
458.3172,7198,-0.04228,-0.66584,-0.22871,83.01,83.00,0.1260,11,105.72,1
458.3815,7199,-0.10167,0.13702,-0.38623,88.52,88.00,0.1094,9,105.60,1
458.4450,7200,-0.10518,0.67228,-0.32375,86.33,86.00,0.1160,13,106.67,1
458.5121,7201,-0.15217,0.89295,-0.42798,89.98,89.00,0.1051,11,106.55,1
458.5825,7202,-0.14973,1.11979,-0.34070,86.92,86.00,0.1142,11,109.20,1
458.6492,7203,-0.10917,0.97474,-0.15475,80.42,80.00,0.1338,9,109.20,1
458.7168,7204,-0.06043,0.96653,0.01283,74.81,74.00,0.1487,12,105.58,1
458.7814,7205,0.00000,0.81520,0.17445,72.38,72.00,0.1317,9,105.58,1
458.8439,7206,0.04719,0.36653,0.28046,70.79,70.00,0.1206,6,105.58,1
458.9063,7207,0.12442,0.15603,0.46395,68.04,68.00,0.1013,5,105.58,1
458.9735,7208,0.17440,0.00077,0.49047,67.64,67.00,0.0000,2,105.58,0
459.0381,7209,0.16466,-0.17231,0.36446,69.53,69.00,0.1117,7,105.58,1
459.1039,7210,0.13418,-0.65509,0.20344,71.95,71.00,0.1286,6,106.82,1
459.1711,7211,0.10757,-0.76457,0.08703,73.69,73.00,0.1409,7,107.94,1
459.2418,7212,0.05363,-0.29004,-0.09571,78.35,78.00,0.1400,11,108.64,1
459.3044,7213,0.02574,-0.15545,-0.15334,80.37,80.00,0.1339,6,108.64,1
459.3685,7214,0.00000,-0.00831,-0.23323,83.16,83.00,0.1255,12,108.64,1
459.4356,7215,0.00000,0.29744,-0.14006,79.90,79.00,0.1353,7,109.88,1
459.5072,7216,-0.02268,0.72054,-0.15905,80.57,80.00,0.1333,9,109.88,1
459.5722,7217,-0.06448,0.50597,-0.26479,84.27,84.00,0.1222,9,111.19,1
459.6362,7218,-0.07721,0.12120,-0.25263,83.84,83.00,0.1235,10,111.47,1
459.7040,7219,-0.08014,-0.36306,-0.21083,82.38,82.00,0.1279,9,110.23,1
459.7790,7220,-0.06867,-0.66062,-0.13088,79.58,79.00,0.1363,7,109.00,1
459.8439,7221,-0.07404,-0.44602,-0.13537,79.74,79.00,0.1358,7,107.00,1
459.9086,7222,0.00000,-0.47117,0.08686,73.70,73.00,0.1409,7,107.00,1
459.9744,7223,0.05572,-0.37856,0.29013,70.65,70.00,0.1195,6,107.00,1
460.0414,7224,0.10708,-0.57553,0.38584,69.21,69.00,0.1095,8,107.00,1
460.1148,7225,0.07347,-0.34951,0.16798,72.48,72.00,0.1324,7,107.00,1
460.1787,7226,0.10607,-0.53973,0.24545,71.32,71.00,0.1242,6,107.30,1
460.2419,7227,0.07756,-0.41254,0.10007,73.50,73.00,0.1395,4,107.30,1
460.3061,7228,0.04210,-0.56489,-0.03465,76.21,76.00,0.1464,5,107.30,1
460.3715,7229,0.00000,-0.78743,-0.16155,80.65,80.00,0.1330,3,107.30,1
460.4365,7230,0.00000,-0.87501,-0.13605,79.76,79.00,0.1357,5,107.30,1
460.4993,7231,-0.02974,-0.38187,-0.18172,81.36,81.00,0.1309,8,107.30,1
460.5630,7232,-0.04068,-0.53589,-0.17692,81.19,81.00,0.1314,4,107.30,1
460.6323,7233,-0.02474,-0.69028,-0.08099,77.83,77.00,0.1415,5,107.30,1
460.6975,7234,0.00000,-0.72264,0.00036,74.99,74.00,0.1500,5,107.30,1
460.7601,7235,0.00000,-0.86880,0.02369,74.64,74.00,0.1475,4,107.30,1
460.8199,7236,0.00000,-0.96344,0.03147,74.53,74.00,0.1467,4,107.30,1
460.8792,7237,0.00000,-0.73097,0.00920,74.86,74.00,0.1490,6,107.30,1
460.9504,7238,0.00000,-0.51809,-0.04224,76.48,76.00,0.1456,5,107.30,1
461.0126,7239,0.00000,-0.69993,-0.04850,76.70,76.00,0.1449,3,107.30,1
461.0748,7240,-0.02510,-0.51696,-0.08573,78.00,78.00,0.1410,5,107.30,1
461.1324,7241,-0.03410,-0.40132,-0.10392,78.64,78.00,0.1391,5,107.30,1
461.1935,7242,0.00000,-0.48669,0.00666,74.90,74.00,0.1493,6,107.30,1
461.2540,7243,0.00000,-0.54528,0.05546,74.17,74.00,0.1442,6,107.30,1
461.3135,7244,0.00000,-0.74526,0.01268,74.81,74.00,0.1487,3,107.30,1
461.3725,7245,0.00000,-0.30451,-0.01302,75.46,75.00,0.1486,6,107.30,1
461.4324,7246,0.00000,-0.27920,-0.01184,75.41,75.00,0.1488,6,107.30,1
461.4899,7247,0.00000,-0.36971,-0.02773,75.97,75.00,0.1471,4,107.30,1
461.5449,7248,0.00000,-0.36800,-0.00206,75.07,75.00,0.1498,7,107.30,1
461.6008,7249,0.00000,-0.33616,-0.04086,76.43,76.00,0.1457,5,107.30,1
461.6633,7250,0.00000,-0.42911,-0.01201,75.42,75.00,0.1487,5,107.30,1
461.7195,7251,0.00000,-0.42961,0.00736,74.89,74.00,0.1492,7,107.30,1
461.7757,7252,0.00000,-0.53945,0.04121,74.38,74.00,0.1457,6,107.30,1
461.8315,7253,0.00000,-0.48944,0.01818,74.73,74.00,0.1481,6,107.30,1
461.8857,7254,0.02232,-0.56417,0.05338,74.20,74.00,0.1444,6,107.30,1
461.9431,7255,0.02815,-0.61701,0.06098,74.09,74.00,0.1436,6,107.30,1
462.0006,7256,0.02794,-0.64914,0.04668,74.30,74.00,0.1451,5,107.30,1
462.0594,7257,0.00000,-0.55000,-0.01696,75.59,75.00,0.1482,6,107.30,1
462.1221,7258,0.03600,-0.74867,0.06637,74.00,74.00,0.1430,5,107.30,1
462.1872,7259,0.00000,-0.57494,-0.05207,76.82,76.00,0.1445,5,107.30,1
462.2549,7260,0.02990,-0.76667,0.04320,74.35,74.00,0.1455,5,107.30,1
462.3141,7261,0.00000,-0.60555,-0.01725,75.60,75.00,0.1482,6,107.30,1
462.3806,7262,0.02537,-0.63023,0.02192,74.67,74.00,0.1477,6,107.30,1
462.4412,7263,0.00000,-0.49956,-0.04681,76.64,76.00,0.1451,6,107.30,1
462.4982,7264,0.00000,-0.41893,-0.05324,76.86,76.00,0.1444,6,107.30,1
462.5599,7265,0.00000,-0.52860,-0.02912,76.02,76.00,0.1469,5,107.30,1
462.6218,7266,0.00000,-0.58431,0.00125,74.98,74.00,0.1499,6,107.30,1
462.6801,7267,0.00000,-0.52878,-0.00575,75.20,75.00,0.1494,7,107.30,1
462.7352,7268,0.00000,-0.57282,0.00575,74.91,74.00,0.1494,5,107.30,1
462.7895,7269,0.00000,-0.49546,-0.02115,75.74,75.00,0.1478,6,107.30,1
462.8456,7270,0.00000,-0.47516,-0.03027,76.06,76.00,0.1468,5,107.30,1
462.9022,7271,0.00000,-0.46042,-0.00978,75.34,75.00,0.1490,7,107.30,1
462.9595,7272,0.00000,-0.43197,-0.01199,75.42,75.00,0.1487,7,107.30,1
463.0152,7273,0.00000,-0.42060,-0.01467,75.51,75.00,0.1485,7,107.30,1
463.0767,7274,0.00000,-0.42101,-0.02202,75.77,75.00,0.1477,5,107.30,1
463.1367,7275,0.00000,-0.39577,-0.03221,76.13,76.00,0.1466,6,107.30,1
463.1940,7276,0.00000,-0.34274,-0.07530,77.64,77.00,0.1421,5,107.30,1
463.2531,7277,-0.04039,-0.12388,-0.15699,80.49,80.00,0.1335,7,107.30,1
463.3147,7278,-0.05008,0.01222,-0.15934,80.58,80.00,0.1333,8,107.30,1
463.3728,7279,-0.02908,-0.11279,-0.05779,77.02,77.00,0.1439,7,107.30,1
463.4321,7280,0.00000,-0.36435,0.02415,74.64,74.00,0.1475,5,107.30,1
463.4925,7281,0.00000,-0.67209,0.06463,74.03,74.00,0.1432,4,107.30,1
463.5534,7282,0.02219,-0.88707,0.09348,73.60,73.00,0.1402,4,107.30,1
463.6132,7283,0.02955,-0.87562,0.09475,73.58,73.00,0.1401,6,107.30,1
463.6741,7284,0.03606,-0.84086,0.09442,73.58,73.00,0.1401,6,107.30,1
463.7357,7285,0.03998,-0.79168,0.08717,73.69,73.00,0.1408,6,107.30,1
463.8010,7286,0.04228,-0.73434,0.07622,73.86,73.00,0.1420,6,107.30,1
463.8611,7287,0.03993,-0.69925,0.05471,74.18,74.00,0.1443,6,107.30,1
463.9192,7288,0.03929,-0.67420,0.04515,74.32,74.00,0.1453,6,107.30,1
463.9790,7289,0.03530,-0.67853,0.02641,74.60,74.00,0.1472,6,107.30,1
464.0376,7290,0.03282,-0.67646,0.01743,74.74,74.00,0.1482,6,107.30,1
464.0966,7291,0.02924,-0.67962,0.00667,74.90,74.00,0.1493,6,107.30,1
464.1562,7292,0.02728,-0.62964,0.00392,74.94,74.00,0.1496,8,107.30,1
464.2148,7293,0.02778,-0.62951,0.01020,74.85,74.00,0.1489,6,107.30,1
464.2740,7294,0.03045,-0.64116,0.02270,74.66,74.00,0.1476,7,107.30,1
464.3312,7295,0.03251,-0.65143,0.03037,74.54,74.00,0.1468,7,107.30,1
464.3856,7296,0.03981,-0.45761,0.05523,74.17,74.00,0.1442,9,107.30,1
464.4432,7297,0.05422,-0.43249,0.10061,73.49,73.00,0.1394,8,107.30,1
464.5042,7298,0.04561,-0.50735,0.05475,74.18,74.00,0.1443,6,107.30,1
464.5613,7299,0.03698,-0.58760,0.02071,74.69,74.00,0.1478,6,107.30,1
464.6178,7300,0.03117,-0.63630,0.00393,74.94,74.00,0.1496,6,107.30,1
464.6756,7301,0.04570,-0.57693,0.06257,74.06,74.00,0.1434,7,107.30,1
464.7352,7302,0.05680,-0.52953,0.09656,73.55,73.00,0.1399,7,107.30,1
464.7936,7303,0.04511,-0.60319,0.04373,74.34,74.00,0.1454,6,107.30,1
464.8518,7304,0.03518,-0.66555,0.00930,74.86,74.00,0.1490,6,107.30,1
464.9129,7305,0.02784,-0.70981,-0.00829,75.29,75.00,0.1491,6,107.30,1
464.9686,7306,0.03297,-0.50959,0.02028,74.70,74.00,0.1479,8,107.30,1
465.0255,7307,0.04963,-0.23116,0.08371,73.74,73.00,0.1412,9,107.30,1
465.0873,7308,0.05043,-0.16344,0.07743,73.84,73.00,0.1419,9,107.30,1
465.1483,7309,0.06002,-0.24865,0.10457,73.43,73.00,0.1390,7,107.30,1
465.2142,7310,0.05526,-0.20756,0.07565,73.87,73.00,0.1421,8,107.30,1
465.2730,7311,0.06011,-0.31899,0.08880,73.67,73.00,0.1407,7,107.30,1
465.3364,7312,0.05386,-0.28721,0.06080,74.09,74.00,0.1436,8,107.30,1
465.4056,7313,0.05950,-0.38769,0.08119,73.78,73.00,0.1415,7,107.30,1
465.4811,7314,0.06200,-0.46805,0.08591,73.71,73.00,0.1410,7,107.30,1
465.5450,7315,0.06408,-0.51644,0.08961,73.66,73.00,0.1406,7,107.30,1
465.6077,7316,0.06509,-0.53832,0.08957,73.66,73.00,0.1406,7,107.30,1
465.6660,7317,0.06474,-0.54940,0.08572,73.71,73.00,0.1410,7,107.30,1
465.7258,7318,0.03155,-0.23330,-0.03178,76.11,76.00,0.1467,9,107.30,1
465.7867,7319,0.05032,-0.09609,0.05813,74.13,74.00,0.1439,8,107.30,1
465.8438,7320,0.05576,-0.22716,0.08031,73.80,73.00,0.1416,7,107.30,1
465.9006,7321,0.06831,-0.12394,0.12332,73.15,73.00,0.1371,8,107.30,1
465.9649,7322,0.06824,-0.27249,0.11227,73.32,73.00,0.1382,7,107.30,1
466.0216,7323,0.06725,-0.38607,0.10277,73.46,73.00,0.1392,7,107.30,1
466.0776,7324,0.09111,-0.28727,0.18359,72.25,72.00,0.1307,8,107.30,1
466.1353,7325,0.09242,-0.17277,0.16901,72.46,72.00,0.1323,8,107.30,1
466.1920,7326,0.08296,-0.30436,0.12132,73.18,73.00,0.1373,7,107.30,1
466.2486,7327,0.07369,-0.11558,0.08547,73.72,73.00,0.1410,9,107.30,1
466.3081,7328,0.07726,-0.04967,0.10326,73.45,73.00,0.1392,8,107.30,1
466.3743,7329,0.07601,-0.05074,0.10053,73.49,73.00,0.1394,8,107.30,1
466.4372,7330,0.05778,-0.32376,0.03964,74.41,74.00,0.1458,8,107.30,1
466.4980,7331,0.06528,-0.22712,0.08117,73.78,73.00,0.1415,8,107.30,1
466.5612,7332,0.05967,-0.24780,0.06785,73.98,73.00,0.1429,9,107.30,1
466.6221,7333,0.04841,-0.45813,0.03733,74.44,74.00,0.1461,8,107.30,1
466.6883,7334,0.05952,-0.28217,0.09195,73.62,73.00,0.1403,9,102.87,1
466.7476,7335,0.07860,-0.15543,0.16070,72.59,72.00,0.1331,9,98.88,1
466.8050,7336,0.08773,-0.19869,0.18145,72.28,72.00,0.1309,9,98.88,1
466.8633,7337,0.08862,-0.00145,0.17028,72.45,72.00,0.1321,10,95.20,1
466.9200,7338,0.10869,0.01775,0.23080,71.54,71.00,0.1258,9,91.98,1
466.9769,7339,0.10633,-0.01227,0.20119,71.98,71.00,0.1289,9,88.98,1
467.0330,7340,0.10535,0.11586,0.18467,72.23,72.00,0.1306,11,86.38,1
467.0886,7341,0.12814,-0.18275,0.25765,71.14,71.00,0.1229,7,86.38,1
467.1503,7342,0.14202,-0.33393,0.28318,70.75,70.00,0.1203,9,86.38,1
467.2084,7343,0.14799,-0.45614,0.27952,70.81,70.00,0.1207,9,86.38,1
467.2641,7344,0.16421,-0.57202,0.31615,70.26,70.00,0.1168,10,86.38,1
467.3206,7345,0.17540,-0.33015,0.33000,70.05,70.00,0.1153,9,86.38,1
467.3820,7346,0.16775,-0.20017,0.27497,70.88,70.00,0.1211,8,86.38,1
467.4376,7347,0.17248,-0.15235,0.28025,70.80,70.00,0.1206,8,86.38,1
467.4936,7348,0.18660,-0.13182,0.31929,70.21,70.00,0.1165,7,84.04,1
467.5478,7349,0.18305,-0.02530,0.29020,70.65,70.00,0.1195,9,84.04,1
467.6030,7350,0.18940,0.09144,0.30398,70.44,70.00,0.1181,9,84.04,1
467.6581,7351,0.19245,0.12812,0.30477,70.43,70.00,0.1180,10,84.04,1
467.7150,7352,0.18703,0.03748,0.27673,70.85,70.00,0.1209,8,84.04,1
467.7721,7353,0.18362,-0.03922,0.26338,71.05,71.00,0.1223,9,84.04,1
467.8290,7354,0.18813,0.04615,0.28203,70.77,70.00,0.1204,9,84.04,1
467.8848,7355,0.19135,0.11506,0.29317,70.60,70.00,0.1192,10,84.04,1
467.9457,7356,0.17214,0.02001,0.22359,71.65,71.00,0.1265,9,84.04,1
468.0047,7357,0.17786,0.05086,0.25795,71.13,71.00,0.1229,10,84.04,1
468.0669,7358,0.17453,-0.04801,0.25380,71.19,71.00,0.1234,8,84.04,1
468.1211,7359,0.18099,0.03786,0.28432,70.74,70.00,0.1201,9,84.04,1
468.1762,7360,0.16689,-0.15479,0.23679,71.45,71.00,0.1251,8,84.04,1
468.2321,7361,0.17755,-0.28547,0.28740,70.69,70.00,0.1198,8,84.04,1
468.2877,7362,0.18527,-0.13213,0.31744,70.24,70.00,0.1167,10,84.04,1
468.3432,7363,0.17993,0.04232,0.29574,70.56,70.00,0.1189,10,84.04,1
468.3996,7364,0.18393,0.10546,0.31292,70.31,70.00,0.1171,10,84.04,1
468.4538,7365,0.19463,-0.00678,0.34870,69.77,69.00,0.1134,8,81.94,1
468.5102,7366,0.18388,-0.01858,0.30014,70.50,70.00,0.1185,9,81.94,1
468.5680,7367,0.19630,-0.11836,0.34444,69.83,69.00,0.1138,8,80.04,1
468.6227,7368,0.18390,-0.36768,0.29187,70.62,70.00,0.1194,8,87.24,1
468.6817,7369,0.13118,-0.46776,0.10865,73.37,73.00,0.1386,10,87.24,1
468.7444,7370,0.10967,-0.65968,0.07764,73.84,73.00,0.1418,8,93.82,1
468.8054,7371,0.10102,-0.64334,0.09423,73.59,73.00,0.1401,10,93.82,1
468.8630,7372,0.07892,-0.22204,0.05440,74.18,74.00,0.1443,13,93.82,1
468.9233,7373,0.07540,0.14601,0.08786,73.68,73.00,0.1408,10,93.82,1
468.9809,7374,0.09298,0.02369,0.18279,72.26,72.00,0.1308,9,93.82,1
469.0355,7375,0.13808,0.03795,0.35201,69.72,69.00,0.1130,9,90.73,1
469.0928,7376,0.13962,-0.16727,0.33227,70.02,70.00,0.1151,10,90.73,1
469.1503,7377,0.15969,-0.35157,0.38379,69.24,69.00,0.1097,10,90.73,1
469.2076,7378,0.14847,-0.49530,0.31571,70.26,70.00,0.1169,8,96.86,1
469.2645,7379,0.14885,-0.32998,0.30463,70.43,70.00,0.1180,12,96.86,1
469.3256,7380,0.11226,-0.38164,0.16638,72.50,72.00,0.1325,10,102.48,1
469.3838,7381,0.09638,-0.28860,0.13129,73.03,73.00,0.1362,10,102.48,1
469.4473,7382,0.06992,-0.27395,0.06802,73.98,73.00,0.1429,9,107.53,1
469.5056,7383,0.06932,-0.14022,0.10370,73.44,73.00,0.1391,9,112.07,1
469.5687,7384,0.03404,-0.09770,0.01086,74.84,74.00,0.1489,10,112.07,1
469.6366,7385,0.00000,-0.32251,-0.02095,75.73,75.00,0.1478,9,116.17,1
469.6956,7386,0.00000,-0.34985,-0.04411,76.54,76.00,0.1454,10,119.85,1
469.7566,7387,-0.02958,-0.27835,-0.05756,77.01,77.00,0.1440,9,123.07,1
469.8173,7388,-0.02994,-0.21378,-0.00836,75.29,75.00,0.1491,9,121.56,1
469.8791,7389,-0.02007,0.13348,0.06228,74.07,74.00,0.1435,9,115.70,1
469.9448,7390,0.00000,0.19046,0.15015,72.75,72.00,0.1342,10,115.70,1
470.0093,7391,0.00000,0.17855,0.15589,72.66,72.00,0.1336,9,115.70,1
470.0681,7392,0.02463,0.23891,0.23081,71.54,71.00,0.1258,9,115.70,1
470.1273,7393,0.00000,0.16557,0.13791,72.93,72.00,0.1355,9,115.70,1
470.1927,7394,0.00000,0.01395,0.09726,73.54,73.00,0.1398,9,115.70,1
470.2512,7395,-0.02266,-0.09509,0.06133,74.08,74.00,0.1436,9,115.70,1
470.3115,7396,0.00000,0.04097,0.18028,72.30,72.00,0.1311,9,115.70,1
470.3689,7397,0.03427,0.16831,0.26777,70.98,70.00,0.1219,10,115.70,1
470.4262,7398,0.03157,0.34356,0.23261,71.51,71.00,0.1256,9,115.70,1
470.4812,7399,0.04343,0.25788,0.25821,71.13,71.00,0.1229,9,115.70,1
470.5359,7400,0.00000,0.36651,0.11968,73.20,73.00,0.1374,9,115.70,1
470.5967,7401,0.00000,0.09094,0.14278,72.86,72.00,0.1350,10,115.70,1
470.6559,7402,0.00000,0.25611,0.08401,73.74,73.00,0.1412,10,110.43,1
470.7132,7403,0.00000,0.30780,0.08024,73.80,73.00,0.1416,13,105.69,1
470.7717,7404,0.00000,0.49283,0.15159,72.73,72.00,0.1341,10,101.42,1
470.8327,7405,0.00000,0.49477,0.16383,72.54,72.00,0.1328,10,101.42,1
470.8955,7406,0.03248,0.59981,0.23176,71.52,71.00,0.1257,9,97.58,1
470.9529,7407,0.04705,0.53248,0.26605,71.01,71.00,0.1221,11,97.58,1
471.0100,7408,0.07233,0.59411,0.33200,70.02,70.00,0.1151,13,94.12,1
471.0643,7409,0.08702,0.57639,0.35041,69.74,69.00,0.1132,12,91.01,1
471.1209,7410,0.09606,0.52579,0.34617,69.81,69.00,0.1137,12,88.11,1
471.1772,7411,0.10486,0.45750,0.34435,69.83,69.00,0.1138,12,88.11,1
471.2359,7412,0.13400,0.09043,0.41580,68.76,68.00,0.1063,9,88.11,1
471.2946,7413,0.16183,-0.05057,0.46884,67.97,67.00,0.1008,12,88.11,1
471.3533,7414,0.18046,-0.11494,0.48154,67.78,67.00,0.0994,12,88.11,1
471.4108,7415,0.19226,-0.27176,0.47219,67.92,67.00,0.1004,8,88.11,1
471.4700,7416,0.18695,-0.18212,0.40694,68.90,68.00,0.1073,11,88.11,1
471.5389,7417,0.17776,-0.10354,0.34125,69.88,69.00,0.1142,12,88.11,1
471.6064,7418,0.16903,-0.03149,0.29708,70.54,70.00,0.1188,12,88.11,1
471.6659,7419,0.16264,0.03039,0.27278,70.91,70.00,0.1214,13,88.11,1
471.7222,7420,0.15321,-0.01577,0.24292,71.36,71.00,0.1245,11,88.11,1
471.7804,7421,0.14820,-0.04797,0.23438,71.48,71.00,0.1254,12,88.11,1
471.8390,7422,0.16002,-0.30186,0.28619,70.71,70.00,0.1199,9,88.11,1
471.8965,7423,0.16392,-0.12149,0.29843,70.52,70.00,0.1187,12,88.11,1
471.9553,7424,0.16203,-0.04231,0.28779,70.68,70.00,0.1198,10,88.11,1
472.0132,7425,0.16158,0.01318,0.28476,70.73,70.00,0.1201,10,88.11,1
472.0717,7426,0.16126,0.06795,0.28295,70.76,70.00,0.1203,11,88.11,1
472.1280,7427,0.16227,0.09106,0.28624,70.71,70.00,0.1199,11,88.11,1
472.1844,7428,0.15905,0.09237,0.27400,70.89,70.00,0.1212,10,88.11,1
472.2421,7429,0.15304,0.01334,0.25454,71.18,71.00,0.1233,12,88.11,1
472.3053,7430,0.16220,0.14175,0.29288,70.61,70.00,0.1192,12,88.11,1
472.3634,7431,0.16505,0.19774,0.30007,70.50,70.00,0.1185,11,88.11,1
472.4240,7432,0.16296,0.15619,0.28848,70.67,70.00,0.1197,13,88.11,1
472.4852,7433,0.14849,0.33426,0.23660,71.45,71.00,0.1252,12,88.11,1
472.5419,7434,0.15075,0.25616,0.25387,71.19,71.00,0.1233,13,88.11,1
472.6006,7435,0.14231,0.35147,0.22968,71.55,71.00,0.1259,12,88.11,1
472.6596,7436,0.14555,0.26949,0.25138,71.23,71.00,0.1236,12,88.11,1
472.7188,7437,0.13097,0.36770,0.20509,71.92,71.00,0.1285,11,88.11,1
472.7771,7438,0.10884,0.35220,0.14204,72.87,72.00,0.1351,10,88.11,1
472.8375,7439,0.13152,0.19344,0.24894,71.27,71.00,0.1239,12,88.11,1
472.8959,7440,0.16906,0.09175,0.38238,69.26,69.00,0.1098,10,88.11,1
472.9525,7441,0.16720,0.05350,0.35038,69.74,69.00,0.1132,12,88.11,1
473.0187,7442,0.19214,-0.04015,0.41743,68.74,68.00,0.1062,10,88.11,1
473.0787,7443,0.19843,-0.17997,0.40810,68.88,68.00,0.1071,11,88.11,1
473.1374,7444,0.21286,-0.14589,0.43178,68.52,68.00,0.1047,10,88.11,1
473.1955,7445,0.18221,0.05844,0.29551,70.57,70.00,0.1190,12,88.11,1
473.2557,7446,0.15597,0.23619,0.20502,71.92,71.00,0.1285,11,88.11,1
473.3136,7447,0.14073,0.36263,0.17211,72.42,72.00,0.1319,12,88.11,1
473.3752,7448,0.12853,0.42007,0.15676,72.65,72.00,0.1335,12,88.11,1
473.4323,7449,0.15208,0.16190,0.26566,71.02,71.00,0.1221,11,88.11,1
473.4893,7450,0.18102,0.08337,0.36953,69.46,69.00,0.1112,9,88.11,1
473.5484,7451,0.19103,-0.08361,0.38458,69.23,69.00,0.1096,11,88.11,1
473.6068,7452,0.20740,-0.09518,0.42031,68.70,68.00,0.1059,9,88.11,1
473.6650,7453,0.20672,-0.20030,0.39022,69.15,69.00,0.1090,11,88.11,1
473.7303,7454,0.21602,-0.19102,0.40103,68.98,68.00,0.1079,9,88.11,1
473.7928,7455,0.21087,-0.22673,0.36175,69.57,69.00,0.1120,10,88.11,1
473.8609,7456,0.21507,-0.18788,0.36433,69.54,69.00,0.1117,9,88.11,1
473.9213,7457,0.20904,-0.19849,0.33329,70.00,70.00,0.1150,11,88.11,1
473.9818,7458,0.18834,-0.27934,0.25880,71.12,71.00,0.1228,9,88.11,1
474.0437,7459,0.18949,-0.27052,0.27631,70.86,70.00,0.1210,10,88.11,1
474.1094,7460,0.18985,-0.28140,0.28689,70.70,70.00,0.1199,11,88.11,1
474.1747,7461,0.20209,-0.17494,0.33506,69.97,69.00,0.1148,10,88.11,1
474.2371,7462,0.20017,-0.20272,0.32318,70.15,70.00,0.1161,11,88.11,1
474.2991,7463,0.19892,-0.18453,0.31658,70.25,70.00,0.1168,11,88.11,1
474.3619,7464,0.20557,-0.13638,0.33886,69.92,69.00,0.1144,10,88.11,1
474.4328,7465,0.20917,-0.11801,0.34495,69.83,69.00,0.1138,10,88.11,1
474.5037,7466,0.20455,-0.17218,0.32209,70.17,70.00,0.1162,11,88.11,1
474.5666,7467,0.20918,-0.12813,0.33695,69.95,69.00,0.1146,10,88.11,1
474.6331,7468,0.20401,-0.15635,0.31500,70.28,70.00,0.1169,11,88.11,1
474.7024,7469,0.19893,-0.21442,0.29884,70.52,70.00,0.1186,11,88.11,1
474.7642,7470,0.19417,-0.25388,0.28699,70.70,70.00,0.1199,10,88.11,1
474.8259,7471,0.19110,-0.27889,0.28323,70.75,70.00,0.1203,10,88.11,1
474.8855,7472,0.19012,-0.30292,0.28672,70.70,70.00,0.1199,11,88.11,1
474.9484,7473,0.19259,-0.27117,0.30127,70.48,70.00,0.1184,11,88.11,1
475.0100,7474,0.18168,-0.28213,0.26560,71.02,71.00,0.1221,10,88.11,1
475.0707,7475,0.14174,-0.04223,0.13661,72.95,72.00,0.1357,11,88.11,1
475.1317,7476,0.15791,-0.09009,0.23034,71.54,71.00,0.1258,11,88.11,1
475.1921,7477,0.17193,-0.15886,0.29317,70.60,70.00,0.1192,11,88.11,1
475.2633,7478,0.19177,-0.13798,0.36091,69.59,69.00,0.1121,10,88.11,1
475.3327,7479,0.19905,-0.14633,0.36854,69.47,69.00,0.1113,11,88.11,1
475.4044,7480,0.17415,0.18656,0.26659,71.00,71.00,0.1220,11,88.11,1
475.4675,7481,0.19188,0.11179,0.33444,69.98,69.00,0.1149,10,88.11,1
475.5296,7482,0.19523,-0.03497,0.33832,69.93,69.00,0.1145,11,88.11,1
475.5922,7483,0.20604,-0.07845,0.36757,69.49,69.00,0.1114,10,88.11,1
475.6552,7484,0.17649,0.21930,0.25130,71.23,71.00,0.1236,12,88.11,1
475.7134,7485,0.18222,0.05914,0.28338,70.75,70.00,0.1202,10,88.11,1
475.7769,7486,0.18605,-0.09000,0.30169,70.47,70.00,0.1183,10,88.11,1
475.8378,7487,0.18940,-0.19599,0.31379,70.29,70.00,0.1171,11,88.11,1
475.8986,7488,0.20015,-0.18713,0.34893,69.77,69.00,0.1134,10,88.11,1
475.9571,7489,0.17530,0.10778,0.25297,71.21,71.00,0.1234,11,88.11,1
476.0304,7490,0.18995,0.04465,0.31759,70.24,70.00,0.1167,10,88.11,1
476.0905,7491,0.16246,0.21042,0.22009,71.70,71.00,0.1269,12,88.11,1
476.1505,7492,0.17252,0.02973,0.27261,70.91,70.00,0.1214,11,88.11,1
476.2122,7493,0.18956,-0.02762,0.33725,69.94,69.00,0.1146,10,88.11,1
476.2705,7494,0.16485,0.14234,0.24258,71.36,71.00,0.1245,12,88.11,1
476.3294,7495,0.14041,0.21478,0.16919,72.46,72.00,0.1322,11,88.11,1
476.3884,7496,0.16619,0.10009,0.28638,70.70,70.00,0.1199,10,88.11,1
476.4461,7497,0.17869,-0.06578,0.33020,70.05,70.00,0.1153,11,88.11,1
476.5050,7498,0.17027,-0.04149,0.29122,70.63,70.00,0.1194,12,88.11,1
476.5619,7499,0.15363,0.14655,0.23236,71.51,71.00,0.1256,12,88.11,1
476.6201,7500,0.15596,0.07808,0.25262,71.21,71.00,0.1235,10,88.11,1
476.6779,7501,0.12903,0.16860,0.16493,72.53,72.00,0.1327,11,88.11,1
476.7438,7502,0.12291,0.35449,0.17176,72.42,72.00,0.1320,12,88.11,1
476.8015,7503,0.14134,0.20312,0.25727,71.14,71.00,0.1230,12,88.11,1
476.8591,7504,0.14299,0.02353,0.26512,71.02,71.00,0.1222,10,88.11,1
476.9166,7505,0.16800,-0.08400,0.35315,69.70,69.00,0.1129,11,88.11,1
476.9732,7506,0.18228,-0.04437,0.38553,69.22,69.00,0.1095,11,88.11,1
477.0295,7507,0.18682,-0.07652,0.37809,69.33,69.00,0.1103,12,88.11,1
477.0892,7508,0.16370,0.10274,0.27523,70.87,70.00,0.1211,11,88.11,1
477.1458,7509,0.14983,0.25698,0.22884,71.57,71.00,0.1260,12,88.11,1
477.2046,7510,0.13947,0.44734,0.20477,71.93,71.00,0.1285,11,88.11,1
477.2624,7511,0.11652,0.45705,0.14041,72.89,72.00,0.1353,13,88.11,1
477.3191,7512,0.10579,0.52889,0.13082,73.04,73.00,0.1363,12,88.11,1
477.3761,7513,0.09862,0.57054,0.13456,72.98,72.00,0.1359,12,88.11,1
477.4391,7514,0.12341,0.45705,0.24995,71.25,71.00,0.1238,12,88.11,1
477.5003,7515,0.15378,0.30155,0.35568,69.66,69.00,0.1127,10,88.11,1
477.5625,7516,0.16261,0.19863,0.36271,69.56,69.00,0.1119,11,88.11,1
477.6204,7517,0.14854,0.35468,0.29197,70.62,70.00,0.1193,13,88.11,1
477.6794,7518,0.11461,0.29087,0.16759,72.49,72.00,0.1324,12,88.11,1
477.7389,7519,0.09618,0.29761,0.12462,73.13,73.00,0.1369,13,88.11,1
477.7999,7520,0.12022,0.19386,0.23826,71.43,71.00,0.1250,11,88.11,1
477.8649,7521,0.14949,0.03612,0.34260,69.86,69.00,0.1140,10,88.11,1
477.9313,7522,0.17649,0.01898,0.41355,68.80,68.00,0.1066,11,88.11,1
477.9923,7523,0.17617,-0.19068,0.37859,69.32,69.00,0.1102,9,88.11,1
478.0512,7524,0.19656,-0.34885,0.42560,68.62,68.00,0.1053,8,88.11,1
478.1130,7525,0.20099,-0.49728,0.40771,68.88,68.00,0.1072,10,88.11,1
478.1848,7526,0.18687,-0.31031,0.32827,70.08,70.00,0.1155,12,85.60,1
478.2488,7527,0.17489,-0.24612,0.27997,70.80,70.00,0.1206,12,85.60,1
478.3095,7528,0.17311,-0.10989,0.27775,70.83,70.00,0.1208,11,85.60,1
478.3699,7529,0.16566,-0.09381,0.25611,71.16,71.00,0.1231,12,85.60,1
478.4301,7530,0.14311,0.18987,0.18626,72.21,72.00,0.1304,12,85.60,1
478.4897,7531,0.14099,0.17765,0.20171,71.97,71.00,0.1288,10,85.60,1
478.5490,7532,0.14634,0.08119,0.23835,71.42,71.00,0.1250,12,85.60,1
478.6083,7533,0.14505,-0.01526,0.24263,71.36,71.00,0.1245,10,85.60,1
478.6724,7534,0.16640,-0.08517,0.32483,70.13,70.00,0.1159,9,85.60,1
478.7340,7535,0.17950,-0.09817,0.35897,69.62,69.00,0.1123,9,85.60,1
478.7961,7536,0.18050,-0.06844,0.34463,69.83,69.00,0.1138,10,85.60,1
478.8565,7537,0.15291,0.19048,0.23550,71.47,71.00,0.1253,12,85.60,1
478.9239,7538,0.15877,0.17685,0.26823,70.98,70.00,0.1218,11,85.60,1
478.9829,7539,0.14015,0.29513,0.20720,71.89,71.00,0.1282,14,85.60,1
479.0478,7540,0.12375,0.41264,0.16767,72.49,72.00,0.1324,11,85.60,1
479.1176,7541,0.13781,0.30169,0.24310,71.35,71.00,0.1245,13,85.60,1
479.1779,7542,0.15043,0.18933,0.29170,70.62,70.00,0.1194,13,85.60,1
479.2385,7543,0.17287,-0.17934,0.36374,69.54,69.00,0.1118,9,85.60,1
479.2988,7544,0.19979,-0.22034,0.43667,68.45,68.00,0.1041,10,85.60,1
479.3592,7545,0.17543,-0.34066,0.31669,70.25,70.00,0.1167,10,85.60,1
479.4226,7546,0.18818,-0.35286,0.35422,69.69,69.00,0.1128,9,85.60,1
479.4835,7547,0.15721,-0.10884,0.23254,71.51,71.00,0.1256,11,85.60,1
479.5428,7548,0.16058,-0.02908,0.25744,71.14,71.00,0.1230,13,85.60,1
479.6036,7549,0.14887,0.27075,0.22360,71.65,71.00,0.1265,11,85.60,1
479.6768,7550,0.18282,0.15179,0.35686,69.65,69.00,0.1125,10,85.60,1
479.7392,7551,0.15829,0.31332,0.25649,71.15,71.00,0.1231,14,85.60,1
479.7982,7552,0.18593,0.16567,0.35804,69.63,69.00,0.1124,10,85.60,1
479.8591,7553,0.20619,0.03865,0.41244,68.81,68.00,0.1067,10,85.60,1
479.9205,7554,0.18282,0.20459,0.30434,70.43,70.00,0.1180,11,85.60,1
479.9810,7555,0.19305,0.00952,0.33880,69.92,69.00,0.1144,10,85.60,1
480.0409,7556,0.20135,-0.13367,0.35928,69.61,69.00,0.1123,10,85.60,1
480.1012,7557,0.17378,0.05102,0.25080,71.24,71.00,0.1237,11,85.60,1
480.1604,7558,0.19519,0.02443,0.33735,69.94,69.00,0.1146,10,85.60,1
480.2193,7559,0.20065,-0.11524,0.34902,69.76,69.00,0.1134,11,85.60,1
480.2805,7560,0.20388,-0.22283,0.35050,69.74,69.00,0.1132,11,85.60,1
480.3412,7561,0.21550,-0.20445,0.38172,69.27,69.00,0.1099,10,85.60,1
480.4113,7562,0.21654,-0.21509,0.36765,69.49,69.00,0.1114,11,85.60,1
480.4705,7563,0.20322,-0.26420,0.31114,70.33,70.00,0.1173,10,85.60,1
480.5298,7564,0.19076,-0.33578,0.26994,70.95,70.00,0.1217,10,85.60,1
480.5894,7565,0.19607,-0.31248,0.29900,70.51,70.00,0.1186,11,85.60,1
480.6482,7566,0.19879,-0.31665,0.31215,70.32,70.00,0.1172,11,85.60,1
480.7074,7567,0.21154,-0.19598,0.35733,69.64,69.00,0.1125,10,85.60,1
480.7686,7568,0.20030,-0.22675,0.30853,70.37,70.00,0.1176,9,85.60,1
480.8366,7569,0.19216,-0.25817,0.28255,70.76,70.00,0.1203,10,85.60,1
480.8982,7570,0.19529,-0.26943,0.30092,70.49,70.00,0.1184,11,85.60,1
480.9543,7571,0.20946,-0.17436,0.35280,69.71,69.00,0.1130,10,85.60,1
481.0114,7572,0.19842,-0.23560,0.30617,70.41,70.00,0.1179,10,85.60,1
481.0702,7573,0.19012,-0.29068,0.27920,70.81,70.00,0.1207,10,85.60,1
481.1342,7574,0.20479,-0.21617,0.33893,69.92,69.00,0.1144,10,85.60,1
481.1918,7575,0.20509,-0.17123,0.33461,69.98,69.00,0.1149,9,85.60,1
481.2489,7576,0.21417,-0.14416,0.36223,69.57,69.00,0.1120,10,85.60,1
481.3039,7577,0.20961,-0.16535,0.33687,69.95,69.00,0.1146,8,85.60,1
481.3572,7578,0.20560,-0.17662,0.31921,70.21,70.00,0.1165,9,85.60,1
481.4140,7579,0.20319,-0.19185,0.31088,70.34,70.00,0.1174,9,85.60,1
481.4696,7580,0.20415,-0.17567,0.31619,70.26,70.00,0.1168,9,85.60,1
481.5266,7581,0.20260,-0.20416,0.31141,70.33,70.00,0.1173,9,85.60,1
481.5833,7582,0.21009,-0.15066,0.33955,69.91,69.00,0.1143,10,85.60,1
481.6398,7583,0.20631,-0.18003,0.32186,70.17,70.00,0.1162,9,85.60,1
481.6972,7584,0.20644,-0.19435,0.32197,70.17,70.00,0.1162,11,85.60,1
481.7555,7585,0.20558,-0.20812,0.31856,70.22,70.00,0.1166,9,85.60,1
481.8218,7586,0.20377,-0.22291,0.31272,70.31,70.00,0.1172,9,85.60,1
481.8782,7587,0.20309,-0.22786,0.31186,70.32,70.00,0.1173,9,85.60,1
481.9390,7588,0.20984,-0.19576,0.33712,69.94,69.00,0.1146,10,85.60,1
481.9975,7589,0.21384,-0.17780,0.34730,69.79,69.00,0.1135,10,85.60,1
482.0579,7590,0.20937,-0.20404,0.32581,70.11,70.00,0.1158,9,85.60,1
482.1181,7591,0.20431,-0.21606,0.30740,70.39,70.00,0.1177,9,85.60,1
482.1768,7592,0.20310,-0.22427,0.30640,70.40,70.00,0.1178,9,85.60,1
482.2363,7593,0.20193,-0.23411,0.30561,70.42,70.00,0.1179,9,85.60,1
482.2950,7594,0.20188,-0.23906,0.30858,70.37,70.00,0.1176,9,85.60,1
482.3531,7595,0.21044,-0.19658,0.34089,69.89,69.00,0.1142,10,85.60,1
482.4095,7596,0.21671,-0.14670,0.35835,69.62,69.00,0.1124,10,85.60,1
482.4648,7597,0.21947,-0.13642,0.36039,69.59,69.00,0.1122,10,85.60,1
482.5323,7598,0.21310,-0.17911,0.32883,70.07,70.00,0.1155,9,85.60,1
482.5935,7599,0.20919,-0.19568,0.31456,70.28,70.00,0.1170,9,85.60,1
482.6518,7600,0.19866,-0.25062,0.28032,70.80,70.00,0.1206,10,85.60,1
482.7096,7601,0.19853,-0.24920,0.28921,70.66,70.00,0.1196,9,85.60,1
482.7659,7602,0.20788,-0.18283,0.32869,70.07,70.00,0.1155,10,85.60,1
482.8229,7603,0.20762,-0.19124,0.32593,70.11,70.00,0.1158,8,85.60,1
482.8803,7604,0.20507,-0.21632,0.31577,70.26,70.00,0.1168,9,85.60,1
482.9384,7605,0.21077,-0.23927,0.33690,69.95,69.00,0.1146,10,85.60,1
482.9955,7606,0.20764,-0.24104,0.32245,70.16,70.00,0.1161,9,85.60,1
483.0531,7607,0.21223,-0.20670,0.33841,69.92,69.00,0.1145,10,85.60,1
483.1092,7608,0.20861,-0.21817,0.32215,70.17,70.00,0.1162,9,85.60,1
483.1661,7609,0.20577,-0.22718,0.31225,70.32,70.00,0.1172,9,85.60,1
483.2295,7610,0.20617,-0.19529,0.31606,70.26,70.00,0.1168,9,85.60,1
483.2855,7611,0.20398,-0.22653,0.30962,70.36,70.00,0.1175,9,85.60,1
483.3426,7612,0.20222,-0.24075,0.30589,70.41,70.00,0.1179,9,85.60,1
483.4003,7613,0.20124,-0.23578,0.30555,70.42,70.00,0.1179,9,85.60,1
483.4590,7614,0.20003,-0.24949,0.30436,70.43,70.00,0.1180,9,85.60,1
483.5168,7615,0.20302,-0.21984,0.31792,70.23,70.00,0.1166,9,85.60,1
483.5730,7616,0.20317,-0.22488,0.31839,70.22,70.00,0.1166,9,85.60,1
483.6289,7617,0.20416,-0.21891,0.32176,70.17,70.00,0.1162,9,85.60,1
483.6853,7618,0.19585,-0.27141,0.29159,70.63,70.00,0.1194,9,85.60,1
483.7409,7619,0.20471,-0.22795,0.32837,70.07,70.00,0.1155,10,85.60,1
483.7978,7620,0.20371,-0.23787,0.32233,70.17,70.00,0.1162,9,85.60,1
483.8543,7621,0.20372,-0.23542,0.32127,70.18,70.00,0.1163,9,85.60,1
483.9193,7622,0.20574,-0.19796,0.32743,70.09,70.00,0.1156,9,85.60,1
483.9861,7623,0.20671,-0.19816,0.32849,70.07,70.00,0.1155,9,85.60,1
484.0436,7624,0.21294,-0.24821,0.34798,69.78,69.00,0.1135,8,85.60,1
484.1036,7625,0.21135,-0.20940,0.33625,69.96,69.00,0.1147,9,85.60,1
484.1616,7626,0.21048,-0.18161,0.33004,70.05,70.00,0.1153,9,85.60,1
484.2180,7627,0.21414,-0.16269,0.34129,69.88,69.00,0.1142,10,85.60,1
484.2756,7628,0.21291,-0.15278,0.33307,70.00,70.00,0.1150,9,85.60,1
484.3337,7629,0.20579,-0.34591,0.30608,70.41,70.00,0.1179,7,85.60,1
484.3923,7630,0.20331,-0.32544,0.30135,70.48,70.00,0.1184,9,85.60,1
484.4511,7631,0.20190,-0.28089,0.30113,70.48,70.00,0.1184,8,85.60,1
484.5110,7632,0.20937,-0.29829,0.33180,70.02,70.00,0.1152,8,85.60,1
484.5702,7633,0.20758,-0.26740,0.32309,70.15,70.00,0.1161,9,85.60,1
484.6395,7634,0.21528,-0.20387,0.34928,69.76,69.00,0.1133,9,85.60,1
484.6997,7635,0.21763,-0.31695,0.35147,69.73,69.00,0.1131,6,85.60,1
484.7606,7636,0.21210,-0.26951,0.32619,70.11,70.00,0.1157,8,85.60,1
484.8194,7637,0.20832,-0.25585,0.31289,70.31,70.00,0.1171,9,85.60,1
484.8782,7638,0.20614,-0.25320,0.30793,70.38,70.00,0.1177,8,85.60,1
484.9363,7639,0.20410,-0.24152,0.30432,70.44,70.00,0.1180,9,85.60,1
484.9945,7640,0.19992,-0.23952,0.29366,70.60,70.00,0.1192,6,85.60,1
485.0524,7641,0.20184,-0.23855,0.30643,70.40,70.00,0.1178,8,85.60,1
485.1108,7642,0.20318,-0.22586,0.31404,70.29,70.00,0.1170,8,85.60,1
485.1727,7643,0.19969,-0.29389,0.30297,70.46,70.00,0.1182,9,85.60,1
485.2352,7644,0.19288,-0.34372,0.28282,70.76,70.00,0.1203,9,85.60,1
485.2935,7645,0.18385,-0.39675,0.25875,71.12,71.00,0.1228,10,85.60,1
485.3608,7646,0.19473,-0.30537,0.31000,70.35,70.00,0.1174,8,85.60,1
485.4238,7647,0.20014,-0.28832,0.32885,70.07,70.00,0.1155,8,85.60,1
485.4914,7648,0.20417,-0.25000,0.33840,69.92,69.00,0.1145,9,85.60,1
485.5561,7649,0.20967,-0.42734,0.35131,69.73,69.00,0.1131,5,85.60,1
485.6173,7650,0.21255,-0.32641,0.35323,69.70,69.00,0.1129,8,85.60,1
485.6775,7651,0.21432,-0.23572,0.35156,69.73,69.00,0.1131,8,85.60,1
485.7414,7652,0.20353,-0.24299,0.30692,70.40,70.00,0.1178,9,85.60,1
485.8124,7653,0.20753,-0.16655,0.32443,70.13,70.00,0.1159,8,85.60,1
485.8778,7654,0.18546,-0.53770,0.24816,71.28,71.00,0.1239,8,85.60,1
485.9434,7655,0.18695,-0.67127,0.26981,70.95,70.00,0.1217,7,85.60,1
486.0121,7656,0.18901,-0.75309,0.28782,70.68,70.00,0.1198,7,85.60,1
486.0763,7657,0.15514,-0.91672,0.17748,72.34,72.00,0.1314,6,85.60,1
486.1465,7658,0.09282,-1.02241,-0.00215,75.08,75.00,0.1498,4,85.60,1
486.2088,7659,0.11740,-1.06838,0.14691,72.80,72.00,0.1346,4,85.60,1
486.2812,7660,0.17243,-0.56439,0.36714,69.49,69.00,0.1114,4,85.60,1
486.3469,7661,0.11313,-0.61252,0.14243,72.86,72.00,0.1350,6,89.04,1
486.4176,7662,0.19449,-0.26035,0.45070,68.24,68.00,0.1027,4,89.04,1
486.4847,7663,0.18983,-0.53440,0.39159,69.13,69.00,0.1089,4,92.23,1
486.5528,7664,0.08738,-0.74726,0.01660,74.75,74.00,0.1483,6,94.01,1
486.6290,7665,0.09189,-0.90384,0.10205,73.47,73.00,0.1393,5,97.01,1
486.7019,7666,0.06136,-0.96152,0.03914,74.41,74.00,0.1459,7,97.01,1
486.7744,7667,0.08462,-0.51400,0.16928,72.46,72.00,0.1322,8,97.96,1
486.8444,7668,0.07445,-0.42387,0.15005,72.75,72.00,0.1342,5,97.96,1
486.9194,7669,0.04538,-0.65882,0.07238,73.91,73.00,0.1424,6,98.22,1
486.9877,7670,0.03286,-0.77337,0.06460,74.03,74.00,0.1432,9,98.22,1
487.0553,7671,0.05473,-0.90483,0.17193,72.42,72.00,0.1319,6,98.22,1
487.1258,7672,0.05302,-0.89566,0.17228,72.42,72.00,0.1319,8,99.59,1
487.2054,7673,-0.04595,-0.30859,-0.15478,80.42,80.00,0.1337,18,101.16,1
487.2738,7674,0.00000,-0.25331,0.04113,74.38,74.00,0.1457,22,99.11,1
487.3398,7675,0.00000,-0.35305,0.13947,72.91,72.00,0.1354,21,96.10,1
487.4055,7676,0.03850,-0.35687,0.24301,71.35,71.00,0.1245,20,91.23,1
487.4775,7677,0.03099,-0.08531,0.19576,72.06,72.00,0.1294,24,90.03,1
487.5416,7678,0.00000,-0.01211,0.12422,73.14,73.00,0.1370,18,89.59,1
487.6081,7679,0.02938,-0.19288,0.18901,72.16,72.00,0.1302,21,88.15,1
487.6766,7680,0.00000,-0.33670,0.08761,73.69,73.00,0.1408,20,85.75,1
487.7496,7681,-0.06325,-0.36664,-0.11454,79.01,79.00,0.1380,20,82.63,1
487.8129,7682,-0.10491,-0.17179,-0.19953,81.98,81.00,0.1290,22,82.41,1
487.8803,7683,-0.13555,0.23690,-0.22906,83.02,83.00,0.1259,24,82.59,1
487.9492,7684,-0.14256,0.55876,-0.17631,81.17,81.00,0.1315,23,80.51,1
488.0173,7685,-0.16391,0.69520,-0.19423,81.80,81.00,0.1296,22,75.63,1
488.0882,7686,-0.16098,0.81163,-0.12852,79.50,79.00,0.1365,18,71.16,1
488.1574,7687,-0.20647,0.31027,-0.25063,83.77,83.00,0.1237,23,66.75,1
488.2272,7688,-0.17354,0.14085,-0.08172,77.86,77.00,0.1414,26,67.17,1
488.2919,7689,-0.13819,0.27241,0.04971,74.25,74.00,0.1448,25,66.08,1
488.3616,7690,-0.02893,0.31947,0.40262,68.96,68.00,0.1077,17,64.77,1
488.4280,7691,0.00000,0.37215,0.37769,69.33,69.00,0.1103,21,63.58,1
488.4959,7692,0.05721,0.32463,0.51619,67.26,67.00,0.0958,16,61.96,1
488.5718,7693,0.13793,0.14161,0.67031,64.95,64.00,0.0796,16,60.79,1
488.6392,7694,0.09562,0.34662,0.39654,69.05,69.00,0.1084,20,59.81,1
488.7035,7695,0.10004,0.29604,0.35486,69.68,69.00,0.1127,19,59.74,1
488.7645,7696,0.14889,-0.25251,0.48340,67.75,67.00,0.0992,16,59.12,1
488.8279,7697,0.14908,-0.09634,0.41813,68.73,68.00,0.1061,20,59.22,1
488.9017,7698,0.16701,-0.08581,0.42802,68.58,68.00,0.1051,16,58.39,1
488.9685,7699,0.11776,-0.02534,0.21624,71.76,71.00,0.1273,21,57.99,1
489.0321,7700,0.07201,0.22798,0.06772,73.98,73.00,0.1429,21,57.21,1
489.0960,7701,0.07006,0.25166,0.10188,73.47,73.00,0.1393,18,56.74,1
489.1535,7702,0.07860,0.30966,0.15920,72.61,72.00,0.1333,16,55.96,1
489.2157,7703,0.10672,-0.08945,0.27358,70.90,70.00,0.1213,18,55.25,1
489.2789,7704,0.14920,-0.19251,0.41071,68.84,68.00,0.1069,24,55.25,1
489.3414,7705,0.15362,-0.44282,0.38478,69.23,69.00,0.1096,16,55.21,1
489.4024,7706,0.13947,-0.56667,0.30392,70.44,70.00,0.1181,19,56.23,1
489.4654,7707,0.10460,-0.38639,0.17109,72.43,72.00,0.1320,20,57.41,1
489.5311,7708,0.03337,-0.30947,-0.05528,76.93,76.00,0.1442,18,58.41,1
489.5941,7709,-0.04304,-0.09971,-0.25193,83.82,83.00,0.1235,21,59.88,1
489.6590,7710,-0.13480,0.13683,-0.46143,91.15,91.00,0.1016,21,61.85,1
489.7226,7711,-0.18825,0.58980,-0.50433,92.65,92.00,0.0970,17,64.30,1
489.7880,7712,-0.19388,0.79405,-0.38136,88.35,88.00,0.1100,17,66.85,1
489.8495,7713,-0.19297,0.64290,-0.28213,84.87,84.00,0.1204,16,67.70,1
489.9118,7714,-0.14678,0.36216,-0.05453,76.91,76.00,0.1443,25,68.40,1
489.9777,7715,-0.05686,0.02119,0.27068,70.94,70.00,0.1216,22,67.83,1
490.0476,7716,0.07299,-0.18294,0.65263,65.21,65.00,0.0815,23,66.89,1
490.1108,7717,0.17559,-0.30281,0.87094,61.94,61.00,0.0586,20,65.55,1
490.1727,7718,0.21829,-0.37580,0.84961,62.26,62.00,0.0608,16,65.03,1
490.2391,7719,0.17249,-0.38746,0.53105,67.03,67.00,0.0942,18,65.01,1
490.3046,7720,0.03092,-0.16296,-0.02960,76.04,75.00,0.1469,18,66.52,1
490.3737,7721,0.05471,-0.11404,0.11579,73.26,73.00,0.1378,17,63.85,1
490.4374,7722,0.08908,-0.25686,0.25602,71.16,71.00,0.1231,18,62.28,1
490.5022,7723,0.11328,-0.29630,0.32982,70.05,70.00,0.1154,16,62.81,1
490.5732,7724,0.14594,-0.40582,0.41210,68.82,68.00,0.1067,17,63.48,1
490.6354,7725,0.14762,-0.49742,0.37662,69.35,69.00,0.1105,15,64.40,1
490.6931,7726,0.12232,-0.46259,0.26022,71.10,71.00,0.1227,17,65.12,1
490.7526,7727,0.08667,-0.17002,0.13297,73.01,73.00,0.1360,16,65.72,1
490.8116,7728,0.08482,-0.18446,0.15062,72.74,72.00,0.1342,19,66.45,1
490.8708,7729,0.05524,-0.12750,0.06586,74.01,74.00,0.1431,17,67.92,1
490.9286,7730,0.06754,-0.23294,0.14398,72.84,72.00,0.1349,22,70.83,1
490.9904,7731,0.06355,-0.26032,0.14702,72.79,72.00,0.1346,24,73.44,1
491.0525,7732,0.04482,-0.29350,0.09702,73.54,73.00,0.1398,22,76.77,1
491.1152,7733,0.02917,-0.22737,0.06823,73.98,73.00,0.1428,18,79.92,1
491.1810,7734,0.04956,-0.36541,0.16993,72.45,72.00,0.1322,19,81.53,1
491.2436,7735,0.07599,-0.40862,0.26575,71.01,71.00,0.1221,21,84.01,1
491.3061,7736,0.05566,-0.19425,0.17898,72.32,72.00,0.1312,21,83.24,1
491.3690,7737,0.00000,-0.10992,-0.02158,75.76,75.00,0.1477,17,83.02,1
491.4367,7738,-0.04100,-0.03113,-0.09881,78.46,78.00,0.1396,16,83.65,1
491.5104,7739,0.02954,-0.46346,0.21217,71.82,71.00,0.1277,6,85.48,1
491.5831,7740,0.03853,-0.21687,0.22828,71.58,71.00,0.1260,11,84.67,1
491.6575,7741,0.07673,-0.05666,0.33895,69.92,69.00,0.1144,9,88.90,1
491.7254,7742,0.04299,0.19599,0.18571,72.21,72.00,0.1305,13,91.81,1
491.7928,7743,0.02113,0.19592,0.11030,73.35,73.00,0.1384,11,92.78,1
491.8605,7744,0.04864,-0.09712,0.21998,71.70,71.00,0.1269,12,92.75,1
491.9351,7745,0.00000,-0.24897,0.02477,74.63,74.00,0.1474,14,91.74,1
492.0018,7746,-0.03989,-0.32959,-0.05550,76.94,76.00,0.1442,13,92.44,1
492.0656,7747,0.00000,-0.20393,0.13987,72.90,72.00,0.1353,13,92.49,1
492.1297,7748,0.04825,-0.15456,0.29588,70.56,70.00,0.1189,11,93.48,1
492.2003,7749,0.06780,-0.43339,0.32624,70.11,70.00,0.1157,13,91.93,1
492.2664,7750,0.05837,-0.20462,0.25614,71.16,71.00,0.1231,14,91.74,1
492.3334,7751,0.03025,-0.21959,0.14077,72.89,72.00,0.1352,12,92.56,1
492.3980,7752,0.07562,0.05580,0.30451,70.43,70.00,0.1180,9,92.56,1
492.4647,7753,0.08401,0.14808,0.30334,70.45,70.00,0.1181,13,92.56,1
492.5280,7754,0.05801,-0.02014,0.18836,72.17,72.00,0.1302,12,92.56,1
492.5936,7755,0.05741,0.09264,0.18791,72.18,72.00,0.1303,11,95.21,1
492.6594,7756,0.04247,-0.03494,0.13829,72.93,72.00,0.1355,11,99.29,1
492.7299,7757,0.00000,0.44513,0.02718,74.59,74.00,0.1471,7,99.29,1
492.7963,7758,0.06139,0.32687,0.25201,71.22,71.00,0.1235,12,99.29,1
492.8633,7759,0.08755,0.20759,0.32383,70.14,70.00,0.1160,9,99.29,1
492.9320,7760,0.00000,0.56553,0.01753,74.74,74.00,0.1482,9,99.29,1
493.0065,7761,0.00000,0.27805,0.04478,74.33,74.00,0.1453,9,99.29,1
493.0818,7762,0.10896,0.10927,0.43512,68.47,68.00,0.1043,9,99.29,1
493.1473,7763,0.12705,-0.09545,0.43673,68.45,68.00,0.1041,9,99.29,1
493.2138,7764,0.05749,-0.43950,0.14476,72.83,72.00,0.1348,6,99.29,1
493.2834,7765,-0.02631,-0.38946,-0.12502,79.38,79.00,0.1369,8,99.29,1
493.3464,7766,-0.03583,-0.24340,-0.08732,78.06,78.00,0.1408,6,91.56,1
493.4082,7767,0.00000,-0.60223,0.06923,73.96,73.00,0.1427,7,91.56,1
493.4700,7768,-0.04600,0.01040,-0.04402,76.54,76.00,0.1454,4,91.56,1
493.5354,7769,0.10681,0.51659,0.53153,67.03,68.00,0.0942,3,91.56,1
493.6058,7770,0.09618,0.76995,0.39778,69.03,69.00,0.1082,4,90.30,1
493.6850,7771,0.11291,0.02511,0.39248,69.11,69.00,0.1088,5,90.30,1
493.7528,7772,0.07311,0.45477,0.21209,71.82,71.00,0.1277,4,83.67,1
493.8204,7773,0.04552,-0.02945,0.11739,73.24,73.00,0.1377,5,83.67,1
493.8924,7774,0.15205,-0.28594,0.49881,67.52,67.00,0.0976,3,83.10,1
493.9601,7775,-0.06390,0.24456,-0.30353,85.62,75.00,0.1181,4,83.10,1
494.0362,7776,0.13144,0.20698,0.49212,67.62,67.00,0.0983,3,83.69,1
494.1210,7777,0.16438,0.54202,0.51186,67.32,67.00,0.0963,3,83.69,1
494.1895,7778,0.19300,0.66550,0.48870,67.67,67.00,0.0000,2,87.92,0
494.2581,7779,-0.02526,0.91506,-0.23640,83.27,75.00,0.1252,4,87.92,1
494.3323,7780,0.00000,0.03836,-0.06858,77.40,77.00,0.1428,4,84.33,1
494.4046,7781,0.00000,0.23885,0.00684,74.90,74.00,0.1493,8,84.33,1
494.4760,7782,0.03376,0.33303,0.15108,72.73,72.00,0.1341,9,84.33,1
494.5422,7783,0.12389,0.02241,0.45799,68.13,68.00,0.1019,9,84.33,1
494.6151,7784,0.08033,0.06751,0.23528,71.47,71.00,0.1253,8,84.33,1
494.6823,7785,0.18397,-0.18349,0.57848,66.32,66.00,0.0893,6,82.45,1
494.7564,7786,0.23672,-0.11457,0.66400,65.04,65.00,0.0803,6,82.45,1
494.8378,7787,0.11141,0.05402,0.13024,73.05,73.00,0.1363,12,82.45,1
494.9052,7788,0.03201,0.14477,-0.10235,78.58,78.00,0.1393,12,82.45,1
494.9711,7789,0.00000,0.06931,-0.16013,80.60,80.00,0.1332,11,82.45,1
495.0346,7790,-0.05547,0.02771,-0.23118,83.09,83.00,0.1257,8,87.70,1
495.0986,7791,-0.10761,0.13456,-0.31576,86.05,86.00,0.1168,11,87.70,1
495.1604,7792,-0.07850,0.12028,-0.11296,78.95,78.00,0.1381,15,87.70,1
495.2373,7793,0.00000,-0.00578,0.18312,72.25,72.00,0.1308,11,87.70,1
495.3045,7794,0.00000,0.04670,0.24704,71.29,71.00,0.1241,15,87.70,1
495.3803,7795,0.00000,-0.02279,0.21071,71.84,71.00,0.1279,13,87.70,1
495.4483,7796,0.05454,0.02371,0.32603,70.11,70.00,0.1158,10,87.70,1
495.5164,7797,0.08559,0.00411,0.38790,69.18,69.00,0.1093,13,87.70,1
495.5805,7798,0.11834,-0.14147,0.44930,68.26,68.00,0.1028,11,87.70,1
495.6486,7799,0.05723,-0.13772,0.17612,72.36,72.00,0.1315,6,87.70,1
495.7244,7800,0.00000,-0.08652,-0.05251,76.84,76.00,0.1445,6,87.70,1
495.7930,7801,-0.02832,-0.15432,-0.04869,76.70,76.00,0.1449,13,87.70,1
495.8618,7802,0.00000,-0.20725,0.07518,73.87,73.00,0.1421,13,86.33,1
495.9397,7803,0.03941,-0.14634,0.25562,71.17,71.00,0.1232,8,86.33,1
496.0079,7804,0.04568,-0.15409,0.25295,71.21,71.00,0.1234,8,86.33,1
496.0788,7805,0.11153,-0.05944,0.45280,68.21,68.00,0.1025,10,86.33,1
496.1437,7806,0.07965,0.08361,0.28092,70.79,70.00,0.1205,14,86.33,1
496.2067,7807,0.07465,-0.09718,0.24365,71.35,71.00,0.1244,12,86.33,1
496.2739,7808,0.08072,-0.31107,0.25324,71.20,71.00,0.1234,11,86.33,1
496.3460,7809,0.09080,-0.06311,0.27411,70.89,70.00,0.1212,10,86.70,1
496.4166,7810,0.06156,-0.27032,0.15826,72.63,72.00,0.1334,13,86.88,1
496.4849,7811,0.13392,-0.27624,0.41519,68.77,68.00,0.1064,12,84.19,1
496.5513,7812,0.13757,-0.34413,0.37947,69.31,69.00,0.1102,15,84.19,1
496.6182,7813,0.13818,-0.37555,0.34485,69.83,69.00,0.1138,14,84.67,1
496.6877,7814,0.15035,-0.44705,0.35980,69.60,69.00,0.1122,14,84.67,1
496.7557,7815,0.14044,-0.34106,0.29876,70.52,70.00,0.1186,16,85.41,1
496.8200,7816,0.12989,-0.32651,0.25246,71.21,71.00,0.1235,14,83.07,1
496.8903,7817,0.07232,-0.02303,0.05722,74.14,74.00,0.1440,13,83.07,1
496.9556,7818,0.05321,-0.15609,0.03677,74.45,74.00,0.1461,13,85.16,1
497.0204,7819,0.05982,-0.35474,0.10593,73.41,73.00,0.1389,14,84.39,1
497.0968,7820,0.07087,-0.64620,0.17470,72.38,72.00,0.1317,17,84.45,1
497.1613,7821,0.03498,-0.68233,0.06203,74.07,74.00,0.1435,15,84.45,1
497.2251,7822,0.08755,-0.77651,0.27438,70.88,70.00,0.1212,18,91.31,1
497.2891,7823,0.09913,-0.83009,0.29751,70.54,70.00,0.1188,22,93.08,1
497.3554,7824,0.11322,-0.59970,0.32451,70.13,70.00,0.1159,24,94.34,1
497.4233,7825,0.09800,-0.32006,0.24593,71.31,71.00,0.1242,21,94.77,1
497.4853,7826,0.09231,-0.17097,0.22121,71.68,71.00,0.1268,23,94.93,1
497.5502,7827,0.06954,-0.19258,0.14350,72.85,72.00,0.1349,17,94.40,1
497.6212,7828,0.05201,-0.15963,0.10352,73.45,73.00,0.1391,17,93.98,1
497.6876,7829,0.00000,-0.02258,-0.00117,75.04,75.00,0.1499,16,92.24,1
497.7575,7830,-0.04764,0.14115,-0.16347,80.72,80.00,0.1328,19,90.58,1
497.8326,7831,-0.09122,0.39762,-0.22166,82.76,82.00,0.1267,18,88.75,1
497.9021,7832,-0.11267,0.65478,-0.20688,82.24,82.00,0.1283,18,86.42,1
497.9697,7833,-0.11565,0.63045,-0.14272,80.00,79.00,0.1350,18,83.89,1
498.0424,7834,-0.07945,0.47126,0.03671,74.45,74.00,0.1461,18,82.65,1
498.1084,7835,-0.06353,0.32619,0.09759,73.54,73.00,0.1398,20,81.59,1
498.1771,7836,-0.03933,0.20438,0.17211,72.42,72.00,0.1319,23,80.83,1
498.2530,7837,0.00000,-0.01267,0.24562,71.32,71.00,0.1242,18,80.09,1
498.3186,7838,0.02124,0.03831,0.31669,70.25,70.00,0.1167,19,78.86,1
498.3892,7839,0.00000,0.02527,0.21322,71.80,71.00,0.1276,22,78.03,1
498.4573,7840,0.00000,0.13862,0.13654,72.95,72.00,0.1357,20,76.28,1
498.5326,7841,-0.03837,0.32674,0.03126,74.53,74.00,0.1467,17,75.00,1
498.6096,7842,-0.06459,0.35162,-0.03544,76.24,76.00,0.1463,18,74.09,1
498.6803,7843,-0.07808,0.27390,-0.04815,76.69,76.00,0.1449,20,72.35,1
498.7530,7844,-0.10270,0.18832,-0.09786,78.43,78.00,0.1397,24,70.46,1
498.8306,7845,-0.14415,0.17631,-0.19352,81.77,81.00,0.1297,17,69.58,1
498.8970,7846,-0.16461,0.21383,-0.20892,82.31,82.00,0.1281,19,68.33,1
498.9628,7847,-0.17902,0.16375,-0.20633,82.22,82.00,0.1283,20,67.15,1
499.0309,7848,-0.17515,0.09448,-0.14568,80.10,80.00,0.1347,20,66.18,1
499.1087,7849,-0.14562,0.10712,-0.01378,75.48,75.00,0.1486,19,65.26,1
499.1728,7850,-0.10519,0.09616,0.11788,73.23,73.00,0.1376,18,64.66,1
499.2416,7851,-0.06864,-0.01439,0.20585,71.91,71.00,0.1284,17,64.20,1
499.3163,7852,-0.03014,-0.06932,0.27868,70.82,70.00,0.1207,22,64.00,1
499.3848,7853,0.00000,-0.13231,0.28894,70.67,70.00,0.1197,18,63.41,1
499.4582,7854,-0.02902,-0.03374,0.15245,72.71,72.00,0.1340,16,62.74,1
499.5281,7855,-0.06892,0.08952,-0.00927,75.32,75.00,0.1490,17,62.05,1
499.5946,7856,-0.13871,0.08413,-0.23482,83.22,83.00,0.1253,19,61.70,1
499.6698,7857,-0.20654,0.29889,-0.39757,88.91,88.00,0.1083,16,62.35,1
499.7477,7858,-0.18478,0.69719,-0.22217,82.78,82.00,0.1267,14,63.73,1
499.8161,7859,-0.22224,0.87620,-0.30849,85.80,85.00,0.1176,16,65.01,1
499.8842,7860,-0.23836,0.82145,-0.30829,85.79,85.00,0.1176,15,63.97,1
499.9566,7861,-0.18699,0.48570,-0.08173,77.86,77.00,0.1414,16,63.74,1
500.0283,7862,-0.09990,0.21401,0.20468,71.93,71.00,0.1285,18,64.07,1
500.0972,7863,-0.02252,0.24357,0.39326,69.10,69.00,0.1087,14,64.61,1
500.1686,7864,0.04455,0.13140,0.50691,67.40,67.00,0.0968,15,64.97,1
500.2436,7865,0.06747,0.06494,0.44606,68.31,68.00,0.1032,15,65.34,1
500.3120,7866,0.06547,-0.05426,0.34060,69.89,69.00,0.1142,19,65.35,1
500.3798,7867,0.00000,-0.08456,0.06862,73.97,73.00,0.1428,16,65.09,1
500.4502,7868,-0.07591,-0.00959,-0.20825,82.29,81.00,0.1281,14,64.88,1
500.5168,7869,-0.17055,0.30855,-0.47003,91.45,89.00,0.1006,14,66.10,1
500.5872,7870,-0.24071,0.55975,-0.58917,95.62,95.00,0.0881,16,67.91,1
500.6625,7871,-0.28680,0.62050,-0.60193,96.07,96.00,0.0868,19,67.22,1
500.7406,7872,-0.28588,0.51865,-0.46532,91.29,91.00,0.1011,16,66.94,1
500.8087,7873,-0.19707,0.12639,-0.09343,78.27,83.00,0.1402,18,66.15,1
500.8731,7874,-0.04927,-0.30762,0.39231,69.12,75.00,0.1088,16,69.25,1
500.9424,7875,-0.03963,0.07665,0.29609,70.56,70.00,0.1189,16,67.12,1
501.0124,7876,-0.05570,0.02149,0.14358,72.85,72.00,0.1349,18,67.59,1
501.0781,7877,-0.07161,0.06222,0.03831,74.43,74.00,0.1460,20,69.18,1
501.1417,7878,-0.09364,0.17575,-0.06030,77.11,77.00,0.1437,15,69.56,1
501.2092,7879,-0.09762,0.31194,-0.07429,77.60,77.00,0.1422,16,70.00,1
501.2766,7880,0.00000,-0.14193,0.30597,70.41,70.00,0.1179,17,72.27,1
501.3406,7881,0.14867,-0.39417,0.69160,64.63,64.00,0.0774,22,72.62,1
501.4047,7882,0.22590,-0.58605,0.80058,62.99,62.00,0.0659,23,72.73,1
501.4660,7883,0.27867,-0.68874,0.82232,62.67,62.00,0.0637,23,72.99,1
501.5316,7884,0.26098,-0.71037,0.59907,66.01,66.00,0.0871,22,72.46,1
501.5961,7885,0.13927,-0.58093,0.08358,73.75,73.00,0.1412,19,72.37,1
501.6602,7886,0.00000,-0.00321,-0.39537,88.84,81.00,0.1085,18,69.46,1
501.7215,7887,0.00000,0.29047,-0.26815,84.39,84.00,0.1218,15,68.09,1
501.7821,7888,0.06961,0.03656,0.09137,73.63,76.00,0.1404,17,67.78,1
501.8417,7889,0.12283,-0.15849,0.28401,70.74,70.00,0.1202,19,67.92,1
501.9050,7890,0.15485,-0.29579,0.36092,69.59,69.00,0.1121,16,67.23,1
501.9712,7891,0.16210,-0.64939,0.33543,69.97,69.00,0.1148,14,66.89,1
502.0318,7892,0.18935,-0.70583,0.39450,69.08,69.00,0.1086,16,67.32,1
502.0923,7893,0.17805,-0.65831,0.31059,70.34,70.00,0.1174,17,68.28,1
502.1551,7894,0.12817,-0.40259,0.11370,73.29,73.00,0.1381,13,69.76,1
502.2214,7895,0.05346,-0.26867,-0.12205,79.27,79.00,0.1372,16,70.42,1
502.2843,7896,-0.04114,-0.14888,-0.37840,88.24,87.00,0.1103,18,72.03,1
502.3509,7897,-0.12714,0.08083,-0.54730,94.16,94.00,0.0925,19,73.50,1
502.4203,7898,-0.19914,0.37149,-0.63450,97.21,97.00,0.0834,17,77.24,1
502.4835,7899,-0.21030,0.35618,-0.52309,93.31,93.00,0.0951,17,78.64,1
502.5474,7900,-0.14916,0.21718,-0.19679,81.89,85.00,0.1293,19,78.78,1
502.6099,7901,-0.04958,0.05248,0.18130,72.28,77.00,0.1310,18,78.69,1
502.6727,7902,0.11044,-0.41810,0.68571,64.71,69.00,0.0780,17,76.67,1
502.7352,7903,0.02653,0.03851,0.23794,71.43,71.00,0.1250,9,76.07,1
502.8007,7904,-0.10093,0.36378,-0.25335,83.87,79.00,0.1234,17,74.98,1
502.8729,7905,-0.20395,0.47746,-0.53621,93.77,87.00,0.0937,19,74.67,1
502.9344,7906,0.00000,-0.14482,0.28647,70.70,79.00,0.1199,13,72.20,1
502.9976,7907,0.06921,-0.20821,0.44624,68.31,71.00,0.1031,19,72.11,1
503.0596,7908,0.00000,-0.10097,0.11772,73.23,73.00,0.1376,20,72.55,1
503.1220,7909,-0.06304,0.12694,-0.13040,79.56,79.00,0.1363,16,73.81,1
503.1838,7910,-0.12145,0.40940,-0.29877,85.46,85.00,0.1186,15,75.76,1
503.2475,7911,-0.18626,0.49861,-0.45477,90.92,90.00,0.1022,14,77.59,1
503.3121,7912,-0.24303,0.59580,-0.55352,94.37,94.00,0.0919,12,80.28,1
503.3834,7913,-0.27501,0.63547,-0.54319,94.01,94.00,0.0930,16,82.08,1
503.4475,7914,-0.25095,0.71163,-0.36710,87.85,87.00,0.1115,16,82.65,1
503.5154,7915,-0.17201,0.46745,-0.04631,76.62,79.00,0.1451,19,81.80,1
503.5890,7916,-0.02368,0.21750,0.42771,68.58,71.00,0.1051,19,80.70,1
503.6554,7917,0.16626,-0.16157,0.94399,60.84,63.00,0.0509,17,78.35,1
503.7247,7918,0.33349,-0.36224,1.00000,60.00,60.00,0.0450,17,75.88,1
503.7937,7919,0.40522,-0.40084,1.00000,60.00,60.00,0.0450,20,73.64,1
503.8628,7920,0.35128,-0.38453,0.78108,63.28,63.00,0.0680,19,71.93,1
503.9324,7921,0.20303,-0.24441,0.14570,72.81,71.00,0.1347,22,71.99,1
504.0009,7922,0.00000,0.08576,-0.48397,91.94,79.00,0.0992,20,73.61,1
504.0698,7923,-0.14002,0.43022,-0.82262,103.79,87.00,0.0636,17,76.10,1
504.1400,7924,-0.10013,0.06107,-0.44889,90.71,90.00,0.1029,16,72.19,1
504.2074,7925,-0.04785,-0.21580,-0.14343,80.02,82.00,0.1349,13,71.33,1
504.2801,7926,0.00000,-0.63643,0.04307,74.35,74.00,0.1455,12,69.57,1
504.3458,7927,-0.11868,-0.17768,-0.33525,86.73,82.00,0.1148,15,72.14,1
504.4109,7928,-0.21063,0.28568,-0.57021,94.96,90.00,0.0901,21,74.16,1
504.4779,7929,-0.24244,0.52254,-0.54914,94.22,94.00,0.0923,23,75.40,1
504.5485,7930,-0.26239,0.73294,-0.50090,92.53,92.00,0.0974,23,76.10,1
504.6118,7931,-0.24137,0.75132,-0.34680,87.14,87.00,0.1136,25,76.43,1
504.6796,7932,-0.14597,0.63458,0.02723,74.59,79.00,0.1471,25,74.83,1
504.7526,7933,0.04208,0.48224,0.62082,65.69,71.00,0.0848,25,72.45,1
504.8176,7934,0.05404,-0.08696,0.49386,67.59,67.00,0.0981,20,70.60,1
504.8863,7935,-0.04645,0.24026,0.01620,74.76,74.00,0.1483,15,69.14,1
504.9526,7936,-0.14250,0.43564,-0.32551,86.39,82.00,0.1158,16,67.87,1
505.0257,7937,0.00000,0.06294,0.21059,71.84,74.00,0.1279,19,66.73,1
505.0916,7938,0.03032,0.10487,0.27634,70.85,70.00,0.1210,25,66.01,1
505.1607,7939,0.00000,0.24562,0.06613,74.01,74.00,0.1431,25,65.89,1
505.2376,7940,-0.08634,0.30901,-0.21198,82.42,82.00,0.1277,25,66.77,1
505.3059,7941,-0.18024,0.47814,-0.48485,91.97,90.00,0.0991,24,67.90,1
505.3729,7942,-0.24856,0.62417,-0.61653,96.58,96.00,0.0853,21,69.01,1
505.4353,7943,-0.23100,0.62989,-0.44586,90.60,90.00,0.1032,23,70.56,1
505.4973,7944,-0.14064,0.63772,-0.06463,77.26,82.00,0.1432,22,71.34,1
505.5611,7945,-0.04626,0.49379,0.24215,71.37,74.00,0.1246,22,70.65,1
505.6233,7946,0.10504,0.36026,0.68374,64.74,66.00,0.0782,21,68.51,1
505.6889,7947,0.08176,-0.15495,0.41954,68.71,68.00,0.1059,17,67.27,1
505.7520,7948,0.00000,-0.26365,0.01514,74.77,74.00,0.1484,19,65.46,1
505.8129,7949,0.00000,-0.65689,0.02901,74.56,74.00,0.1470,14,64.12,1
505.8720,7950,0.09283,-0.49067,0.34464,69.83,69.00,0.1138,23,65.00,1
505.9334,7951,0.04746,-0.23701,0.10993,73.35,73.00,0.1385,24,65.56,1
505.9959,7952,-0.06601,0.08005,-0.30604,85.71,81.00,0.1179,21,68.50,1
506.0562,7953,-0.02662,-0.09171,-0.09729,78.41,78.00,0.1398,19,66.85,1
506.1190,7954,0.02129,-0.24358,0.09164,73.63,73.00,0.1404,19,68.27,1
506.1780,7955,0.02795,-0.28556,0.09484,73.58,73.00,0.1400,19,70.47,1
506.2390,7956,0.03366,-0.30087,0.09523,73.57,73.00,0.1400,15,74.50,1
506.3059,7957,0.04870,-0.36768,0.12789,73.08,73.00,0.1366,17,78.81,1
506.3779,7958,0.05093,-0.63993,0.10879,73.37,73.00,0.1386,16,82.33,1
506.4407,7959,0.04251,-0.62506,0.06329,74.05,74.00,0.1434,19,85.26,1
506.5044,7960,0.03890,-0.29519,0.04536,74.32,74.00,0.1452,19,85.26,1
506.5692,7961,-0.02087,-0.20806,-0.16211,80.67,80.00,0.1330,16,85.26,1
506.6354,7962,-0.07837,0.14189,-0.31490,86.02,86.00,0.1169,14,82.84,1
506.7055,7963,-0.12360,0.55893,-0.39056,88.67,88.00,0.1090,10,82.80,1
506.7704,7964,-0.15161,0.65421,-0.40344,89.12,89.00,0.1076,16,81.12,1
506.8333,7965,-0.04518,0.43727,0.03942,74.41,81.00,0.1459,12,82.66,1
506.8995,7966,0.00000,0.51461,0.17439,72.38,73.00,0.1317,10,83.43,1
506.9725,7967,-0.02168,0.42460,0.03429,74.49,74.00,0.1464,11,81.82,1
507.0375,7968,0.06258,-0.07150,0.30504,70.42,70.00,0.1180,10,82.34,1
507.1041,7969,0.02810,0.21302,0.11028,73.35,73.00,0.1384,13,81.40,1
507.1698,7970,0.07923,0.05811,0.25951,71.11,71.00,0.1228,10,79.23,1
507.2379,7971,0.12562,0.16296,0.35972,69.60,69.00,0.1122,11,78.47,1
507.3155,7972,0.16302,-0.03651,0.40256,68.96,68.00,0.1077,12,78.09,1
507.3810,7973,0.16084,-0.22037,0.32167,70.17,70.00,0.1162,12,77.95,1
507.4513,7974,0.15602,-0.28210,0.25358,71.20,71.00,0.1234,12,77.21,1
507.5157,7975,0.12107,-0.21236,0.10637,73.40,73.00,0.1388,14,77.38,1
507.5812,7976,0.06132,-0.44524,-0.09192,78.22,78.00,0.1403,14,77.90,1
507.6455,7977,0.07750,-0.27739,0.01521,74.77,74.00,0.1484,14,78.47,1
507.7115,7978,0.06818,-0.52421,0.00698,74.90,74.00,0.1493,9,80.23,1
507.7833,7979,0.05562,-0.27257,-0.00965,75.34,75.00,0.1490,13,83.60,1
507.8480,7980,0.03743,-0.12926,-0.04653,76.63,76.00,0.1451,14,86.99,1
507.9128,7981,0.05179,-0.03771,0.03502,74.47,74.00,0.1463,13,88.09,1
507.9750,7982,0.03357,-0.14082,-0.01642,75.57,75.00,0.1483,12,88.09,1
508.0351,7983,0.03406,-0.19435,0.00641,74.90,74.00,0.1493,13,88.09,1
508.0953,7984,0.02806,-0.21258,0.00054,74.99,74.00,0.1499,13,88.28,1
508.1571,7985,0.03492,-0.18951,0.04047,74.39,74.00,0.1458,13,88.76,1
508.2161,7986,0.03798,-0.17861,0.05714,74.14,74.00,0.1440,13,89.28,1
508.2766,7987,0.03136,-0.12346,0.03619,74.46,74.00,0.1462,13,89.25,1
508.3413,7988,0.03371,-0.13178,0.05162,74.23,74.00,0.1446,13,89.63,1
508.4029,7989,0.03293,-0.12004,0.05211,74.22,74.00,0.1445,13,90.06,1
508.4659,7990,0.03656,-0.10419,0.06790,73.98,73.00,0.1429,13,90.56,1
508.5292,7991,0.02617,-0.21728,0.03144,74.53,74.00,0.1467,14,90.60,1
508.5872,7992,0.03527,-0.13891,0.07047,73.94,73.00,0.1426,13,90.94,1
508.6467,7993,0.04190,-0.08862,0.09268,73.61,73.00,0.1403,13,91.35,1
508.7084,7994,0.04561,-0.02153,0.10022,73.50,73.00,0.1395,13,91.61,1
508.7665,7995,0.04711,-0.00589,0.09941,73.51,73.00,0.1396,13,91.85,1
508.8242,7996,0.05025,-0.03685,0.10534,73.42,73.00,0.1389,13,91.85,1
508.8836,7997,0.08866,-0.15226,0.23503,71.47,71.00,0.1253,13,92.17,1
508.9420,7998,0.07196,-0.12759,0.14416,72.84,72.00,0.1349,13,92.17,1
509.0021,7999,0.06132,-0.09221,0.09635,73.55,73.00,0.1399,13,92.45,1
509.0631,8000,0.05480,-0.05895,0.07447,73.88,73.00,0.1422,13,92.45,1
509.1255,8001,0.04908,-0.04581,0.06054,74.09,74.00,0.1436,13,92.45,1
509.1875,8002,0.04541,-0.02775,0.05656,74.15,74.00,0.1441,13,92.45,1
509.2446,8003,0.04382,-0.02836,0.05976,74.10,74.00,0.1437,13,92.30,1
509.3029,8004,0.04407,-0.02747,0.06846,73.97,73.00,0.1428,13,92.30,1
509.3607,8005,0.04071,-0.02192,0.06230,74.07,74.00,0.1435,13,92.30,1
509.4244,8006,0.03879,-0.03018,0.06300,74.05,74.00,0.1434,13,92.30,1
509.4806,8007,0.03675,-0.02611,0.06200,74.07,74.00,0.1435,13,92.30,1
509.5368,8008,0.03736,-0.03581,0.07026,73.95,73.00,0.1426,13,92.57,1
509.5946,8009,0.04104,-0.03067,0.08760,73.69,73.00,0.1408,13,92.57,1
509.6526,8010,0.04299,-0.01976,0.09523,73.57,73.00,0.1400,13,92.62,1
509.7099,8011,0.04301,-0.01379,0.09466,73.58,73.00,0.1401,13,92.76,1
509.7679,8012,0.04420,-0.00368,0.09863,73.52,73.00,0.1396,13,92.76,1
509.8241,8013,0.04205,0.00443,0.09026,73.65,73.00,0.1405,13,92.76,1
509.8814,8014,0.04392,0.00359,0.09813,73.53,73.00,0.1397,13,92.78,1
509.9364,8015,0.04520,0.01157,0.10246,73.46,73.00,0.1392,13,92.50,1
509.9922,8016,0.04526,-0.00962,0.10182,73.47,73.00,0.1393,13,92.50,1
510.0493,8017,0.04252,-0.03241,0.09166,73.63,73.00,0.1404,13,92.50,1
510.1109,8018,0.04295,-0.03727,0.09527,73.57,73.00,0.1400,13,92.50,1
510.1721,8019,0.04371,-0.04102,0.09938,73.51,73.00,0.1396,13,92.65,1
510.2343,8020,0.04396,-0.04356,0.10096,73.49,73.00,0.1394,13,92.79,1
510.2941,8021,0.04517,-0.03502,0.10575,73.41,73.00,0.1389,13,92.91,1
510.3513,8022,0.04301,-0.03224,0.09799,73.53,73.00,0.1397,13,92.91,1
510.4091,8023,0.04473,-0.03007,0.10572,73.41,73.00,0.1389,13,92.91,1
510.4679,8024,0.04906,-0.02201,0.12121,73.18,73.00,0.1373,12,92.91,1
510.5315,8025,0.04881,-0.01108,0.11736,73.24,73.00,0.1377,13,92.72,1
510.5978,8026,0.04671,-0.01062,0.10853,73.37,73.00,0.1386,13,92.75,1
510.6609,8027,0.04674,-0.02261,0.10955,73.36,73.00,0.1385,13,92.77,1
510.7238,8028,0.04643,-0.02791,0.10942,73.36,73.00,0.1385,13,92.69,1
510.7880,8029,0.03578,-0.11346,0.07372,73.89,73.00,0.1423,13,89.12,1
510.8514,8030,0.03983,-0.14483,0.09699,73.55,73.00,0.1398,13,89.51,1
510.9117,8031,0.04336,-0.14870,0.11269,73.31,73.00,0.1382,13,89.86,1
510.9703,8032,0.05669,-0.21789,0.15945,72.61,72.00,0.1333,12,89.62,1
511.0331,8033,0.04783,-0.17011,0.11867,73.22,73.00,0.1375,13,91.46,1
511.0957,8034,0.05263,-0.14100,0.13576,72.96,72.00,0.1357,13,92.22,1
511.1570,8035,0.05295,-0.15435,0.13382,72.99,72.00,0.1359,12,91.69,1
511.2215,8036,0.04533,-0.07709,0.10517,73.42,73.00,0.1390,13,91.52,1
511.2889,8037,0.04139,-0.05859,0.09649,73.55,73.00,0.1399,12,92.72,1
511.3558,8038,0.00000,0.15032,-0.05271,76.84,76.00,0.1445,15,91.90,1
511.4220,8039,0.00000,0.29104,0.05056,74.24,74.00,0.1447,11,93.06,1
511.4900,8040,0.00000,0.01790,0.03790,74.43,74.00,0.1460,14,91.70,1
511.5562,8041,-0.06965,0.17150,-0.21524,82.53,82.00,0.1274,18,89.12,1
511.6173,8042,-0.07936,0.17944,-0.18369,81.43,81.00,0.1307,20,90.25,1
511.6801,8043,0.00000,-0.24014,0.11406,73.29,73.00,0.1380,17,92.12,1
511.7443,8044,0.07416,-0.40289,0.39320,69.10,69.00,0.1087,22,95.01,1
511.8094,8045,0.16639,-0.48680,0.63708,65.44,65.00,0.0831,21,92.11,1
511.8753,8046,0.24968,-0.61701,0.80194,62.97,62.00,0.0658,21,85.50,1
511.9380,8047,0.25993,-0.77200,0.69604,64.56,64.00,0.0769,20,79.60,1
512.0002,8048,0.26054,-0.60995,0.59255,66.11,66.00,0.0878,17,73.84,1
512.0616,8049,0.18754,-0.54751,0.26568,71.01,71.00,0.1221,12,68.95,1
512.1259,8050,0.14177,0.15078,0.11022,73.35,73.00,0.1384,10,68.95,1
512.1966,8051,0.09226,0.31706,-0.01849,75.65,75.00,0.1481,13,68.95,1
512.2625,8052,0.00000,0.66056,-0.25369,83.88,83.00,0.1234,16,69.10,1
512.3312,8053,0.00000,0.56844,-0.14206,79.97,79.00,0.1351,19,70.95,1
512.3943,8054,0.02243,0.36867,-0.00342,75.12,75.00,0.1496,19,72.48,1
512.4622,8055,0.00000,0.23383,-0.04013,76.40,76.00,0.1458,16,72.66,1
512.5310,8056,0.00000,0.01990,0.01533,74.77,74.00,0.1484,16,73.72,1
512.6065,8057,-0.04702,0.18492,-0.11754,79.11,79.00,0.1377,22,75.72,1
512.6714,8058,-0.09428,0.32951,-0.22448,82.86,82.00,0.1264,25,77.55,1
512.7411,8059,-0.12882,0.40026,-0.26441,84.25,84.00,0.1222,24,78.07,1
512.8128,8060,-0.13255,0.51218,-0.19495,81.82,81.00,0.1295,25,78.40,1
512.8770,8061,-0.12669,0.56542,-0.12476,79.37,79.00,0.1369,24,78.75,1
512.9385,8062,-0.12660,0.59672,-0.09501,78.33,78.00,0.1400,23,79.22,1
513.0006,8063,-0.12693,0.63453,-0.07516,77.63,77.00,0.1421,23,79.32,1
513.0644,8064,-0.12852,0.62881,-0.06623,77.32,77.00,0.1430,24,80.04,1
513.1334,8065,-0.13095,0.60468,-0.06353,77.22,77.00,0.1433,23,79.95,1
513.1956,8066,-0.11294,0.52234,0.00630,74.91,74.00,0.1493,22,79.63,1
513.2605,8067,-0.04249,0.36233,0.24115,71.38,71.00,0.1247,17,80.55,1
513.3234,8068,0.00000,0.17898,0.37132,69.43,69.00,0.1110,11,79.93,1
513.3881,8069,0.06691,0.15900,0.47288,67.91,67.00,0.1003,7,77.24,1
513.4473,8070,0.11682,-0.11862,0.55464,66.68,66.00,0.0918,6,77.24,1
513.5072,8071,0.14369,-0.02581,0.54574,66.81,66.00,0.0927,5,77.24,1
513.5653,8072,0.10814,0.12319,0.33035,70.04,70.00,0.1153,4,77.24,1
513.6246,8073,0.08372,0.39170,0.20473,71.93,71.00,0.1285,3,77.24,1
513.6863,8074,0.15586,0.14856,0.44818,68.28,68.00,0.1029,3,77.24,1
513.7481,8075,0.18807,0.51684,0.50145,67.48,67.00,0.0973,4,73.31,1
513.8106,8076,0.17545,0.78851,0.38916,69.16,69.00,0.1091,5,73.31,1
513.8742,8077,0.08290,0.96782,0.03002,74.55,74.00,0.1468,5,70.73,1
513.9350,8078,0.06705,0.82968,0.01877,74.72,74.00,0.1480,14,70.54,1
513.9984,8079,0.00000,0.57006,-0.12130,79.25,79.00,0.1373,15,72.41,1
514.0623,8080,0.00000,0.44438,-0.13335,79.67,79.00,0.1360,18,74.21,1
514.1253,8081,-0.05372,0.04342,-0.21488,82.52,82.00,0.1274,16,75.58,1
514.1861,8082,-0.04732,-0.18424,-0.11469,79.01,79.00,0.1380,14,75.20,1
514.2467,8083,0.00000,-0.09305,0.12289,73.16,73.00,0.1371,14,75.87,1
514.3070,8084,0.04015,0.01271,0.23626,71.46,71.00,0.1252,15,77.14,1
514.3699,8085,0.03333,0.02716,0.18445,72.23,72.00,0.1306,14,78.14,1
514.4303,8086,0.06938,0.17561,0.29711,70.54,70.00,0.1188,16,79.00,1
514.4900,8087,0.06960,0.12724,0.26235,71.06,71.00,0.1225,16,79.80,1
514.5519,8088,0.06465,0.26378,0.21921,71.71,71.00,0.1270,18,81.12,1
514.6121,8089,0.02099,0.41480,0.05260,74.21,74.00,0.1445,15,81.91,1
514.6724,8090,0.00000,0.45941,-0.00504,75.18,75.00,0.1495,15,82.98,1
514.7305,8091,0.00000,0.39349,0.01472,74.78,74.00,0.1485,14,83.96,1
514.7884,8092,0.00000,0.40064,0.08661,73.70,73.00,0.1409,14,84.08,1
514.8500,8093,0.03522,-0.01088,0.19268,72.11,72.00,0.1298,12,83.47,1
514.9105,8094,0.07738,0.03251,0.32709,70.09,70.00,0.1157,14,82.48,1
514.9702,8095,0.11420,0.05289,0.41595,68.76,68.00,0.1063,12,82.22,1
515.0301,8096,0.09980,-0.41846,0.31004,70.35,70.00,0.1174,12,82.08,1
515.0924,8097,0.09456,-0.44596,0.26247,71.06,71.00,0.1224,12,81.62,1
515.1506,8098,0.09357,-0.26482,0.24404,71.34,71.00,0.1244,15,81.04,1
515.2115,8099,0.05044,-0.34351,0.08286,73.76,73.00,0.1413,18,79.83,1
515.2712,8100,0.00000,-0.47884,-0.04045,76.42,76.00,0.1458,19,78.93,1
515.3321,8101,-0.03672,-0.18235,-0.15018,80.26,80.00,0.1342,20,78.54,1
515.3990,8102,-0.06323,-0.06850,-0.16742,80.86,80.00,0.1324,19,77.91,1
515.4685,8103,-0.06724,-0.00959,-0.10613,78.71,78.00,0.1389,20,77.89,1
515.5338,8104,-0.07716,-0.01706,-0.09021,78.16,78.00,0.1405,20,77.70,1
515.6041,8105,-0.06361,0.04708,-0.00006,75.00,75.00,0.1500,18,77.15,1
515.6684,8106,-0.05070,0.01430,0.06142,74.08,74.00,0.1436,18,76.51,1
515.7336,8107,-0.04365,-0.07309,0.08767,73.68,73.00,0.1408,19,76.10,1
515.8030,8108,-0.03504,-0.11932,0.11269,73.31,73.00,0.1382,18,75.62,1
515.8793,8109,-0.03005,-0.14989,0.11849,73.22,73.00,0.1376,18,75.19,1
515.9428,8110,-0.03895,-0.21232,0.07830,73.83,73.00,0.1418,19,74.80,1
516.0050,8111,-0.05275,-0.28928,0.03003,74.55,74.00,0.1468,20,74.42,1
516.0679,8112,-0.04789,-0.25673,0.05605,74.16,74.00,0.1441,20,74.09,1
516.1298,8113,-0.04159,-0.30846,0.08055,73.79,73.00,0.1415,19,74.28,1
516.1944,8114,-0.04740,-0.36632,0.05700,74.14,74.00,0.1440,20,74.47,1
516.2577,8115,-0.04113,-0.37183,0.08066,73.79,73.00,0.1415,19,74.65,1
516.3192,8116,-0.03227,-0.32398,0.10784,73.38,73.00,0.1387,20,74.83,1
516.3853,8117,-0.04325,-0.40750,0.05971,74.10,74.00,0.1437,21,74.91,1
516.4543,8118,-0.03714,-0.39137,0.08230,73.77,73.00,0.1414,19,75.02,1
516.5253,8119,-0.05211,-0.37653,0.02674,74.60,74.00,0.1472,20,74.63,1
516.5890,8120,-0.04564,-0.35709,0.05688,74.15,74.00,0.1440,19,74.75,1
516.6494,8121,-0.04024,-0.33878,0.07607,73.86,73.00,0.1420,20,75.50,1
516.7099,8122,-0.03497,-0.33515,0.09066,73.64,73.00,0.1405,19,75.52,1
516.7734,8123,-0.03877,-0.36835,0.07037,73.94,73.00,0.1426,20,75.53,1
516.8344,8124,-0.03217,-0.30943,0.09121,73.63,73.00,0.1404,20,75.57,1
516.8976,8125,-0.02933,-0.30389,0.09422,73.59,73.00,0.1401,20,76.23,1
516.9662,8126,-0.02693,-0.30815,0.09479,73.58,73.00,0.1400,19,76.21,1
517.0327,8127,-0.02628,-0.30916,0.08988,73.65,73.00,0.1406,20,76.82,1
517.0953,8128,-0.03138,-0.30239,0.06697,74.00,73.00,0.1430,21,76.73,1
517.1560,8129,-0.03121,-0.30100,0.06737,73.99,73.00,0.1429,20,77.29,1
517.2187,8130,-0.03795,-0.34807,0.04342,74.35,74.00,0.1454,20,77.10,1
517.2856,8131,-0.04316,-0.37814,0.03015,74.55,74.00,0.1468,20,76.98,1
517.3478,8132,-0.04546,-0.39720,0.02872,74.57,74.00,0.1470,20,76.89,1
517.4095,8133,-0.04124,-0.32092,0.04948,74.26,74.00,0.1448,19,77.00,1
517.4766,8134,0.00000,-0.21399,0.16949,72.46,72.00,0.1322,20,78.72,1
517.5505,8135,0.04042,-0.30339,0.30494,70.43,70.00,0.1180,13,77.86,1
517.6141,8136,0.09865,0.01158,0.45276,68.21,68.00,0.1025,13,76.94,1
517.6822,8137,0.14854,0.40796,0.53972,66.90,66.00,0.0933,12,74.97,1
517.7484,8138,0.16360,0.45669,0.49829,67.53,67.00,0.0977,9,72.01,1
517.8247,8139,0.10120,0.14753,0.20036,71.99,71.00,0.1290,4,67.26,1
517.8926,8140,0.10232,0.14759,0.17597,72.36,72.00,0.0000,2,67.26,0
517.9634,8141,0.10338,0.14765,0.15047,72.74,72.00,0.0000,1,67.26,0
518.0323,8142,0.27367,0.12274,0.63378,65.49,65.00,0.0835,3,67.26,1
518.0972,8143,0.31399,0.11697,0.61087,65.84,65.00,0.0000,2,67.26,0
518.1665,8144,0.33281,0.14119,0.59711,66.04,66.00,0.0873,3,67.26,1
518.2284,8145,0.36297,0.14290,0.57387,66.39,66.00,0.0000,0,67.26,0
518.3001,8146,0.39335,0.14463,0.55234,66.71,66.00,0.0000,1,67.26,0
518.3640,8147,0.41915,0.14609,0.55286,66.71,66.00,0.0000,2,67.26,0
518.4313,8148,0.44284,0.14744,0.55373,66.69,66.00,0.0000,2,67.26,0
518.5042,8149,0.34959,0.52769,0.31063,70.34,70.00,0.1174,4,67.26,1
518.5831,8150,0.35705,0.50310,0.34058,69.89,69.00,0.1142,3,67.26,1
518.6507,8151,0.35898,0.54893,0.32138,70.18,70.00,0.0000,1,67.26,0
518.7147,8152,0.36063,0.58790,0.32138,70.18,70.00,0.0000,2,67.26,0
518.7776,8153,0.36208,0.62229,0.32135,70.18,70.00,0.0000,1,67.26,0
518.8426,8154,0.35631,-0.18796,0.31217,70.32,70.00,0.1172,4,67.26,1
518.9085,8155,0.32631,-0.24366,0.23466,71.48,71.00,0.1254,4,67.26,1
518.9800,8156,0.31718,-0.07309,0.23197,71.52,71.00,0.1256,3,67.26,1
519.0449,8157,0.36409,0.06770,0.41803,68.73,68.00,0.1061,4,67.26,1
519.1110,8158,0.37304,0.08324,0.39427,69.09,69.00,0.0000,1,67.26,0
519.1825,8159,0.36576,-0.36778,0.36090,69.59,69.00,0.1121,3,67.26,1
519.2486,8160,0.36932,-0.48216,0.34294,69.86,69.00,0.0000,2,67.26,0
519.3213,8161,0.17762,-0.36878,-0.22537,82.89,77.00,0.1263,3,67.26,1
519.3886,8162,0.10928,-0.32174,-0.32983,86.54,85.00,0.1154,6,67.26,1
519.4556,8163,0.04662,0.04439,-0.40555,89.19,89.00,0.1074,3,67.26,1
519.5318,8164,0.00000,0.14932,-0.40849,89.30,89.00,0.0000,2,67.26,0
519.5997,8165,0.00000,0.21642,-0.22742,82.96,82.00,0.1261,3,67.26,1
519.6725,8166,0.00000,0.30244,-0.20468,82.16,82.00,0.0000,1,67.26,0
519.7383,8167,0.07535,0.23049,0.10237,73.46,74.00,0.1393,5,67.26,1
519.8062,8168,0.07982,0.26606,0.10080,73.49,73.00,0.0000,2,67.26,0
519.8778,8169,0.19186,0.60124,0.42235,68.66,68.00,0.1057,4,67.26,1
519.9425,8170,0.26421,0.47260,0.58443,66.23,66.00,0.0886,3,67.26,1
520.0043,8171,0.30350,0.51396,0.57226,66.42,66.00,0.0000,2,67.26,0
520.0697,8172,0.28720,0.31647,0.44502,68.32,68.00,0.1033,5,67.26,1
520.1337,8173,0.29114,0.19301,0.41188,68.82,68.00,0.1068,4,67.26,1
520.1986,8174,0.26256,0.11140,0.28047,70.79,70.00,0.1206,3,67.26,1
520.2651,8175,0.26689,0.05018,0.26108,71.08,71.00,0.0000,1,67.26,0
520.3307,8176,0.23356,-0.23624,0.15243,72.71,72.00,0.1340,3,67.26,1
520.3936,8177,0.22744,-0.35021,0.14683,72.80,72.00,0.0000,2,67.26,0
520.4553,8178,0.22216,-0.44121,0.14709,72.79,72.00,0.0000,2,67.26,0
520.5183,8179,0.07423,0.59448,-0.25416,83.90,80.00,0.1233,3,67.26,1
520.5791,8180,0.00000,0.39855,-0.38312,88.41,88.00,0.1098,5,67.26,1
520.6436,8181,-0.08238,0.26016,-0.56091,94.63,94.00,0.0911,4,67.26,1
520.7076,8182,-0.08028,0.61213,-0.41017,89.36,89.00,0.1069,3,67.26,1
520.7713,8183,-0.07372,0.47366,-0.28650,85.03,85.00,0.1199,7,67.26,1
520.8320,8184,-0.09807,0.51172,-0.28162,84.86,84.00,0.0000,1,67.26,0
520.8933,8185,0.08223,0.43348,0.35522,69.67,76.00,0.1127,7,75.34,1
520.9554,8186,0.11409,0.43816,0.35238,69.71,69.00,0.0000,2,81.80,0
521.0248,8187,0.14644,0.44291,0.35460,69.68,69.00,0.0000,1,81.80,0
521.0883,8188,0.17294,0.44680,0.35436,69.68,69.00,0.0000,1,81.80,0
521.1590,8189,0.19919,0.45066,0.35620,69.66,69.00,0.0000,2,81.80,0
521.2215,8190,0.22050,0.45378,0.35587,69.66,69.00,0.0000,2,81.80,0
521.2884,8191,0.00000,-0.85914,-0.13700,79.80,77.00,0.1356,3,81.80,1
521.3613,8192,0.04980,-0.40753,-0.00106,75.04,75.00,0.1499,3,81.80,1
521.4266,8193,0.15777,-0.16660,0.35486,69.68,69.00,0.1127,5,81.80,1
521.4920,8194,0.17078,0.10379,0.33772,69.93,69.00,0.1145,6,81.80,1
521.5555,8195,0.10825,0.52062,0.06351,74.05,74.00,0.1433,5,81.80,1
521.6231,8196,0.18823,0.45141,0.36164,69.58,69.00,0.1120,3,85.72,1
521.6852,8197,0.17410,0.36102,0.26183,71.07,71.00,0.1225,8,88.15,1
521.7451,8198,0.14733,0.25724,0.14574,72.81,72.00,0.1347,6,84.28,1
521.8104,8199,0.08282,0.27533,-0.07414,77.59,77.00,0.1422,9,81.12,1
521.8736,8200,0.03408,0.61156,-0.19057,81.67,81.00,0.1300,8,79.41,1
521.9374,8201,0.02487,0.49075,-0.14795,80.18,80.00,0.1345,6,73.37,1
521.9997,8202,-0.05337,0.64361,-0.36165,87.66,87.00,0.1120,9,73.23,1
522.0612,8203,-0.08796,0.72627,-0.38408,88.44,88.00,0.1097,10,72.75,1
522.1242,8204,-0.09984,0.89106,-0.32895,86.51,86.00,0.1155,9,72.92,1
522.1844,8205,-0.14199,0.99444,-0.40197,89.07,89.00,0.1078,8,71.74,1
522.2442,8206,-0.13187,1.04130,-0.28456,84.96,84.00,0.1201,13,71.05,1
522.3087,8207,-0.14963,0.79775,-0.29231,85.23,85.00,0.1193,8,69.48,1
522.3787,8208,-0.13644,0.40542,-0.19298,81.75,81.00,0.1297,9,68.59,1
522.4413,8209,-0.04641,0.61239,0.13940,72.91,73.00,0.1354,11,67.30,1
522.5009,8210,0.00000,-0.12222,0.22034,71.69,71.00,0.1269,9,65.55,1
522.5597,8211,0.06034,-0.41246,0.40234,68.96,68.00,0.1078,9,64.76,1
522.6257,8212,0.11373,-0.67449,0.48297,67.76,67.00,0.0993,10,64.60,1
522.6892,8213,0.14227,-0.59305,0.47277,67.91,67.00,0.1004,9,64.28,1
522.7505,8214,0.11172,-0.68841,0.27275,70.91,70.00,0.1214,6,61.47,1
522.8088,8215,0.06377,-0.20698,0.06256,74.06,74.00,0.1434,8,59.03,1
522.8693,8216,0.00000,-0.12140,-0.12588,79.41,79.00,0.1368,8,58.61,1
522.9294,8217,-0.04989,0.28250,-0.28935,85.13,85.00,0.1196,9,58.76,1
522.9889,8218,-0.11401,0.68491,-0.44057,90.42,90.00,0.1037,9,60.80,1
523.0502,8219,-0.13643,0.95298,-0.41732,89.61,89.00,0.1062,9,60.64,1
523.1092,8220,-0.14442,1.10498,-0.35951,87.58,87.00,0.1123,9,60.82,1
523.1671,8221,-0.18924,0.87916,-0.45229,90.83,90.00,0.1025,9,61.23,1
523.2250,8222,-0.14134,0.80678,-0.20555,82.19,82.00,0.1284,12,61.63,1
523.2882,8223,-0.08810,0.03952,0.00488,74.93,74.00,0.1495,9,60.81,1
523.3524,8224,0.03109,-0.42802,0.39462,69.08,69.00,0.1086,8,59.88,1
523.4128,8225,0.07970,-0.83164,0.45967,68.10,68.00,0.1017,8,59.77,1
523.4721,8226,0.06548,-0.92457,0.30175,70.47,70.00,0.1183,8,59.37,1
523.5311,8227,0.11540,-1.09276,0.40999,68.85,68.00,0.1070,9,60.23,1
523.5926,8228,0.17964,-0.94579,0.54911,66.76,66.00,0.0923,9,61.49,1
523.6559,8229,0.18727,-0.86236,0.46278,68.06,68.00,0.1014,10,61.07,1
523.7151,8230,0.12587,-0.68050,0.17083,72.44,72.00,0.1321,9,59.48,1
523.7757,8231,0.05793,-0.59540,-0.07762,77.72,77.00,0.1419,11,59.81,1
523.8340,8232,0.00000,-0.63269,-0.24309,83.51,83.00,0.1245,10,59.23,1
523.8950,8233,-0.06114,-0.36379,-0.37750,88.21,88.00,0.1104,10,59.73,1
523.9560,8234,-0.06092,0.28879,-0.27910,84.77,84.00,0.1207,10,59.32,1
524.0165,8235,-0.09491,0.26465,-0.32927,86.52,86.00,0.1154,15,60.24,1
524.0779,8236,-0.10056,0.44714,-0.27426,84.60,84.00,0.1212,10,60.98,1
524.1417,8237,-0.12324,0.07498,-0.29593,85.36,85.00,0.1189,9,60.70,1
524.2009,8238,-0.08317,0.28188,-0.10227,78.58,78.00,0.1393,14,62.85,1
524.2642,8239,-0.05527,0.12420,0.00457,74.93,74.00,0.1495,10,63.08,1
524.3285,8240,-0.02340,0.02330,0.10019,73.50,73.00,0.1395,12,63.13,1
524.3911,8241,0.00000,-0.01125,0.18778,72.18,72.00,0.1303,13,64.69,1
524.4504,8242,0.03526,-0.23380,0.21775,71.73,71.00,0.1271,13,65.69,1
524.5115,8243,0.05995,-0.12041,0.25218,71.22,71.00,0.1235,13,67.17,1
524.5718,8244,0.07331,-0.00335,0.24423,71.34,71.00,0.1244,14,68.67,1
524.6313,8245,0.05823,-0.11577,0.14379,72.84,72.00,0.1349,14,69.78,1
524.6900,8246,0.05176,-0.00642,0.09868,73.52,73.00,0.1396,13,70.38,1
524.7479,8247,0.04110,0.04415,0.04997,74.25,74.00,0.1448,13,71.15,1
524.8055,8248,0.03692,0.13935,0.03521,74.47,74.00,0.1463,13,71.82,1
524.8620,8249,0.04190,0.11805,0.05597,74.16,74.00,0.1441,13,72.74,1
524.9178,8250,0.05490,0.24318,0.10112,73.48,73.00,0.1394,14,73.44,1
524.9748,8251,0.05593,0.20500,0.09493,73.58,73.00,0.1400,13,74.04,1
525.0303,8252,0.05984,0.20508,0.10141,73.48,73.00,0.1394,14,74.55,1
525.0886,8253,0.05711,0.12353,0.08345,73.75,73.00,0.1412,13,75.04,1
525.1455,8254,0.06136,0.12793,0.09511,73.57,73.00,0.1400,13,75.41,1
525.2008,8255,0.05992,0.09143,0.08494,73.73,73.00,0.1411,13,75.80,1
525.2579,8256,0.06078,0.07439,0.08553,73.72,73.00,0.1410,13,76.19,1
525.3162,8257,0.06278,0.11302,0.09054,73.64,73.00,0.1405,14,76.57,1
525.3766,8258,0.05999,0.08462,0.07802,73.83,73.00,0.1418,13,76.91,1
525.4364,8259,0.05730,0.07117,0.06917,73.96,73.00,0.1427,13,77.15,1
525.4997,8260,0.05477,0.04917,0.06319,74.05,74.00,0.1434,13,77.38,1
525.5590,8261,0.05518,0.04304,0.06876,73.97,73.00,0.1428,13,77.57,1
525.6161,8262,0.05503,0.04474,0.07111,73.93,73.00,0.1425,13,77.71,1
525.6735,8263,0.05694,0.03665,0.08038,73.79,73.00,0.1416,13,77.86,1
525.7315,8264,0.04994,-0.03675,0.05645,74.15,74.00,0.1441,13,78.00,1
525.7896,8265,0.05245,-0.01259,0.07129,73.93,73.00,0.1425,13,78.10,1
525.8469,8266,0.05266,0.01342,0.07476,73.88,73.00,0.1422,13,78.23,1
525.9049,8267,0.05281,0.03129,0.07746,73.84,73.00,0.1419,13,78.35,1
525.9588,8268,0.05463,0.04572,0.08553,73.72,73.00,0.1410,13,78.45,1
526.0149,8269,0.05655,0.04967,0.09263,73.61,73.00,0.1403,13,78.49,1
526.0762,8270,0.05458,0.05424,0.08466,73.73,73.00,0.1411,13,78.57,1
526.1342,8271,0.05425,0.04749,0.08465,73.73,73.00,0.1411,13,78.59,1
526.1919,8272,0.04923,-0.02720,0.06831,73.98,73.00,0.1428,13,78.68,1
526.2496,8273,0.05063,-0.01188,0.07817,73.83,73.00,0.1418,13,78.75,1
526.3055,8274,0.05793,0.08828,0.10675,73.40,73.00,0.1388,13,78.84,1
526.3619,8275,0.06326,0.15876,0.12274,73.16,73.00,0.1371,13,78.88,1
526.4195,8276,0.06254,0.10873,0.11454,73.28,73.00,0.1380,13,78.85,1
526.4774,8277,0.06480,0.16355,0.11934,73.21,73.00,0.1375,13,78.88,1
526.5363,8278,0.06704,0.20169,0.12365,73.15,73.00,0.1370,13,78.91,1
526.5951,8279,0.06466,0.13070,0.11136,73.33,73.00,0.1383,13,78.87,1
526.6521,8280,0.06177,0.08653,0.10058,73.49,73.00,0.1394,13,78.84,1
526.7127,8281,0.06425,0.13014,0.11144,73.33,73.00,0.1383,13,78.80,1
526.7804,8282,0.06108,0.08174,0.10042,73.49,73.00,0.1395,13,78.76,1
526.8398,8283,0.05657,0.06238,0.08746,73.69,73.00,0.1408,13,78.83,1
526.9009,8284,0.05617,0.05590,0.09175,73.62,73.00,0.1404,13,78.79,1
526.9602,8285,0.05039,-0.03842,0.07611,73.86,73.00,0.1420,13,78.75,1
527.0191,8286,0.04313,-0.08304,0.05839,74.12,74.00,0.1439,13,78.77,1
527.0813,8287,0.04518,-0.04909,0.07736,73.84,73.00,0.1419,13,78.78,1
527.1412,8288,0.04299,-0.09295,0.07634,73.85,73.00,0.1420,13,78.73,1
527.1999,8289,0.04237,-0.12031,0.08069,73.79,73.00,0.1415,13,78.68,1
527.2595,8290,0.03971,-0.12589,0.07683,73.85,73.00,0.1419,13,78.69,1
527.3188,8291,0.04413,-0.06323,0.09853,73.52,73.00,0.1397,13,78.76,1
527.3806,8292,0.05316,0.06223,0.13168,73.02,73.00,0.1362,13,78.78,1
527.4394,8293,0.05467,0.07032,0.13175,73.02,73.00,0.1362,13,78.77,1
527.5030,8294,0.05406,0.07633,0.12466,73.13,73.00,0.1369,13,78.81,1
527.5680,8295,0.04903,0.00334,0.10457,73.43,73.00,0.1390,13,78.87,1
527.6276,8296,0.05755,0.07941,0.13650,72.95,72.00,0.1357,13,78.88,1
527.6867,8297,0.06309,0.16484,0.15170,72.72,72.00,0.1341,13,78.90,1
527.7431,8298,0.06085,0.12674,0.13751,72.94,72.00,0.1356,13,78.90,1
527.8021,8299,0.04851,-0.01159,0.09113,73.63,73.00,0.1404,13,78.43,1
527.8575,8300,0.05001,-0.00668,0.10358,73.45,73.00,0.1391,13,78.50,1
527.9181,8301,0.03570,-0.24004,0.05757,74.14,74.00,0.1440,12,77.55,1
527.9847,8302,0.02662,-0.26036,0.04145,74.38,74.00,0.1456,12,76.75,1
528.0473,8303,0.02158,-0.23426,0.04090,74.39,74.00,0.1457,10,74.45,1
528.1089,8304,0.03598,0.02115,0.10673,73.40,73.00,0.1388,7,71.74,1
528.1680,8305,0.04429,0.14238,0.13637,72.95,72.00,0.1357,7,69.35,1
528.2287,8306,0.04672,0.21180,0.11433,73.29,73.00,0.0000,1,69.35,0
528.2876,8307,0.04881,0.27140,0.09322,73.60,73.00,0.0000,0,69.35,0
528.3471,8308,0.05075,0.32684,0.07149,73.93,73.00,0.0000,0,69.35,0
528.4030,8309,0.05238,0.37328,0.05924,74.11,74.00,0.0000,0,69.35,0
528.4594,8310,0.05385,0.41536,0.05906,74.11,74.00,0.0000,0,69.35,0
528.5182,8311,0.05525,0.45516,0.05896,74.12,74.00,0.0000,0,69.35,0
528.5756,8312,0.05646,0.48990,0.05883,74.12,74.00,0.0000,0,69.35,0
528.6327,8313,0.05755,0.52102,0.05872,74.12,74.00,0.0000,0,69.35,0
528.6893,8314,0.05853,0.54879,0.05861,74.12,74.00,0.0000,0,69.35,0
528.7450,8315,0.05938,0.57331,0.05849,74.12,74.00,0.0000,0,69.35,0
528.8011,8316,0.06017,0.59569,0.05839,74.12,74.00,0.0000,0,69.35,0
528.8577,8317,0.06087,0.61585,0.05831,74.13,74.00,0.0000,0,69.35,0
528.9159,8318,0.06153,0.63468,0.05826,74.13,74.00,0.0000,0,69.35,0
528.9726,8319,0.06211,0.65103,0.05819,74.13,74.00,0.0000,0,69.35,0
529.0294,8320,0.06263,0.66587,0.05813,74.13,74.00,0.0000,0,69.35,0
529.0887,8321,0.06311,0.67972,0.05809,74.13,74.00,0.0000,0,69.35,0
529.1461,8322,0.06354,0.69187,0.05805,74.13,74.00,0.0000,0,69.35,0
529.2044,8323,0.06392,0.70287,0.05801,74.13,74.00,0.0000,0,69.35,0
529.2635,8324,0.06428,0.71307,0.05799,74.13,74.00,0.0000,0,69.35,0
529.3240,8325,0.06460,0.72227,0.05797,74.13,74.00,0.0000,2,69.35,0
529.3910,8326,0.06493,0.73165,0.05798,74.13,74.00,0.0000,1,69.35,0
529.4510,8327,0.06519,0.73912,0.05797,74.13,74.00,0.0000,0,69.35,0
529.5096,8328,0.06542,0.74571,0.05795,74.13,74.00,0.0000,1,69.35,0
529.5693,8329,0.06563,0.75170,0.05793,74.13,74.00,0.0000,1,69.35,0
529.6282,8330,0.06582,0.75709,0.05792,74.13,74.00,0.0000,1,69.35,0
529.6878,8331,0.00000,0.00000,0.00000,75.00,75.00,0.0000,0,69.35,0
529.7459,8332,0.00000,0.00000,0.00000,75.00,75.00,0.0000,0,69.35,0
529.8012,8333,0.00000,0.00000,0.00000,75.00,75.00,0.0000,0,69.35,0
529.8588,8334,0.00000,0.00000,0.00000,75.00,75.00,0.0000,0,69.35,0
529.9175,8335,0.00000,0.00000,0.00000,75.00,75.00,0.0000,0,69.35,0
529.9742,8336,0.00000,0.00000,0.00000,75.00,75.00,0.0000,0,69.35,0
530.0325,8337,0.00000,0.00000,0.00000,75.00,75.00,0.0000,0,69.35,0
530.0913,8338,0.00000,0.00000,0.00000,75.00,75.00,0.0000,0,69.35,0
530.1497,8339,0.00000,0.00000,0.00000,75.00,75.00,0.0000,0,69.35,0
530.2085,8340,0.00000,0.00000,0.00000,75.00,75.00,0.0000,1,69.35,0
530.2662,8341,0.00000,0.00000,0.00000,75.00,75.00,0.0000,1,69.35,0
530.3265,8342,0.00000,0.00000,0.00000,75.00,75.00,0.0000,1,69.35,0
530.3893,8343,0.00000,0.00000,0.00000,75.00,75.00,0.0000,0,69.35,0
530.4600,8344,0.00000,0.00000,0.00000,75.00,75.00,0.0000,0,69.35,0
530.5225,8345,0.00000,0.00000,0.00000,75.00,75.00,0.0000,0,69.35,0
530.5841,8346,0.00000,0.00000,0.00000,75.00,75.00,0.0000,0,69.35,0
530.6462,8347,0.00000,0.00000,0.00000,75.00,75.00,0.0000,0,69.35,0
530.7069,8348,0.00000,0.00000,0.00000,75.00,75.00,0.0000,0,69.35,0
530.7708,8349,0.00000,0.00000,0.00000,75.00,75.00,0.0000,1,69.35,0
530.8410,8350,0.00000,0.00000,0.00000,75.00,75.00,0.0000,0,69.35,0
530.9035,8351,0.00000,0.00000,0.00000,75.00,75.00,0.0000,1,69.35,0
530.9677,8352,0.00000,0.00000,0.00000,75.00,75.00,0.0000,0,69.35,0
531.0302,8353,0.00000,0.00000,0.00000,75.00,75.00,0.0000,1,69.35,0
531.0971,8354,0.00000,0.00000,0.00000,75.00,75.00,0.0000,0,69.35,0
531.1640,8355,0.00000,0.00000,0.00000,75.00,75.00,0.0000,0,69.35,0
531.2254,8356,0.00000,0.00000,0.00000,75.00,75.00,0.0000,0,69.35,0
531.2896,8357,0.00000,0.00000,0.00000,75.00,75.00,0.0000,1,69.35,0
531.3530,8358,0.00000,0.00000,0.00000,75.00,75.00,0.0000,0,69.35,0
531.4174,8359,0.00000,0.00000,0.00000,75.00,75.00,0.0000,1,69.35,0
531.4799,8360,0.00000,0.00000,0.00000,75.00,75.00,0.0000,1,69.35,0
531.5475,8361,0.00000,0.00000,0.00000,75.00,75.00,0.0000,1,69.35,0
531.6089,8362,0.00000,0.00000,0.00000,75.00,75.00,0.0000,0,69.35,0
531.6724,8363,0.00000,0.00000,0.00000,75.00,75.00,0.0000,0,69.35,0
531.7420,8364,0.00000,0.00000,0.00000,75.00,75.00,0.0000,0,69.35,0
531.8027,8365,0.00000,0.00000,0.00000,75.00,75.00,0.0000,0,69.35,0
531.8658,8366,0.00000,0.00000,0.00000,75.00,75.00,0.0000,0,69.35,0
531.9291,8367,0.00000,0.00000,0.00000,75.00,75.00,0.0000,1,69.35,0
531.9905,8368,0.00000,0.00000,0.00000,75.00,75.00,0.0000,0,69.35,0
532.0528,8369,0.00000,0.00000,0.00000,75.00,75.00,0.0000,1,69.35,0
532.1148,8370,0.00000,0.00000,0.00000,75.00,75.00,0.0000,1,69.35,0
532.1793,8371,0.00000,0.00000,0.00000,75.00,75.00,0.0000,2,69.35,0
532.2401,8372,0.00000,0.00000,0.00000,75.00,75.00,0.0000,1,69.35,0
532.3009,8373,0.00000,0.00000,0.00000,75.00,75.00,0.0000,1,69.35,0
532.3635,8374,0.00000,0.00000,0.00000,75.00,75.00,0.0000,0,69.35,0
532.4247,8375,0.00000,0.00000,0.00000,75.00,75.00,0.0000,1,69.35,0
532.4912,8376,0.00000,0.00000,0.00000,75.00,75.00,0.0000,1,69.35,0
532.5619,8377,0.00000,0.00000,0.00000,75.00,75.00,0.0000,2,69.35,0
532.6345,8378,0.00000,0.00000,0.00000,75.00,75.00,0.0000,2,69.35,0
532.6967,8379,0.00000,0.00000,0.00000,75.00,75.00,0.0000,1,69.35,0
532.7600,8380,0.00000,0.00000,0.00000,75.00,75.00,0.0000,1,69.35,0
532.8219,8381,0.00000,0.00000,0.00000,75.00,75.00,0.0000,1,69.35,0
532.8850,8382,0.24426,0.97099,0.22409,71.64,71.00,0.1265,3,69.35,1
532.9476,8383,0.28413,0.98853,0.31894,70.22,70.00,0.1165,3,69.35,1
533.0061,8384,0.29093,0.99452,0.30644,70.40,70.00,0.0000,2,69.35,0
533.0655,8385,0.29714,0.99999,0.30601,70.41,70.00,0.0000,1,69.35,0
533.1280,8386,0.30302,1.00517,0.30587,70.41,70.00,0.0000,1,69.35,0
533.1887,8387,0.30817,1.00971,0.30564,70.42,70.00,0.0000,1,69.35,0
533.2468,8388,0.31257,1.01359,0.30522,70.42,70.00,0.0000,1,69.35,0
533.3050,8389,0.31657,1.01711,0.30487,70.43,70.00,0.0000,2,69.35,0
533.3625,8390,0.32011,1.02023,0.30452,70.43,70.00,0.0000,0,69.35,0
533.4181,8391,0.32319,1.02294,0.30410,70.44,70.00,0.0000,0,69.35,0
533.4754,8392,0.32602,1.02544,0.30378,70.44,70.00,0.0000,0,69.35,0
533.5324,8393,0.32861,1.02773,0.30353,70.45,70.00,0.0000,1,69.35,0
533.5902,8394,0.39170,0.31912,0.42469,68.63,68.00,0.1054,3,69.35,1
533.6483,8395,0.40030,0.24818,0.41583,68.76,68.00,0.0000,1,69.35,0
533.7108,8396,0.40848,0.18068,0.41551,68.77,68.00,0.0000,2,69.35,0
533.7791,8397,0.35853,0.70431,0.27601,70.86,70.00,0.1210,3,69.35,1
533.8394,8398,0.35415,0.76282,0.26731,70.99,70.00,0.0000,0,69.35,0
533.9000,8399,0.35020,0.81543,0.26751,70.99,70.00,0.0000,0,69.35,0
533.9611,8400,0.34663,0.86302,0.26768,70.98,70.00,0.0000,0,69.35,0
534.0245,8401,0.34327,0.90782,0.26771,70.98,70.00,0.0000,0,69.35,0
534.0860,8402,0.34036,0.94658,0.26783,70.98,70.00,0.0000,0,69.35,0
534.1457,8403,0.33779,0.98082,0.26799,70.98,70.00,0.0000,1,69.35,0
534.2029,8404,0.33559,1.01013,0.26822,70.98,70.00,0.0000,0,69.35,0
534.2636,8405,0.33350,1.03801,0.26834,70.97,70.00,0.0000,0,69.35,0
534.3244,8406,0.33162,1.06317,0.26843,70.97,70.00,0.0000,1,69.35,0
534.3846,8407,0.24494,0.04138,0.11418,73.29,73.00,0.1380,3,69.35,1
534.4450,8408,0.23380,-0.05190,0.10940,73.36,73.00,0.0000,1,69.35,0
534.5099,8409,0.22309,-0.14151,0.10930,73.36,73.00,0.0000,1,69.35,0
534.5685,8410,0.21441,-0.21414,0.11004,73.35,73.00,0.0000,0,69.35,0
534.6343,8411,0.33364,-0.51874,0.43565,68.47,68.00,0.1043,3,69.35,1
534.7048,8412,0.35191,-0.64782,0.42918,68.56,68.00,0.0000,1,69.35,0
534.7685,8413,0.31871,-0.40459,0.31261,70.31,70.00,0.1172,3,69.35,1
534.8360,8414,0.18104,0.34163,-0.11845,79.15,78.00,0.1376,4,69.35,1
534.8983,8415,0.04315,0.75114,-0.49597,92.36,86.00,0.0979,3,69.35,1
534.9584,8416,0.00000,0.99146,-0.50004,92.50,92.00,0.0975,6,69.35,1
535.0165,8417,0.02083,1.12139,-0.27133,84.50,84.00,0.1215,4,69.35,1
535.0760,8418,0.00000,1.18054,-0.20661,82.23,82.00,0.1283,4,69.35,1
535.1322,8419,0.00000,1.33550,-0.19768,81.92,81.00,0.0000,2,69.35,0
535.1943,8420,0.17427,0.64401,0.43688,68.45,73.00,0.1041,4,69.35,1
535.2532,8421,0.20474,0.52998,0.43071,68.54,68.00,0.0000,2,69.35,0
535.3133,8422,0.23264,0.43988,0.42904,68.56,68.00,0.0000,2,69.35,0
535.3719,8423,0.30148,0.32230,0.58251,66.26,66.00,0.0888,3,69.35,1
535.4295,8424,0.30629,0.63779,0.53239,67.01,67.00,0.0941,3,69.35,1
535.4884,8425,0.32609,0.80684,0.53794,66.93,66.00,0.0935,4,69.35,1
535.5452,8426,0.29765,0.13585,0.38347,69.25,69.00,0.1097,3,69.35,1
535.6075,8427,0.25311,0.00688,0.20179,71.97,71.00,0.1288,3,69.35,1
535.6685,8428,0.24794,-0.14183,0.17983,72.30,72.00,0.0000,0,69.35,0
535.7237,8429,0.24378,-0.22430,0.17124,72.43,72.00,0.0000,2,69.35,0
535.7833,8430,0.16856,0.59405,-0.04198,76.47,76.00,0.1456,3,69.35,1
535.8416,8431,0.14816,0.72094,-0.04405,76.54,76.00,0.0000,1,69.35,0
535.9001,8432,-0.06484,0.92979,-0.63376,97.18,84.00,0.0835,3,69.35,1
535.9570,8433,-0.12489,1.04208,-0.62611,96.91,92.00,0.0000,1,69.35,0
536.0156,8434,-0.17979,1.12931,-0.62119,96.74,96.00,0.0000,2,69.35,0
536.0778,8435,-0.11646,-0.37460,-0.34240,86.98,88.00,0.1140,4,69.35,1
536.1392,8436,-0.14333,-0.63829,-0.33877,86.86,86.00,0.0000,1,69.35,0
536.1984,8437,-0.16651,-0.72679,-0.33700,86.80,86.00,0.0000,1,69.35,0
536.2578,8438,-0.18750,-0.80694,-0.33553,86.74,86.00,0.0000,0,69.35,0
536.3184,8439,-0.20687,-0.88090,-0.33461,86.71,86.00,0.0000,1,69.35,0
536.3757,8440,-0.22332,-0.94372,-0.33294,86.65,86.00,0.0000,0,69.35,0
536.4368,8441,-0.23898,-1.00348,-0.33216,86.63,86.00,0.0000,1,69.35,0
536.4969,8442,-0.25296,-1.05687,-0.33137,86.60,86.00,0.0000,0,69.35,0
536.5551,8443,-0.26493,-1.10256,-0.33013,86.55,86.00,0.0000,1,69.35,0
536.6140,8444,-0.27615,-1.14540,-0.32940,86.53,86.00,0.0000,1,69.35,0
536.6730,8445,-0.28613,-1.18353,-0.32865,86.50,86.00,0.0000,2,69.35,0
536.7323,8446,-0.29514,-1.21791,-0.32798,86.48,86.00,0.0000,1,69.35,0
536.7911,8447,-0.30318,-1.24862,-0.32734,86.46,86.00,0.0000,1,69.35,0
536.8495,8448,-0.31043,-1.27630,-0.32676,86.44,86.00,0.0000,1,69.35,0
536.9051,8449,-0.31657,-1.29974,-0.32591,86.41,86.00,0.0000,2,69.35,0
536.9625,8450,-0.32231,-1.32164,-0.32533,86.39,86.00,0.0000,1,69.35,0
537.0195,8451,-0.32741,-1.34112,-0.32475,86.37,86.00,0.0000,0,69.35,0
537.0750,8452,-0.33190,-1.35825,-0.32415,86.35,86.00,0.0000,0,69.35,0
537.1304,8453,-0.33595,-1.37372,-0.32361,86.33,86.00,0.0000,0,69.35,0
537.1840,8454,-0.33948,-1.38720,-0.32303,86.31,86.00,0.0000,1,69.35,0
537.2383,8455,-0.34267,-1.39938,-0.32252,86.29,86.00,0.0000,0,69.35,0
537.2944,8456,-0.34566,-1.41078,-0.32215,86.28,86.00,0.0000,0,69.35,0
537.3510,8457,-0.34834,-1.42103,-0.32182,86.26,86.00,0.0000,0,69.35,0
537.4066,8458,-0.35074,-1.43018,-0.32151,86.25,86.00,0.0000,0,69.35,0
537.4633,8459,-0.35292,-1.43849,-0.32125,86.24,86.00,0.0000,1,69.35,0
537.5191,8460,-0.35485,-1.44589,-0.32099,86.23,86.00,0.0000,0,69.35,0
537.5731,8461,0.00000,0.00000,0.00000,75.00,78.00,0.0000,1,69.35,0
537.6292,8462,0.00000,0.00000,0.00000,75.00,75.00,0.0000,1,69.35,0
537.6843,8463,0.00000,0.00000,0.00000,75.00,75.00,0.0000,1,69.35,0
537.7412,8464,0.00000,0.00000,0.00000,75.00,75.00,0.0000,2,69.35,0
537.7986,8465,0.00000,0.00000,0.00000,75.00,75.00,0.0000,2,69.35,0
537.8603,8466,0.00000,0.00000,0.00000,75.00,75.00,0.0000,1,69.35,0
537.9289,8467,0.00000,0.00000,0.00000,75.00,75.00,0.0000,2,69.35,0
537.9916,8468,0.00000,0.00000,0.00000,75.00,75.00,0.0000,1,69.35,0
538.0529,8469,0.00000,0.00000,0.00000,75.00,75.00,0.0000,1,69.35,0
538.1144,8470,0.00000,0.00000,0.00000,75.00,75.00,0.0000,2,69.35,0
538.1743,8471,0.00000,0.00000,0.00000,75.00,75.00,0.0000,2,69.35,0
538.2325,8472,0.00000,0.00000,0.00000,75.00,75.00,0.0000,2,69.35,0
538.2926,8473,0.37969,0.33611,0.34719,69.79,69.00,0.1135,3,69.35,1
538.3541,8474,0.38279,0.28934,0.36042,69.59,69.00,0.1122,3,69.35,1
538.4139,8475,0.38456,0.28348,0.34366,69.85,69.00,0.0000,1,69.35,0
538.4722,8476,0.39145,0.18358,0.37222,69.42,69.00,0.1109,3,69.35,1
538.5351,8477,0.39476,0.14880,0.36397,69.54,69.00,0.0000,1,69.35,0
538.5962,8478,0.39766,0.11835,0.36384,69.54,69.00,0.0000,2,69.35,0
538.6607,8479,0.40041,0.08946,0.36385,69.54,69.00,0.0000,2,69.35,0
538.7216,8480,0.40273,0.06503,0.36373,69.54,69.00,0.0000,2,69.35,0
538.7842,8481,0.32927,0.33365,0.19012,72.15,72.00,0.1300,4,69.35,1
538.8480,8482,0.29827,0.40482,0.13427,72.99,72.00,0.1359,4,69.35,1
538.9126,8483,0.28226,0.44417,0.11986,73.20,73.00,0.0000,2,69.35,0
538.9749,8484,0.34188,0.36620,0.34051,69.89,69.00,0.1142,4,69.35,1
539.0349,8485,0.27437,0.68938,0.11874,73.22,73.00,0.1375,3,69.35,1
539.0945,8486,0.26023,0.77682,0.10606,73.41,73.00,0.0000,2,69.35,0
539.1520,8487,0.25367,0.55548,0.11881,73.22,73.00,0.1375,3,69.35,1
539.2122,8488,0.24235,0.55846,0.11424,73.29,73.00,0.0000,0,69.35,0
539.2714,8489,0.11712,0.83396,-0.24535,83.59,81.00,0.1242,3,69.35,1
539.3301,8490,0.07980,0.90133,-0.24499,83.57,83.00,0.0000,2,69.35,0
539.3885,8491,0.04657,0.96129,-0.24210,83.47,83.00,0.0000,1,69.35,0
539.4457,8492,0.23553,0.33102,0.35517,69.67,75.00,0.1127,3,69.35,1
539.5014,8493,0.25065,0.24566,0.34841,69.77,69.00,0.0000,2,69.35,0
539.5598,8494,0.20947,0.37638,0.20349,71.95,71.00,0.1286,3,69.35,1
539.6180,8495,0.21158,0.34216,0.19893,72.02,72.00,0.0000,0,69.35,0
539.6761,8496,0.21346,0.31162,0.19876,72.02,72.00,0.0000,1,69.35,0
539.7347,8497,0.37274,0.03384,0.65441,65.18,65.00,0.0813,3,69.35,1
539.7927,8498,0.40719,-0.04555,0.64333,65.35,65.00,0.0000,1,69.35,0
539.8489,8499,0.43759,-0.11561,0.63988,65.40,65.00,0.0000,2,69.35,0
539.9077,8500,0.46591,-0.18087,0.63758,65.44,65.00,0.0000,2,69.35,0
539.9664,8501,0.49138,-0.23956,0.63551,65.47,65.00,0.0000,2,69.35,0
540.0245,8502,0.18532,0.80119,-0.14245,79.99,73.00,0.1350,3,69.35,1
540.0860,8503,0.05156,0.97310,-0.44417,90.55,81.00,0.1034,4,69.35,1
540.1522,8504,0.00000,1.12901,-0.44397,90.54,89.00,0.0000,2,69.35,0
540.2130,8505,0.09948,0.39191,-0.00691,75.24,81.00,0.1493,4,69.35,1
540.2706,8506,0.08954,0.28340,-0.00817,75.29,75.00,0.0000,1,69.35,0
540.3269,8507,0.08086,0.19896,-0.00712,75.25,75.00,0.0000,2,69.35,0
540.3851,8508,0.00000,-0.52966,-0.23426,83.20,83.00,0.1254,5,68.36,1
540.4440,8509,-0.03898,-0.15797,-0.28689,85.04,85.00,0.1199,7,66.33,1
540.5019,8510,-0.08137,0.33395,-0.36273,87.70,87.00,0.1119,6,64.99,1
540.5636,8511,-0.10317,0.50466,-0.35649,87.48,87.00,0.1126,5,62.99,1
540.6220,8512,-0.14090,0.56671,-0.41693,89.59,89.00,0.1062,6,61.67,1
540.6880,8513,-0.09897,0.81473,-0.18135,81.35,81.00,0.1310,5,60.44,1
540.7595,8514,-0.09397,0.02664,-0.13706,79.80,79.00,0.1356,3,56.69,1
540.8264,8515,-0.11747,-0.03701,-0.20656,82.23,82.00,0.1283,7,56.27,1
540.8982,8516,-0.10465,-0.32460,-0.13564,79.75,79.00,0.1358,5,55.18,1
540.9609,8517,-0.07738,-0.13848,-0.03675,76.29,76.00,0.1461,6,54.60,1
541.0273,8518,0.00000,0.35585,0.19171,72.12,72.00,0.1299,6,53.74,1
541.0891,8519,0.02327,0.23845,0.23102,71.53,71.00,0.1257,7,52.97,1
541.1500,8520,0.02566,0.34381,0.17354,72.40,72.00,0.1318,8,51.57,1
541.2157,8521,0.03411,0.13189,0.15109,72.73,72.00,0.1341,7,50.75,1
541.2773,8522,0.00000,-0.11575,0.00519,74.92,74.00,0.1495,9,51.32,1
541.3414,8523,0.00000,0.03634,-0.03261,76.14,76.00,0.1466,8,51.13,1
541.4049,8524,-0.04675,-0.03503,-0.17268,81.04,81.00,0.1319,9,51.62,1
541.4684,8525,-0.07303,0.35116,-0.23097,83.08,83.00,0.1257,8,52.36,1
541.5305,8526,-0.08418,0.69393,-0.22803,82.98,82.00,0.1261,7,53.02,1
541.5931,8527,-0.09491,0.92238,-0.22795,82.98,82.00,0.1261,6,52.57,1
541.6582,8528,-0.12410,0.18206,-0.29396,85.29,85.00,0.1191,5,51.78,1
541.7172,8529,-0.08265,0.49960,-0.10758,78.77,78.00,0.1387,6,51.64,1
541.7799,8530,-0.04761,0.30348,0.01504,74.77,74.00,0.1484,6,50.94,1
541.8460,8531,0.00000,-0.31691,0.10652,73.40,73.00,0.1388,6,49.82,1
541.9153,8532,0.04220,-0.62879,0.25340,71.20,71.00,0.1234,8,49.94,1
541.9810,8533,0.12787,-0.42733,0.47397,67.89,67.00,0.1002,7,50.15,1
542.0492,8534,0.15562,-0.40560,0.44831,68.28,68.00,0.1029,8,50.20,1
542.1238,8535,0.14435,-0.21613,0.29866,70.52,70.00,0.1186,8,50.65,1
542.1921,8536,0.04448,-0.41929,-0.09767,78.42,78.00,0.1397,10,51.20,1
542.2581,8537,0.00000,0.22040,-0.24758,83.67,83.00,0.1240,11,52.15,1
542.3223,8538,-0.08458,-0.04767,-0.43387,90.19,90.00,0.1044,10,53.01,1
542.3887,8539,-0.13671,0.14641,-0.50930,92.83,92.00,0.0965,10,54.53,1
542.4597,8540,-0.19029,0.42993,-0.57610,95.16,95.00,0.0895,9,55.12,1
542.5201,8541,-0.17497,0.76077,-0.41834,89.64,89.00,0.1061,8,56.19,1
542.5885,8542,-0.12916,0.66404,-0.18884,81.61,81.00,0.1302,8,56.53,1
542.6528,8543,-0.02975,-0.00606,0.16418,72.54,73.00,0.1328,8,55.96,1
542.7205,8544,0.04327,-0.40250,0.34363,69.85,69.00,0.1139,12,56.78,1
542.7979,8545,0.08033,-0.79132,0.35005,69.75,69.00,0.1132,11,55.63,1
542.8623,8546,0.08620,-0.97159,0.27941,70.81,70.00,0.1207,9,55.01,1
542.9287,8547,0.13626,-1.10984,0.38041,69.29,69.00,0.1101,9,55.07,1
542.9998,8548,0.17485,-1.17151,0.42173,68.67,68.00,0.1057,9,56.88,1
543.0669,8549,0.18172,-1.17498,0.35759,69.64,69.00,0.1125,10,57.68,1
543.1326,8550,0.17981,-0.81371,0.28782,70.68,70.00,0.1198,8,56.81,1
543.2039,8551,0.12304,-0.67730,0.04960,74.26,74.00,0.1448,11,57.23,1
543.2669,8552,0.04554,-0.40967,-0.20019,82.01,82.00,0.1290,9,56.96,1
543.3274,8553,-0.03177,-0.04255,-0.40148,89.05,89.00,0.1078,10,57.24,1
543.3901,8554,-0.09376,0.39006,-0.50934,92.83,92.00,0.0965,9,57.73,1
543.4539,8555,-0.12647,0.69227,-0.49945,92.48,92.00,0.0976,9,57.73,1
543.5209,8556,-0.15553,0.71025,-0.48595,92.01,92.00,0.0990,12,59.67,1
543.5858,8557,-0.10117,0.30609,-0.19920,81.97,84.00,0.1291,11,60.42,1
543.6488,8558,0.02627,-0.04443,0.26608,71.01,76.00,0.1221,12,61.13,1
543.7162,8559,0.08277,-0.54121,0.37876,69.32,69.00,0.1102,11,61.25,1
543.7850,8560,0.08315,-0.47424,0.27770,70.83,70.00,0.1208,9,59.92,1
543.8498,8561,0.00000,-0.18901,-0.02942,76.03,76.00,0.1469,10,58.65,1
543.9207,8562,-0.03098,0.27514,-0.17525,81.13,81.00,0.1316,11,56.83,1
543.9864,8563,-0.02195,0.10268,-0.10489,78.67,78.00,0.1390,11,55.75,1
544.0584,8564,0.00000,-0.18599,-0.03357,76.17,76.00,0.1465,10,54.82,1
544.1266,8565,0.00000,-0.35273,-0.01677,75.59,75.00,0.1482,12,54.21,1
544.1969,8566,0.00000,-0.42736,-0.02222,75.78,75.00,0.1477,11,53.77,1
544.2728,8567,0.00000,-0.61709,-0.00831,75.29,75.00,0.1491,10,52.49,1
544.3368,8568,0.00000,-0.71870,-0.04282,76.50,76.00,0.1455,9,51.55,1
544.4021,8569,0.00000,-0.64318,-0.01547,75.54,75.00,0.1484,11,50.91,1
544.4633,8570,0.00000,-0.69339,-0.02008,75.70,75.00,0.1479,15,51.07,1
544.5258,8571,0.00000,-0.58880,0.00004,75.00,74.00,0.1500,12,50.70,1
544.5879,8572,0.00000,-0.55330,0.01403,74.79,74.00,0.1485,12,51.40,1
544.6477,8573,0.00000,-0.54814,0.02060,74.69,74.00,0.1478,12,50.86,1
544.7111,8574,0.00000,-0.41202,0.01583,74.76,74.00,0.1483,11,51.23,1
544.7810,8575,0.03353,-0.53074,0.08290,73.76,73.00,0.1413,12,51.84,1
544.8416,8576,0.06274,-0.52024,0.16448,72.53,72.00,0.1327,14,51.36,1
544.9018,8577,0.09915,-0.57531,0.25619,71.16,71.00,0.1231,15,51.50,1
544.9600,8578,0.10941,-0.77035,0.24298,71.36,71.00,0.1245,13,53.07,1
545.0204,8579,0.11226,-0.68132,0.20914,71.86,71.00,0.1280,13,55.27,1
545.0820,8580,0.12825,-0.60563,0.23165,71.53,71.00,0.1257,13,56.25,1
545.1474,8581,0.16106,-0.21248,0.30978,70.35,70.00,0.1175,14,57.83,1
545.2094,8582,0.16284,0.18258,0.26831,70.98,70.00,0.1218,14,58.90,1
545.2720,8583,0.13772,0.34589,0.14681,72.80,72.00,0.1346,15,59.45,1
545.3322,8584,0.10672,0.46127,0.03486,74.48,74.00,0.1463,14,60.89,1
545.3959,8585,0.09065,0.10299,0.00033,75.00,74.00,0.1500,12,62.00,1
545.4670,8586,0.07583,-0.01194,-0.02010,75.70,75.00,0.1479,13,63.52,1
545.5398,8587,0.03297,-0.16784,-0.13226,79.63,79.00,0.1361,13,64.75,1
545.6080,8588,0.00000,-0.14919,-0.23690,83.29,83.00,0.1251,14,66.99,1
545.6754,8589,-0.07528,-0.06785,-0.36964,87.94,87.00,0.1112,14,68.90,1
545.7445,8590,-0.06640,-0.04505,-0.24052,83.42,83.00,0.1247,16,70.33,1
545.8144,8591,-0.08438,0.24261,-0.24158,83.46,83.00,0.1246,12,71.59,1
545.8801,8592,-0.07748,0.03270,-0.16670,80.83,80.00,0.1325,14,72.84,1
545.9522,8593,-0.03322,-0.24971,0.01706,74.74,74.00,0.1482,15,73.94,1
546.0277,8594,0.02260,-0.16015,0.19088,72.14,72.00,0.1300,13,74.06,1
546.0946,8595,0.05957,-0.03785,0.26578,71.01,71.00,0.1221,14,73.50,1
546.1609,8596,0.09360,0.05427,0.31916,70.21,70.00,0.1165,15,72.96,1
546.2335,8597,0.08816,-0.01877,0.22597,71.61,71.00,0.1263,16,72.21,1
546.2978,8598,0.09477,0.21550,0.20873,71.87,71.00,0.1281,15,72.46,1
546.3644,8599,0.08725,0.01220,0.14946,72.76,72.00,0.1343,15,72.80,1
546.4364,8600,0.07110,-0.13396,0.07624,73.86,73.00,0.1420,14,73.44,1
546.5006,8601,0.07433,-0.17397,0.08915,73.66,73.00,0.1406,12,73.66,1
546.5656,8602,0.00000,0.15931,-0.14169,79.96,79.00,0.1351,16,74.57,1
546.6248,8603,-0.02524,0.29298,-0.21031,82.36,82.00,0.1279,17,75.41,1
546.6863,8604,-0.04180,0.41296,-0.20885,82.31,82.00,0.1281,15,77.00,1
546.7460,8605,-0.05829,0.61287,-0.21358,82.48,82.00,0.1276,17,78.12,1
546.8052,8606,-0.08640,0.64352,-0.26253,84.19,84.00,0.1224,16,78.43,1
546.8642,8607,-0.08934,0.67630,-0.21772,82.62,82.00,0.1271,16,78.84,1
546.9250,8608,-0.09666,0.80417,-0.20080,82.03,82.00,0.1289,17,78.62,1
546.9830,8609,-0.08536,0.53008,-0.12774,79.47,79.00,0.1366,19,78.00,1
547.0433,8610,-0.07630,0.53974,-0.07974,77.79,77.00,0.1416,16,77.71,1
547.1012,8611,-0.07846,0.60071,-0.08330,77.92,77.00,0.1413,19,77.46,1
547.1606,8612,-0.07919,0.66042,-0.08171,77.86,77.00,0.1414,19,76.72,1
547.2219,8613,-0.06757,0.52917,-0.03782,76.32,76.00,0.1460,18,75.67,1
547.2895,8614,-0.08565,0.73440,-0.10861,78.80,78.00,0.1386,18,74.91,1
547.3502,8615,-0.07101,0.80319,-0.04982,76.74,76.00,0.1448,17,74.33,1
547.4102,8616,-0.05859,0.85356,-0.01197,75.42,75.00,0.1487,17,74.31,1
547.4719,8617,-0.06773,0.94842,-0.05754,77.01,77.00,0.1440,20,74.24,1
547.5351,8618,-0.07972,1.00825,-0.10268,78.59,78.00,0.1392,17,73.67,1
547.5971,8619,-0.09591,1.03949,-0.15292,80.35,80.00,0.1339,17,73.36,1
547.6595,8620,-0.11467,1.05152,-0.20232,82.08,82.00,0.1288,17,73.02,1
547.7209,8621,-0.12934,1.05106,-0.22934,83.03,83.00,0.1259,17,73.23,1
547.7837,8622,-0.13665,1.04448,-0.22657,82.93,82.00,0.1262,17,73.25,1
547.8484,8623,-0.11856,1.03473,-0.13886,79.86,79.00,0.1354,16,73.12,1
547.9141,8624,-0.11794,1.02448,-0.13435,79.70,79.00,0.1359,17,72.83,1
547.9744,8625,-0.11578,1.01558,-0.12662,79.43,79.00,0.1367,17,72.33,1
548.0391,8626,-0.10707,1.00863,-0.09857,78.45,78.00,0.1397,17,72.39,1
548.1079,8627,-0.11116,1.00350,-0.12232,79.28,79.00,0.1372,17,72.09,1
548.1740,8628,-0.11801,1.00032,-0.14978,80.24,80.00,0.1343,17,71.82,1
548.2364,8629,-0.12299,0.99863,-0.16531,80.79,80.00,0.1326,17,71.55,1
548.2978,8630,-0.12253,0.99789,-0.15968,80.59,80.00,0.1332,17,71.23,1
548.3597,8631,-0.12658,0.99776,-0.17202,81.02,81.00,0.1319,17,71.06,1
548.4167,8632,-0.12596,0.99799,-0.16662,80.83,80.00,0.1325,17,70.83,1
548.4747,8633,-0.12394,0.99835,-0.15829,80.54,80.00,0.1334,17,70.66,1
548.5324,8634,-0.12760,0.99875,-0.17247,81.04,81.00,0.1319,17,70.53,1
548.5886,8635,-0.12635,0.99912,-0.16708,80.85,80.00,0.1325,17,70.38,1
548.6476,8636,-0.12689,0.99944,-0.16987,80.95,80.00,0.1322,17,70.28,1
548.7049,8637,-0.12682,0.99969,-0.17062,80.97,80.00,0.1321,17,70.19,1
548.7625,8638,-0.12550,0.99987,-0.16743,80.86,80.00,0.1324,17,70.08,1
548.8189,8639,-0.13034,0.99998,-0.18731,81.56,81.00,0.1303,17,70.02,1
548.8786,8640,-0.12961,1.00006,-0.18391,81.44,81.00,0.1307,17,69.93,1
548.9354,8641,-0.12942,1.00009,-0.18398,81.44,81.00,0.1307,17,69.88,1
548.9963,8642,-0.13135,1.00010,-0.19231,81.73,81.00,0.1298,17,69.83,1
549.0563,8643,-0.13339,1.00009,-0.19994,82.00,81.00,0.1290,17,69.77,1
549.1133,8644,-0.13583,1.00007,-0.20816,82.29,82.00,0.1281,17,69.73,1
549.1690,8645,-0.13698,1.00005,-0.21099,82.38,82.00,0.1278,17,69.69,1
549.2235,8646,-0.13695,1.00004,-0.20994,82.35,82.00,0.1280,17,69.64,1
549.2791,8647,-0.13370,1.00003,-0.19839,81.94,81.00,0.1292,17,69.60,1
549.3359,8648,-0.13079,1.00001,-0.19114,81.69,81.00,0.1299,17,69.59,1
549.3913,8649,-0.13192,1.00001,-0.20009,82.00,82.00,0.1290,17,69.57,1
549.4485,8650,-0.12911,1.00000,-0.19384,81.78,81.00,0.1296,17,69.52,1
549.5041,8651,-0.12957,1.00000,-0.20074,82.03,82.00,0.1289,17,69.50,1
549.5619,8652,-0.12794,1.00000,-0.19937,81.98,81.00,0.1291,17,69.47,1
549.6207,8653,-0.12736,1.00000,-0.20249,82.09,82.00,0.1287,17,69.42,1
549.6830,8654,-0.13038,1.00000,-0.21832,82.64,82.00,0.1271,17,69.41,1
549.7429,8655,-0.13277,1.00000,-0.22879,83.01,83.00,0.1260,17,69.38,1
549.8035,8656,-0.13376,1.00000,-0.23280,83.15,83.00,0.1256,17,69.37,1
549.8618,8657,-0.13461,1.00000,-0.23627,83.27,83.00,0.1252,17,69.37,1
549.9201,8658,-0.13024,1.00000,-0.22142,82.75,82.00,0.1268,17,69.34,1
549.9854,8659,-0.12748,1.00000,-0.21653,82.58,82.00,0.1273,17,69.33,1
550.0477,8660,-0.12750,1.00000,-0.22272,82.80,82.00,0.1266,17,69.34,1
550.1148,8661,-0.12486,1.00000,-0.21913,82.67,82.00,0.1270,17,69.29,1
550.1854,8662,-0.12458,1.00000,-0.22532,82.89,82.00,0.1263,17,69.32,1
550.2490,8663,-0.12543,1.00000,-0.23371,83.18,83.00,0.1255,17,69.35,1
550.3125,8664,-0.12468,1.00000,-0.23521,83.23,83.00,0.1253,17,69.32,1
550.3798,8665,-0.12407,1.00000,-0.23763,83.32,83.00,0.1250,17,69.30,1
550.4578,8666,-0.12400,1.00000,-0.24259,83.49,83.00,0.1245,17,69.26,1
550.5228,8667,-0.12433,1.00000,-0.24762,83.67,83.00,0.1240,17,69.23,1
550.5916,8668,-0.12420,1.00000,-0.24895,83.71,83.00,0.1239,17,69.17,1
550.6560,8669,-0.12563,1.00000,-0.25424,83.90,83.00,0.1233,17,69.13,1
550.7205,8670,-0.12538,1.00000,-0.25257,83.84,83.00,0.1235,17,69.08,1
550.7896,8671,-0.12549,1.00000,-0.25254,83.84,83.00,0.1235,17,69.03,1
550.8524,8672,-0.12590,1.00000,-0.25362,83.88,83.00,0.1234,17,69.02,1
550.9153,8673,-0.12680,1.00000,-0.25616,83.97,83.00,0.1231,17,68.93,1
550.9804,8674,-0.12770,1.00000,-0.25816,84.04,84.00,0.1229,17,68.87,1
551.0409,8675,-0.12756,1.00000,-0.25628,83.97,83.00,0.1231,17,68.80,1
551.1047,8676,-0.12677,1.00000,-0.25263,83.84,83.00,0.1235,17,68.74,1
551.1644,8677,-0.12707,1.00000,-0.25365,83.88,83.00,0.1234,17,68.69,1
551.2338,8678,-0.12772,1.00000,-0.25559,83.95,83.00,0.1232,17,68.69,1
551.2991,8679,-0.12805,1.00000,-0.25603,83.96,83.00,0.1231,17,68.67,1
551.3613,8680,-0.12816,1.00000,-0.25570,83.95,83.00,0.1232,17,68.64,1
551.4222,8681,-0.12845,1.00000,-0.25613,83.96,83.00,0.1231,17,68.61,1
551.4818,8682,-0.12802,1.00000,-0.25403,83.89,83.00,0.1233,17,68.60,1
551.5485,8683,-0.12849,1.00000,-0.25552,83.94,83.00,0.1232,17,68.59,1
551.6090,8684,-0.12922,1.00000,-0.25759,84.02,84.00,0.1230,17,68.58,1
551.6696,8685,-0.12965,1.00000,-0.25824,84.04,84.00,0.1229,17,68.60,1
551.7296,8686,-0.12926,1.00000,-0.25596,83.96,83.00,0.1231,17,68.59,1
551.7942,8687,-0.12761,1.00000,-0.24982,83.74,83.00,0.1238,17,68.61,1
551.8665,8688,-0.12709,1.00000,-0.24918,83.72,83.00,0.1238,17,68.63,1
551.9299,8689,-0.12760,1.00000,-0.25199,83.82,83.00,0.1235,17,68.54,1
551.9982,8690,-0.12763,1.00000,-0.25249,83.84,83.00,0.1235,17,68.49,1
552.0694,8691,-0.12770,1.00000,-0.25296,83.85,83.00,0.1234,17,68.52,1
552.1335,8692,-0.12679,1.00000,-0.24998,83.75,83.00,0.1238,17,68.61,1
552.1968,8693,-0.12444,1.00000,-0.24270,83.49,83.00,0.1245,17,68.90,1
552.2643,8694,-0.11353,1.00000,-0.20775,82.27,82.00,0.1282,16,69.57,1
552.3283,8695,-0.10954,1.00000,-0.20413,82.14,82.00,0.1286,17,69.77,1
552.3908,8696,-0.10825,1.00000,-0.20963,82.34,82.00,0.1280,17,70.09,1
552.4544,8697,-0.09710,1.00000,-0.17929,81.28,81.00,0.1312,16,70.51,1
552.5141,8698,-0.09951,1.00000,-0.20117,82.04,82.00,0.1289,17,71.14,1
552.5754,8699,-0.09621,1.00000,-0.19785,81.92,81.00,0.1292,17,71.53,1
552.6401,8700,-0.10429,1.00000,-0.23463,83.21,83.00,0.1254,17,72.29,1
552.7116,8701,-0.09964,1.00000,-0.21824,82.64,82.00,0.1271,17,72.82,1
552.7733,8702,-0.11127,1.00000,-0.26121,84.14,84.00,0.1226,17,73.27,1
552.8359,8703,-0.10557,1.00000,-0.23516,83.23,83.00,0.1253,17,73.73,1
552.8961,8704,-0.09559,1.00000,-0.20043,82.02,82.00,0.1290,17,73.71,1
552.9588,8705,-0.09881,1.00000,-0.21918,82.67,82.00,0.1270,17,73.73,1
553.0186,8706,-0.09267,1.00000,-0.20054,82.02,82.00,0.1289,17,73.85,1
553.0777,8707,-0.09029,1.00000,-0.19868,81.95,81.00,0.1291,17,73.72,1
553.1387,8708,-0.09391,1.00000,-0.21789,82.63,82.00,0.1271,18,73.31,1
553.1992,8709,-0.09345,1.00000,-0.21815,82.64,82.00,0.1271,18,72.86,1
553.2638,8710,-0.09165,1.00000,-0.21373,82.48,82.00,0.1276,19,72.23,1
553.3361,8711,-0.07381,1.00000,-0.15553,80.44,80.00,0.1337,19,71.49,1
553.3976,8712,-0.07041,1.00000,-0.15872,80.56,80.00,0.1333,19,70.87,1
553.4601,8713,-0.07407,1.00000,-0.18462,81.46,81.00,0.1306,19,70.47,1
553.5243,8714,-0.07442,1.00000,-0.19275,81.75,81.00,0.1298,19,69.94,1
553.5944,8715,-0.07515,1.00000,-0.20011,82.00,82.00,0.1290,19,69.41,1
553.6567,8716,-0.07177,1.00000,-0.19095,81.68,81.00,0.1300,19,68.72,1
553.7186,8717,-0.06936,1.00000,-0.18685,81.54,81.00,0.1304,19,68.48,1
553.7832,8718,-0.06785,1.00000,-0.18663,81.53,81.00,0.1304,19,67.76,1
553.8437,8719,-0.06670,1.00000,-0.18711,81.55,81.00,0.1304,19,67.72,1
553.9033,8720,-0.06627,1.00000,-0.18959,81.64,81.00,0.1301,19,67.70,1
553.9598,8721,-0.06987,1.00000,-0.20520,82.18,82.00,0.1285,19,67.21,1
554.0157,8722,-0.08876,1.00000,-0.27120,84.49,84.00,0.1215,20,66.71,1
554.0726,8723,-0.08771,1.00000,-0.25340,83.87,83.00,0.1234,19,66.20,1
554.1314,8724,-0.08799,1.00000,-0.24458,83.56,83.00,0.1243,19,65.73,1
554.1900,8725,-0.08695,1.00000,-0.23384,83.18,83.00,0.1254,19,65.36,1
554.2529,8726,-0.10490,1.00000,-0.29194,85.22,85.00,0.1193,20,65.01,1
554.3084,8727,-0.11347,1.00000,-0.30635,85.72,85.00,0.1178,20,65.16,1
554.3644,8728,-0.12133,1.00000,-0.31628,86.07,86.00,0.1168,20,64.80,1
554.4211,8729,-0.11118,1.00000,-0.26176,84.16,84.00,0.1225,19,64.50,1
554.4818,8730,-0.10533,1.00000,-0.23455,83.21,83.00,0.1254,19,64.20,1
554.5406,8731,-0.09956,0.97112,-0.21419,82.50,82.00,0.1275,22,63.47,1
554.6042,8732,-0.09083,0.97918,-0.18831,81.59,81.00,0.1302,22,63.07,1
554.6679,8733,-0.08895,0.98107,-0.19193,81.72,81.00,0.1298,22,63.55,1
554.7398,8734,-0.08464,0.91140,-0.18656,81.53,81.00,0.1304,23,65.61,1
554.8052,8735,-0.07658,0.77673,-0.16822,80.89,80.00,0.1323,22,67.28,1
554.8682,8736,-0.10943,0.62324,-0.29258,85.24,85.00,0.1193,23,65.85,1
554.9340,8737,-0.13636,0.50238,-0.36793,87.88,87.00,0.1114,25,64.79,1
554.9953,8738,-0.13508,0.35553,-0.33255,86.64,86.00,0.1151,24,63.77,1
555.0591,8739,-0.13207,0.24094,-0.30028,85.51,85.00,0.1185,24,62.72,1
555.1207,8740,-0.09756,0.09180,-0.16837,80.89,80.00,0.1323,25,62.17,1
555.1831,8741,-0.05716,-0.11964,-0.04594,76.61,76.00,0.1452,24,63.87,1
555.2450,8742,0.00000,-0.22235,0.07863,73.82,73.00,0.1417,26,65.56,1
555.3077,8743,0.00000,-0.12230,0.07292,73.91,73.00,0.1423,25,68.37,1
555.3681,8744,0.00000,-0.09282,-0.00238,75.08,75.00,0.1497,27,71.86,1
555.4301,8745,0.00000,0.09419,-0.06051,77.12,77.00,0.1436,23,75.02,1
555.4962,8746,-0.03381,0.20684,-0.20428,82.15,82.00,0.1286,27,76.57,1
555.5570,8747,-0.06551,0.36886,-0.30481,85.67,85.00,0.1180,26,78.39,1
555.6175,8748,-0.09558,0.45480,-0.37881,88.26,88.00,0.1102,25,79.88,1
555.6793,8749,-0.08935,0.49311,-0.31251,85.94,85.00,0.1172,24,80.50,1
555.7421,8750,-0.09057,0.48331,-0.28913,85.12,85.00,0.1196,27,82.39,1
555.8072,8751,-0.03141,0.31345,-0.06398,77.24,77.00,0.1433,27,85.03,1
555.8767,8752,0.04731,0.10540,0.17227,72.42,72.00,0.1319,23,89.13,1
555.9392,8753,0.07698,-0.44028,0.19609,72.06,72.00,0.1294,12,89.13,1
556.0031,8754,0.11240,-0.66645,0.23854,71.42,71.00,0.1250,18,89.13,1
556.0644,8755,0.14753,-0.63600,0.28147,70.78,70.00,0.1204,13,89.13,1
556.1281,8756,0.16522,-0.73973,0.25898,71.12,71.00,0.1228,12,82.81,1
556.1909,8757,0.16664,-0.83420,0.19378,72.09,72.00,0.1297,14,82.81,1
556.2563,8758,0.13094,-0.95701,0.01863,74.72,74.00,0.1480,11,82.81,1
556.3187,8759,0.10413,-0.82746,-0.08060,77.82,77.00,0.1415,12,82.81,1
556.3806,8760,0.12082,-0.72336,-0.00632,75.22,75.00,0.1493,15,82.81,1
556.4448,8761,0.03982,-0.58901,-0.28812,85.08,83.00,0.1197,13,82.81,1
556.5141,8762,0.00000,-0.54593,-0.37244,88.04,88.00,0.1109,12,82.81,1
556.5763,8763,0.02419,-0.62204,-0.20127,82.04,82.00,0.1289,13,82.81,1
556.6403,8764,0.03143,-0.61133,-0.14458,80.06,80.00,0.1348,12,82.81,1
556.7060,8765,0.00000,-0.34700,-0.24546,83.59,83.00,0.1242,12,82.81,1
556.7689,8766,0.00000,-0.14275,-0.19327,81.76,81.00,0.1297,12,82.81,1
556.8334,8767,-0.02486,0.14724,-0.26120,84.14,84.00,0.1226,13,82.81,1
556.9009,8768,-0.08492,0.23892,-0.43080,90.08,90.00,0.1048,14,82.81,1
556.9605,8769,-0.08195,0.34902,-0.35529,87.44,87.00,0.1127,15,82.81,1
557.0229,8770,-0.10026,0.38917,-0.37270,88.04,88.00,0.1109,14,82.81,1
557.0887,8771,-0.05443,0.40999,-0.16525,80.78,80.00,0.1326,14,82.81,1
557.1528,8772,-0.04809,0.52241,-0.14650,80.13,80.00,0.1346,14,82.81,1
557.2192,8773,-0.04861,0.51955,-0.15605,80.46,80.00,0.1336,12,82.81,1
557.2847,8774,0.00000,0.57467,-0.00631,75.22,75.00,0.1493,14,82.81,1
557.3483,8775,0.02469,0.58209,0.05567,74.16,74.00,0.1442,15,82.81,1
557.4085,8776,0.02712,0.59107,0.01878,74.72,74.00,0.1480,15,82.81,1
557.4726,8777,0.00000,0.63556,-0.07663,77.68,77.00,0.1420,16,82.81,1
557.5366,8778,0.03292,0.59920,-0.01258,75.44,75.00,0.1487,13,82.81,1
557.6026,8779,0.00000,0.61011,-0.12271,79.29,79.00,0.1371,16,82.33,1
557.6749,8780,0.00000,0.58500,-0.17351,81.07,81.00,0.1318,15,84.20,1
557.7384,8781,0.00000,0.58927,-0.15970,80.59,80.00,0.1332,16,84.20,1
557.8027,8782,-0.03860,0.61612,-0.26122,84.14,84.00,0.1226,18,84.20,1
557.8626,8783,-0.02951,0.54346,-0.20167,82.06,82.00,0.1288,17,84.20,1
557.9256,8784,-0.06109,0.58184,-0.29757,85.41,85.00,0.1188,19,84.20,1
557.9896,8785,-0.04486,0.50124,-0.20709,82.25,82.00,0.1283,19,84.20,1
558.0561,8786,-0.05640,0.50395,-0.23599,83.26,83.00,0.1252,18,84.20,1
558.1162,8787,0.03170,0.71916,0.08451,73.73,75.00,0.1411,4,84.20,1
558.1751,8788,0.05202,0.76927,0.10458,73.43,73.00,0.0000,2,84.20,0
558.2331,8789,0.08929,0.53593,0.18481,72.23,72.00,0.1306,8,84.20,1
558.2935,8790,0.10603,-0.10881,0.18488,72.23,72.00,0.1306,5,84.20,1
558.3525,8791,0.12732,-0.29323,0.20444,71.93,71.00,0.0000,2,84.20,0
558.4117,8792,0.03397,-0.25366,-0.13435,79.70,79.00,0.1359,6,84.20,1
558.4721,8793,0.00000,-0.24401,-0.23301,83.16,83.00,0.1255,4,84.20,1
558.5318,8794,0.02014,-0.35781,-0.11394,78.99,78.00,0.1380,5,84.20,1
558.5885,8795,0.00000,-0.41493,-0.10580,78.70,78.00,0.0000,2,84.20,0
558.6476,8796,0.00000,-0.36482,-0.08473,77.97,77.00,0.1411,4,84.20,1
558.7069,8797,0.00000,-0.39207,-0.06093,77.13,77.00,0.0000,2,84.20,0
558.7663,8798,0.14688,0.30602,0.36233,69.57,69.00,0.1120,3,84.20,1
558.8248,8799,0.17627,0.45424,0.38136,69.28,69.00,0.0000,1,84.20,0
558.8830,8800,0.16849,-0.23957,0.30546,70.42,70.00,0.1179,5,84.68,1
558.9437,8801,0.18786,-0.33621,0.31713,70.24,70.00,0.0000,1,84.68,0
559.0075,8802,0.09510,-0.08542,0.00254,74.96,74.00,0.1497,4,85.11,1
559.0678,8803,0.12975,-0.55228,0.13382,72.99,72.00,0.1359,4,85.50,1
559.1271,8804,0.03276,-0.43134,-0.19124,81.69,80.00,0.1299,7,81.65,1
559.1871,8805,0.13526,-0.49950,0.22814,71.58,72.00,0.1260,7,81.58,1
559.2520,8806,0.14752,-0.56375,0.21965,71.71,71.00,0.0000,1,81.58,0
559.3192,8807,0.08480,-0.52191,-0.00588,75.21,75.00,0.1494,5,81.58,1
559.3795,8808,0.07595,-0.54949,-0.00746,75.26,75.00,0.0000,2,81.58,0
559.4408,8809,0.02772,-0.65666,-0.13530,79.74,79.00,0.1358,5,81.58,1
559.5029,8810,0.12208,-0.44849,0.20288,71.96,71.00,0.1287,4,81.43,1
559.5662,8811,0.14645,-0.57067,0.25977,71.10,71.00,0.1227,13,81.58,1
559.6290,8812,0.19304,-0.54599,0.38568,69.21,69.00,0.1095,11,81.83,1
559.6903,8813,0.18837,-0.66351,0.31273,70.31,70.00,0.1172,6,81.83,1
559.7487,8814,0.14717,-0.37191,0.13336,73.00,72.00,0.1360,6,81.83,1
559.8071,8815,0.15310,-0.24773,0.16043,72.59,72.00,0.1332,8,81.74,1
559.8664,8816,0.19428,-0.28279,0.30690,70.40,70.00,0.1178,9,81.74,1
559.9292,8817,0.19609,-0.17311,0.28317,70.75,70.00,0.1203,12,82.07,1
559.9918,8818,0.20397,-0.12041,0.28964,70.66,70.00,0.1196,16,82.07,1
560.0536,8819,0.18597,0.19774,0.20788,71.88,71.00,0.1282,19,82.07,1
560.1137,8820,0.15566,0.25171,0.10329,73.45,73.00,0.1392,18,82.07,1
560.1773,8821,0.09433,0.14946,-0.08529,77.99,77.00,0.1410,19,82.07,1
560.2386,8822,0.04449,0.25336,-0.19607,81.86,81.00,0.1294,19,81.56,1
560.2997,8823,0.00000,0.24891,-0.27830,84.74,84.00,0.1208,20,79.41,1
560.3666,8824,-0.04914,0.51380,-0.33793,86.83,86.00,0.1145,17,79.41,1
560.4301,8825,-0.06781,0.44054,-0.30217,85.58,85.00,0.1183,17,79.41,1
560.4921,8826,-0.02223,0.40452,-0.06184,77.16,77.00,0.1435,19,79.41,1
560.5567,8827,0.05989,0.02512,0.24848,71.27,71.00,0.1239,13,79.41,1
560.6191,8828,0.12922,0.01541,0.44534,68.32,68.00,0.1032,19,79.41,1
560.6812,8829,0.22527,-0.12060,0.69747,64.54,64.00,0.0768,18,79.41,1
560.7449,8830,0.29148,-0.27587,0.79636,63.05,63.00,0.0664,13,81.46,1
560.8145,8831,0.29940,-0.35913,0.67243,64.91,64.00,0.0794,21,81.46,1
560.8802,8832,0.22210,-0.43876,0.30624,70.41,70.00,0.1178,17,81.46,1
560.9480,8833,0.10237,-0.34847,-0.11394,78.99,78.00,0.1380,20,81.46,1
561.0144,8834,-0.04090,-0.16287,-0.51847,93.15,86.00,0.0956,18,77.42,1
561.0745,8835,-0.15594,0.04687,-0.75966,101.59,94.00,0.0702,18,76.14,1
561.1327,8836,-0.24516,0.22915,-0.88167,105.86,102.00,0.0574,17,72.63,1
561.1924,8837,-0.27093,0.40727,-0.76790,101.88,101.00,0.0694,16,73.52,1
561.2523,8838,-0.24401,0.33927,-0.50750,92.76,93.00,0.0967,18,70.53,1
561.3125,8839,-0.14624,0.06099,-0.06759,77.37,85.00,0.1429,20,74.18,1
561.3731,8840,0.04741,-0.13182,0.60701,65.89,77.00,0.0863,21,75.06,1
561.4339,8841,0.22193,-0.22371,1.00000,60.00,69.00,0.0450,13,76.55,1
561.4944,8842,0.15284,-0.39841,0.59576,66.06,66.00,0.0874,5,76.55,1
561.5559,8843,0.07802,-0.33695,0.21764,71.74,71.00,0.1271,5,76.55,1
561.6170,8844,0.08809,-0.39625,0.19515,72.07,72.00,0.0000,2,76.55,0
561.6809,8845,0.07304,-0.18488,0.12632,73.11,73.00,0.1367,7,81.40,1
561.7412,8846,0.15907,-0.24032,0.40063,68.99,68.00,0.1079,22,81.40,1
561.8004,8847,0.18237,-0.26001,0.42313,68.65,68.00,0.1056,20,82.86,1
561.8591,8848,0.17064,-0.21921,0.32660,70.10,70.00,0.1157,20,81.14,1
561.9187,8849,0.12677,-0.28430,0.13950,72.91,72.00,0.1354,16,78.58,1
561.9782,8850,0.05328,-0.17599,-0.11053,78.87,78.00,0.1384,18,78.22,1
562.0361,8851,-0.03361,-0.16102,-0.35815,87.54,86.00,0.1124,19,77.20,1
562.0949,8852,-0.12486,-0.20118,-0.57178,95.01,94.00,0.0900,18,76.01,1
562.1548,8853,-0.18639,-0.12813,-0.64239,97.48,97.00,0.0825,19,78.26,1
562.2165,8854,-0.23322,-0.17699,-0.65583,97.95,97.00,0.0811,17,77.67,1
562.2772,8855,-0.19669,-0.17045,-0.38640,88.52,89.00,0.1094,18,76.33,1
562.3338,8856,-0.11686,-0.22148,-0.04107,76.44,81.00,0.1457,18,75.60,1
562.3909,8857,0.06459,-0.55015,0.58993,66.15,73.00,0.0881,18,77.91,1
562.4469,8858,0.06719,-0.43695,0.46472,68.03,68.00,0.1012,9,82.92,1
562.5053,8859,0.10420,-0.20303,0.49298,67.61,67.00,0.0982,7,82.92,1
562.5638,8860,0.11957,0.01311,0.44663,68.30,68.00,0.1031,3,82.92,1
562.6220,8861,0.04385,-0.08125,0.09673,73.55,73.00,0.1398,8,82.92,1
562.6839,8862,0.00000,0.04261,-0.02122,75.74,75.00,0.1478,9,82.92,1
562.7448,8863,0.03585,0.46610,0.08400,73.74,73.00,0.1412,8,83.22,1
562.8142,8864,0.07314,0.07014,0.21168,71.82,71.00,0.1278,21,83.68,1
562.8779,8865,0.06794,-0.14105,0.16480,72.53,72.00,0.1327,18,85.11,1
562.9416,8866,0.03732,-0.22297,0.04315,74.35,74.00,0.1455,21,86.00,1
563.0061,8867,-0.02209,-0.47709,-0.14993,80.25,80.00,0.1343,18,86.70,1
563.0677,8868,-0.08084,-0.45666,-0.30230,85.58,85.00,0.1183,22,87.63,1
563.1320,8869,-0.11434,-0.37854,-0.33662,86.78,86.00,0.1147,20,85.02,1
563.1971,8870,-0.15020,-0.32121,-0.37599,88.16,88.00,0.1105,25,79.16,1
563.2552,8871,-0.15366,-0.40691,-0.31176,85.91,85.00,0.1173,22,80.95,1
563.3188,8872,-0.10124,-0.44555,-0.06721,77.35,77.00,0.1429,22,75.65,1
563.3796,8873,-0.03764,-0.67289,0.15715,72.64,72.00,0.1335,18,78.79,1
563.4399,8874,0.03621,-0.61922,0.36987,69.45,69.00,0.1112,20,79.43,1
563.4991,8875,0.07205,-0.55140,0.41016,68.85,68.00,0.1069,17,79.91,1
563.5582,8876,0.14636,-0.54096,0.58462,66.23,66.00,0.0886,19,80.92,1
563.6162,8877,0.13769,-0.50892,0.43999,68.40,68.00,0.1038,18,82.40,1
563.6761,8878,0.10189,-0.54504,0.23608,71.46,71.00,0.1252,22,82.06,1
563.7398,8879,0.00000,-0.41255,-0.15508,80.43,79.00,0.1337,20,79.75,1
563.8036,8880,-0.08683,-0.36632,-0.39334,88.77,87.00,0.1087,18,77.26,1
563.8644,8881,-0.07719,-0.04712,-0.25759,84.02,84.00,0.1230,19,72.85,1
563.9249,8882,-0.06532,0.29027,-0.15088,80.28,80.00,0.1342,17,69.51,1
563.9851,8883,-0.06642,0.49482,-0.11757,79.12,79.00,0.1377,20,67.86,1
564.0530,8884,-0.02557,0.36583,0.05476,74.18,74.00,0.1443,16,64.82,1
564.1167,8885,-0.05868,0.15297,-0.07231,77.53,77.00,0.1424,19,62.19,1
564.1837,8886,-0.09909,-0.19958,-0.19504,81.83,81.00,0.1295,17,59.70,1
564.2474,8887,-0.10836,-0.41111,-0.18647,81.53,81.00,0.1304,16,57.68,1
564.3167,8888,-0.10579,-0.58149,-0.14007,79.90,79.00,0.1353,21,56.26,1
564.3782,8889,-0.12515,-0.41797,-0.18642,81.52,81.00,0.1304,16,54.71,1
564.4388,8890,-0.08987,-0.33649,-0.03697,76.29,76.00,0.1461,16,53.56,1
564.5001,8891,-0.11498,-0.50591,-0.13119,79.59,79.00,0.1362,25,54.00,1
564.5615,8892,-0.09571,-0.59587,-0.05053,76.77,76.00,0.1447,21,54.45,1
564.6242,8893,-0.07933,-0.73939,0.00092,74.99,74.00,0.1499,21,56.31,1
564.6837,8894,-0.06303,-0.78114,0.04180,74.37,74.00,0.1456,25,56.84,1
564.7415,8895,0.00000,-0.84631,0.20550,71.92,71.00,0.1284,22,56.65,1
564.8006,8896,0.02360,-0.87943,0.26898,70.97,70.00,0.1218,25,57.75,1
564.8584,8897,0.04212,-0.81729,0.27016,70.95,70.00,0.1216,18,57.93,1
564.9155,8898,0.05172,-0.80214,0.24568,71.31,71.00,0.1242,20,61.09,1
564.9742,8899,0.03793,-0.74753,0.14559,72.82,72.00,0.1347,21,61.41,1
565.0347,8900,0.00000,-0.63918,-0.05794,77.03,77.00,0.1439,23,62.43,1
565.0977,8901,-0.05812,-0.58430,-0.19559,81.85,81.00,0.1295,24,64.77,1
565.1581,8902,-0.13626,-0.49508,-0.42311,89.81,89.00,0.1056,24,67.44,1
565.2176,8903,-0.19080,-0.25301,-0.52564,93.40,93.00,0.0948,20,69.71,1
565.2778,8904,-0.16774,-0.22740,-0.34123,86.94,86.00,0.1142,11,72.74,1
565.3376,8905,-0.05836,0.36069,0.09743,73.54,78.00,0.1398,6,77.51,1
565.3947,8906,0.14090,0.35454,0.75872,63.62,70.00,0.0703,3,77.51,1
565.4539,8907,0.20905,0.51793,0.74513,63.82,63.00,0.0000,1,77.51,0
565.5137,8908,0.10030,0.06926,0.24744,71.29,71.00,0.1240,4,77.51,1
565.5713,8909,0.05990,-0.39705,0.07638,73.85,73.00,0.1420,8,77.51,1
565.6283,8910,0.02939,-0.75237,-0.03089,76.08,76.00,0.1468,8,77.51,1
565.6844,8911,0.00000,-0.93330,-0.11132,78.90,78.00,0.1383,8,77.51,1
565.7423,8912,0.00000,-1.13756,-0.10377,78.63,78.00,0.0000,2,77.51,0
565.7997,8913,-0.02109,-1.22374,-0.11145,78.90,78.00,0.0000,0,77.51,0
565.8580,8914,-0.03102,-1.30271,-0.11061,78.87,78.00,0.0000,0,77.51,0
565.9154,8915,-0.03968,-1.37155,-0.10962,78.84,78.00,0.0000,0,77.51,0
565.9726,8916,-0.04764,-1.43485,-0.10887,78.81,78.00,0.0000,0,77.51,0
566.0339,8917,-0.05523,-1.49518,-0.10855,78.80,78.00,0.0000,0,77.51,0
566.0920,8918,-0.06169,-1.50000,-0.10795,78.78,78.00,0.0000,1,77.51,0
566.1534,8919,-0.12836,0.80719,-0.24408,83.54,83.00,0.1244,3,77.51,1
566.2158,8920,-0.14313,1.09153,-0.24076,83.43,83.00,0.0000,2,77.51,0
566.2774,8921,0.12539,-0.26065,0.51016,67.35,75.00,0.0964,6,77.51,1
566.3380,8922,0.10609,-0.18307,0.35513,69.67,69.00,0.1127,3,77.51,1
566.3996,8923,0.05844,-0.29934,0.12069,73.19,73.00,0.1373,10,73.55,1
566.4641,8924,0.10075,-0.35402,0.25198,71.22,71.00,0.1235,7,78.60,1
566.5252,8925,0.13552,0.21428,0.33098,70.04,70.00,0.1152,5,76.64,1
566.5856,8926,0.15793,0.30898,0.31809,70.23,70.00,0.0000,0,76.64,0
566.6496,8927,0.10984,0.73083,0.11532,73.27,73.00,0.1379,3,76.64,1
566.7094,8928,0.11190,0.90233,0.11270,73.31,73.00,0.0000,2,76.64,0
566.7750,8929,0.08458,1.00013,0.02784,74.58,74.00,0.1471,4,76.64,1
566.8375,8930,0.07927,1.09413,0.02597,74.61,74.00,0.0000,2,76.64,0
566.8978,8931,0.07476,1.17408,0.02629,74.61,74.00,0.0000,2,76.64,0
566.9623,8932,-0.02143,0.19492,-0.23203,83.12,82.00,0.1256,6,76.64,1
567.0246,8933,-0.05099,0.16116,-0.26996,84.45,84.00,0.1217,6,75.38,1
567.0911,8934,-0.05616,0.49583,-0.22451,82.86,82.00,0.1264,7,75.38,1
567.1679,8935,-0.03392,0.04097,-0.08973,78.14,78.00,0.1406,6,75.94,1
567.2325,8936,0.06192,0.02278,0.25608,71.16,71.00,0.1231,8,77.24,1
567.3051,8937,0.08921,-0.08945,0.26135,71.08,71.00,0.0000,1,79.52,0
567.3894,8938,0.04055,-0.73210,0.05251,74.21,74.00,0.1445,4,79.52,1
567.4562,8939,0.00000,-0.98358,-0.10951,78.83,78.00,0.1385,3,79.52,1
567.5211,8940,-0.07458,-0.48419,-0.28754,85.06,85.00,0.1198,6,79.87,1
567.5870,8941,-0.08684,-0.27071,-0.26505,84.28,84.00,0.1222,4,83.23,1
567.6520,8942,-0.10949,-0.22432,-0.26309,84.21,84.00,0.0000,2,86.21,0
567.7196,8943,-0.13042,-0.18144,-0.26407,84.24,84.00,0.0000,1,88.79,0
567.7932,8944,0.00000,-0.16242,0.14304,72.85,76.00,0.1350,5,88.31,1
567.8608,8945,0.09412,0.49223,0.39092,69.14,69.00,0.1090,3,89.18,1
567.9254,8946,0.17503,0.83454,0.56782,66.48,66.00,0.0904,3,89.18,1
567.9895,8947,0.08594,1.03251,0.14949,72.76,72.00,0.1343,3,89.18,1
568.0561,8948,0.18025,0.20766,0.45752,68.14,68.00,0.1020,4,89.18,1
568.1290,8949,0.16889,-0.01670,0.32371,70.14,70.00,0.1160,3,89.18,1
568.2041,8950,0.19086,-0.17127,0.30920,70.36,70.00,0.0000,2,89.18,0
568.2706,8951,0.08843,-0.42015,-0.04584,76.60,76.00,0.1452,4,89.18,1
568.3345,8952,0.07419,-0.55353,-0.04779,76.67,76.00,0.0000,1,89.18,0
568.3996,8953,0.06079,-0.65282,-0.04813,76.68,76.00,0.0000,0,89.18,0
568.4668,8954,0.04856,-0.74352,-0.04859,76.70,76.00,0.0000,0,89.18,0
568.5246,8955,0.03907,-0.81385,-0.04770,76.67,76.00,0.0000,1,89.18,0
568.5806,8956,-0.28412,-0.03682,-0.81596,103.56,84.00,0.0643,3,89.18,1
568.6390,8957,-0.34448,0.03680,-0.80520,103.18,92.00,0.0000,1,89.18,0
568.6977,8958,-0.39880,0.10306,-0.80067,103.02,100.00,0.0000,1,89.18,0
568.7573,8959,-0.44861,0.16382,-0.79738,102.91,102.00,0.0000,2,89.18,0
568.8182,8960,0.13623,0.11550,0.76046,63.59,94.00,0.0702,3,89.18,1
568.8791,8961,0.20791,0.15252,0.75477,63.68,86.00,0.0000,1,89.18,0
568.9443,8962,0.27636,0.18787,0.75568,63.66,78.00,0.0000,2,89.18,0
569.0098,8963,0.33808,0.21976,0.75661,63.65,70.00,0.0000,1,89.18,0
569.0724,8964,0.39117,0.24718,0.75533,63.67,63.00,0.0000,0,89.18,0
569.1368,8965,0.44038,0.27259,0.75540,63.67,63.00,0.0000,0,89.18,0
569.1993,8966,0.48329,0.29475,0.75430,63.69,63.00,0.0000,1,89.18,0
569.2644,8967,0.52390,0.31573,0.75500,63.68,63.00,0.0000,2,89.18,0
569.3283,8968,-0.22843,0.96173,-0.78991,102.65,71.00,0.0671,4,89.18,1
569.3868,8969,-0.23257,0.66389,-0.70038,99.51,79.00,0.0765,3,89.18,1
569.4452,8970,-0.28522,0.68716,-0.68621,99.02,87.00,0.0000,0,89.18,0
569.5037,8971,-0.33113,0.70744,-0.68130,98.85,95.00,0.0000,1,89.18,0
569.5614,8972,-0.37385,0.72631,-0.67808,98.73,98.00,0.0000,0,89.18,0
569.6205,8973,-0.41209,0.74321,-0.67501,98.63,98.00,0.0000,0,89.18,0
569.6796,8974,-0.12449,0.96165,0.11615,73.26,90.00,0.1378,3,89.18,1
569.7393,8975,-0.09999,1.01473,0.11721,73.24,82.00,0.0000,1,89.18,0
569.7999,8976,-0.23102,1.02132,-0.29655,85.38,85.00,0.1189,3,89.18,1
569.8626,8977,-0.10662,-0.00691,0.10679,73.40,77.00,0.1388,4,89.18,1
569.9232,8978,-0.05372,-0.58695,0.22624,71.61,71.00,0.1262,4,89.18,1
569.9820,8979,-0.11176,-0.51664,-0.05796,77.03,77.00,0.1439,4,89.18,1
570.0403,8980,-0.10658,-0.71782,-0.04742,76.66,76.00,0.0000,1,89.18,0
570.0990,8981,-0.07547,-0.31851,0.04203,74.37,74.00,0.1456,3,89.18,1
570.1564,8982,0.10161,-0.20232,0.59829,66.03,66.00,0.0872,7,87.01,1
570.2151,8983,0.23093,0.12773,0.90153,61.48,61.00,0.0553,7,85.06,1
570.2739,8984,0.26044,0.26946,0.81485,62.78,62.00,0.0644,5,83.30,1
570.3340,8985,0.28577,0.27661,0.74210,63.87,63.00,0.0721,6,81.87,1
570.4004,8986,0.33451,0.24788,0.76973,63.45,63.00,0.0692,5,80.49,1
570.4593,8987,0.28509,-0.18898,0.47376,67.89,67.00,0.1003,6,78.64,1
570.5181,8988,0.26550,0.01843,0.35519,69.67,69.00,0.1127,11,78.05,1
570.5767,8989,0.19927,0.32931,0.10235,73.46,73.00,0.1393,16,77.46,1
570.6339,8990,0.02864,0.48428,-0.46491,91.27,81.00,0.1012,6,81.41,1
570.6920,8991,-0.11545,0.05009,-0.82467,103.86,89.00,0.0634,15,79.97,1
570.7492,8992,-0.18221,-0.06562,-0.85307,104.86,97.00,0.0604,19,78.40,1
570.8052,8993,-0.14286,-0.05203,-0.51692,93.09,93.00,0.0957,19,77.30,1
570.8637,8994,-0.07098,-0.09011,-0.14377,80.03,85.00,0.1349,18,77.47,1
570.9198,8995,0.05035,-0.15572,0.31593,70.26,77.00,0.1168,12,78.89,1
570.9761,8996,0.00000,0.16935,0.05993,74.10,74.00,0.1437,10,76.25,1
571.0321,8997,-0.03282,0.22178,-0.05162,76.81,76.00,0.1446,10,73.77,1
571.0881,8998,0.00000,0.22235,0.12557,73.12,73.00,0.1368,6,77.25,1
571.1438,8999,0.02361,0.07477,0.13781,72.93,72.00,0.1355,10,77.25,1
571.1998,9000,0.00000,-0.03436,0.06071,74.09,74.00,0.1436,10,75.85,1
571.2562,9001,-0.02358,0.36253,-0.06108,77.14,77.00,0.1436,8,75.85,1
571.3120,9002,-0.07136,-0.16720,-0.21191,82.42,82.00,0.1277,5,71.10,1
571.3698,9003,-0.03014,-0.57531,-0.01605,75.56,75.00,0.1483,4,66.89,1
571.4270,9004,0.00000,0.00074,0.05936,74.11,74.00,0.1438,8,62.98,1
571.4843,9005,-0.03332,0.14881,-0.03084,76.08,76.00,0.1468,13,59.88,1
571.5436,9006,-0.02732,-0.01965,-0.00146,75.05,75.00,0.1498,13,57.68,1
571.6051,9007,0.06515,0.43194,0.32537,70.12,70.00,0.1158,6,57.68,1
571.6685,9008,0.08334,0.76323,0.31798,70.23,70.00,0.1166,4,57.68,1
571.7282,9009,0.10668,0.94741,0.29496,70.58,70.00,0.0000,2,57.68,0
571.7882,9010,0.12787,1.03764,0.28380,70.74,70.00,0.0000,0,57.68,0
571.8475,9011,0.14646,1.11680,0.28228,70.77,70.00,0.0000,0,57.68,0
571.9048,9012,0.16286,1.18668,0.28064,70.79,70.00,0.0000,0,57.68,0
571.9643,9013,0.17828,1.25235,0.27971,70.80,70.00,0.0000,0,57.68,0
572.0188,9014,0.19082,1.30574,0.27773,70.83,70.00,0.0000,0,57.68,0
572.0733,9015,0.20223,1.35435,0.27606,70.86,70.00,0.0000,1,57.68,0
572.1274,9016,0.21228,1.39715,0.27437,70.88,70.00,0.0000,0,57.68,0
572.1808,9017,0.22129,1.43549,0.27281,70.91,70.00,0.0000,0,57.68,0
572.2350,9018,0.22953,1.47060,0.27153,70.93,70.00,0.0000,0,57.68,0
572.2910,9019,0.23717,1.50000,0.27056,70.94,70.00,0.0000,1,57.68,0
572.3485,9020,0.24415,1.50000,0.26978,70.95,70.00,0.0000,1,57.68,0
572.4043,9021,0.25037,1.50000,0.26903,70.96,70.00,0.0000,0,57.68,0
572.4603,9022,0.25597,1.50000,0.26835,70.97,70.00,0.0000,0,57.68,0
572.5159,9023,0.26092,1.50000,0.26767,70.99,70.00,0.0000,0,57.68,0
572.5707,9024,0.26536,1.50000,0.26703,70.99,70.00,0.0000,0,57.68,0
572.6253,9025,0.26932,1.50000,0.26643,71.00,71.00,0.0000,0,57.68,0
572.6808,9026,0.27293,1.50000,0.26594,71.01,71.00,0.0000,0,57.68,0
572.7356,9027,0.27616,1.50000,0.26547,71.02,71.00,0.0000,1,57.68,0
572.7904,9028,0.27905,1.50000,0.26504,71.02,71.00,0.0000,0,57.68,0
572.8445,9029,0.28163,1.50000,0.26463,71.03,71.00,0.0000,1,57.68,0
572.9000,9030,0.28400,1.50000,0.26430,71.04,71.00,0.0000,0,57.68,0
572.9558,9031,0.24558,-0.91133,0.21355,71.80,71.00,0.1276,3,57.68,1
573.0126,9032,0.05178,-0.31935,-0.29135,85.20,79.00,0.1194,5,57.68,1
573.0729,9033,-0.10584,0.33018,-0.77424,102.10,87.00,0.0687,7,57.68,1
573.1307,9034,-0.17842,0.52745,-0.77133,102.00,95.00,0.0000,1,57.68,0
573.1911,9035,-0.24641,0.61812,-0.76767,101.87,101.00,0.0000,0,57.68,0
573.2520,9036,-0.30795,0.70020,-0.76468,101.76,101.00,0.0000,0,57.68,0
573.3111,9037,-0.36109,0.77106,-0.76005,101.60,101.00,0.0000,0,57.68,0
573.3706,9038,-0.41032,0.83673,-0.75710,101.50,101.00,0.0000,0,57.68,0
573.4315,9039,-0.45479,0.89603,-0.75458,101.41,101.00,0.0000,0,57.68,0
573.4937,9040,-0.05644,0.99673,0.16375,72.54,93.00,0.1328,5,58.66,1
573.5541,9041,0.02804,-0.11123,0.34138,69.88,85.00,0.1142,3,58.66,1
573.6125,9042,0.06197,-0.26737,0.33927,69.91,77.00,0.0000,2,58.66,0
573.6730,9043,0.09358,-0.35850,0.33771,69.93,69.00,0.0000,0,58.66,0
573.7335,9044,0.12185,-0.43998,0.33615,69.96,69.00,0.0000,0,58.66,0
573.7936,9045,0.14723,-0.51313,0.33469,69.98,69.00,0.0000,0,58.66,0
573.8528,9046,-0.08498,-0.59417,-0.28947,85.13,77.00,0.1196,3,58.60,1
573.9133,9047,-0.07419,0.26270,-0.21545,82.54,82.00,0.1274,12,59.94,1
573.9738,9048,-0.08353,0.48078,-0.20918,82.32,82.00,0.1280,14,62.20,1
574.0353,9049,-0.10304,0.43785,-0.24025,83.41,83.00,0.1248,12,64.26,1
574.0978,9050,-0.08654,0.74744,-0.13995,79.90,79.00,0.1353,4,64.43,1
574.1562,9051,-0.09256,0.89983,-0.13000,79.55,79.00,0.0000,0,64.43,0
574.2190,9052,-0.06350,0.51846,-0.02288,75.80,75.00,0.1476,13,66.78,1
574.2837,9053,-0.02934,0.34946,0.07801,73.83,73.00,0.1418,13,68.80,1
574.3515,9054,0.00000,-0.04053,0.13043,73.04,73.00,0.1363,16,69.97,1
574.4138,9055,0.00000,-0.42212,0.15333,72.70,72.00,0.1339,16,70.79,1
574.4745,9056,0.04948,-0.56035,0.23120,71.53,71.00,0.1257,16,71.24,1
574.5391,9057,0.00000,0.02003,-0.01978,75.69,75.00,0.1479,9,70.36,1
574.6096,9058,-0.07134,0.36258,-0.23937,83.38,83.00,0.1249,9,69.39,1
574.6719,9059,-0.11185,0.36649,-0.32933,86.53,86.00,0.1154,12,68.53,1
574.7361,9060,-0.03312,-0.16539,0.00854,74.87,78.00,0.1491,20,68.41,1
574.8002,9061,0.04063,-0.51047,0.25014,71.25,71.00,0.1237,20,68.15,1
574.8620,9062,0.05854,-0.71106,0.24891,71.27,71.00,0.1239,19,69.16,1
574.9268,9063,0.00000,-0.72866,-0.01010,75.35,75.00,0.1489,14,69.39,1
574.9872,9064,-0.02243,-0.62234,-0.09122,78.19,78.00,0.1404,15,69.80,1
575.0451,9065,0.00000,-0.62476,-0.01654,75.58,75.00,0.1483,20,69.02,1
575.1055,9066,0.00000,-0.51347,-0.03774,76.32,76.00,0.1460,21,67.78,1
575.1649,9067,-0.02482,-0.32951,-0.06852,77.40,77.00,0.1428,19,64.75,1
575.2235,9068,-0.02211,-0.11512,-0.04759,76.67,76.00,0.1450,20,62.50,1
575.2836,9069,0.00000,0.02756,-0.01574,75.55,75.00,0.1483,19,60.95,1
575.3450,9070,0.00000,0.11233,-0.01102,75.39,75.00,0.1488,19,60.40,1
575.4049,9071,-0.03283,0.14594,-0.07425,77.60,77.00,0.1422,20,59.70,1
575.4650,9072,-0.02029,0.23428,-0.01962,75.69,75.00,0.1479,19,59.43,1
575.5274,9073,0.00000,0.23468,0.03275,74.51,74.00,0.1466,20,59.64,1
575.5900,9074,0.00000,0.17626,-0.01266,75.44,75.00,0.1487,21,58.93,1
575.6521,9075,0.00000,0.24616,0.03294,74.51,74.00,0.1465,18,58.37,1
575.7164,9076,0.00000,0.25745,-0.01400,75.49,75.00,0.1485,18,57.85,1
575.7810,9077,0.00000,0.23037,0.07479,73.88,73.00,0.1421,17,58.03,1
575.8457,9078,0.03949,0.10451,0.14179,72.87,72.00,0.1351,18,58.24,1
575.9141,9079,0.02943,0.00621,0.07213,73.92,73.00,0.1424,18,58.48,1
575.9753,9080,0.07477,-0.21550,0.21428,71.79,71.00,0.1275,19,59.53,1
576.0361,9081,0.10533,-0.51792,0.27803,70.83,70.00,0.1208,20,60.38,1
576.0987,9082,0.12817,-0.68575,0.30406,70.44,70.00,0.1181,21,60.97,1
576.1622,9083,0.11364,-0.77064,0.19879,72.02,72.00,0.1291,21,61.83,1
576.2286,9084,0.08580,-0.65811,0.07441,73.88,73.00,0.1422,20,62.85,1
576.2905,9085,0.02840,-0.52582,-0.12100,79.24,79.00,0.1373,21,64.78,1
576.3511,9086,-0.04232,-0.24949,-0.32269,86.29,86.00,0.1161,18,66.88,1
576.4134,9087,-0.12030,0.00160,-0.50912,92.82,92.00,0.0965,20,68.42,1
576.4775,9088,-0.18684,0.25793,-0.61884,96.66,96.00,0.0850,20,70.19,1
576.5371,9089,-0.21667,0.37491,-0.59785,95.92,95.00,0.0872,21,72.32,1
576.5972,9090,-0.21053,0.47614,-0.46415,91.25,91.00,0.1013,21,74.09,1
576.6554,9091,-0.20562,0.32356,-0.37488,88.12,88.00,0.1106,20,75.31,1
576.7154,9092,-0.16599,0.09812,-0.18679,81.54,81.00,0.1304,15,76.30,1
576.7760,9093,-0.07427,-0.07563,0.13985,72.90,73.00,0.1353,19,76.18,1
576.8412,9094,0.02848,-0.08611,0.42831,68.58,68.00,0.1050,18,77.18,1
576.9007,9095,0.12381,-0.29724,0.64172,65.37,65.00,0.0826,19,76.39,1
576.9653,9096,0.15205,-0.66035,0.57417,66.39,66.00,0.0897,19,74.97,1
577.0325,9097,0.16124,-0.69613,0.46561,68.02,68.00,0.1011,20,74.79,1
577.0937,9098,0.10573,-0.46756,0.18040,72.29,72.00,0.1311,22,75.34,1
577.1562,9099,-0.02449,-0.13448,-0.29767,85.42,80.00,0.1187,23,76.90,1
577.2173,9100,0.00000,-0.29499,-0.16297,80.70,80.00,0.1329,14,73.31,1
577.2773,9101,0.00000,-0.44761,-0.08072,77.83,77.00,0.1415,15,70.82,1
577.3407,9102,0.03673,-0.43563,0.06074,74.09,74.00,0.1436,14,69.20,1
577.4024,9103,0.08882,-0.39438,0.23308,71.50,71.00,0.1255,15,66.98,1
577.4639,9104,0.10661,-0.52192,0.25006,71.25,71.00,0.1237,14,66.73,1
577.5261,9105,0.10038,-0.69006,0.18324,72.25,72.00,0.1308,17,65.51,1
577.5861,9106,0.10943,-0.63895,0.18942,72.16,72.00,0.1301,17,65.19,1
577.6467,9107,0.11081,-0.55101,0.16993,72.45,72.00,0.1322,16,65.83,1
577.7079,9108,0.10702,-0.34700,0.13892,72.92,72.00,0.1354,20,65.68,1
577.7697,9109,0.08691,-0.39442,0.05911,74.11,74.00,0.1438,17,66.63,1
577.8332,9110,0.08888,-0.40376,0.07552,73.87,73.00,0.1421,19,70.15,1
577.8932,9111,0.06832,-0.25020,0.00924,74.86,74.00,0.1490,21,69.86,1
577.9559,9112,0.04384,-0.22893,-0.05609,76.96,76.00,0.1441,21,71.60,1
578.0240,9113,0.00000,0.00612,-0.12785,79.47,79.00,0.1366,21,72.62,1
578.0878,9114,0.00000,0.09619,-0.12982,79.54,79.00,0.1364,21,73.46,1
578.1491,9115,0.00000,0.01640,-0.05730,77.01,77.00,0.1440,19,74.41,1
578.2112,9116,0.00000,-0.19986,-0.04975,76.74,76.00,0.1448,17,75.04,1
578.2807,9117,0.05046,-0.29740,0.12808,73.08,73.00,0.1366,20,78.83,1
578.3439,9118,0.05436,-0.24464,0.12212,73.17,73.00,0.1372,23,79.62,1
578.4063,9119,0.05666,-0.26516,0.11406,73.29,73.00,0.1380,21,80.35,1
578.6329,9120,0.02149,0.01759,-0.01887,75.66,75.00,0.1480,19,79.34,1
578.7106,9121,0.04479,-0.02464,0.06682,74.00,73.00,0.1430,18,81.81,1
578.7953,9122,0.02100,0.16873,-0.00969,75.34,75.00,0.1490,22,80.16,1
578.8664,9123,0.00000,0.12554,-0.04712,76.65,76.00,0.1451,18,78.25,1
578.9354,9124,-0.02857,0.34865,-0.13877,79.86,79.00,0.1354,17,78.89,1
579.0000,9125,-0.03908,0.44784,-0.13498,79.72,79.00,0.1358,16,78.25,1
579.0663,9126,-0.07676,0.40791,-0.22847,83.00,82.00,0.1260,16,76.62,1
579.1322,9127,-0.10127,0.55228,-0.25938,84.08,84.00,0.1228,13,75.31,1
579.2049,9128,-0.04021,0.74225,0.01131,74.83,76.00,0.1488,11,76.43,1
579.2687,9129,0.00000,0.12639,0.15720,72.64,72.00,0.1335,12,78.65,1
579.3304,9130,0.00000,0.28179,0.09973,73.50,73.00,0.1395,14,77.94,1
579.3935,9131,0.00000,0.37232,0.05588,74.16,74.00,0.1441,13,77.59,1
579.4633,9132,0.00000,0.28973,0.03998,74.40,74.00,0.1458,14,76.24,1
579.5327,9133,0.03080,0.39132,0.15629,72.66,72.00,0.1336,13,76.66,1
579.5952,9134,0.07973,0.54320,0.29197,70.62,70.00,0.1193,11,79.22,1
579.6565,9135,0.05412,-0.02730,0.14576,72.81,72.00,0.1347,14,78.90,1
579.7159,9136,0.08680,-0.35458,0.23786,71.43,71.00,0.1250,13,80.21,1
579.7810,9137,0.06434,-0.66764,0.11731,73.24,73.00,0.1377,14,80.75,1
579.8529,9138,0.04017,-0.61269,0.02185,74.67,74.00,0.1477,13,83.08,1
579.9168,9139,0.03917,-0.41936,0.02980,74.55,74.00,0.1469,14,85.45,1
579.9829,9140,0.04489,-0.21621,0.05888,74.12,74.00,0.1438,15,88.50,1
580.0513,9141,0.03269,-0.03435,0.01945,74.71,74.00,0.1480,16,92.15,1
580.1166,9142,0.00000,-0.09014,-0.04047,76.42,76.00,0.1458,14,92.15,1
580.1849,9143,0.03147,-0.32956,0.04737,74.29,74.00,0.1450,16,92.15,1
580.2541,9144,0.00000,-0.48774,-0.04177,76.46,76.00,0.1456,13,92.15,1
580.3210,9145,0.00000,-0.46608,-0.00514,75.18,75.00,0.1495,15,92.15,1
580.3860,9146,0.02387,-0.28024,0.05472,74.18,74.00,0.1443,16,91.74,1
580.4514,9147,0.00000,-0.26520,-0.05540,76.94,76.00,0.1442,14,93.16,1
580.5186,9148,0.00000,0.19550,-0.04326,76.51,76.00,0.1455,12,93.16,1
580.5810,9149,0.04427,0.22478,0.17013,72.45,72.00,0.1321,8,93.16,1
580.6442,9150,0.07637,0.30614,0.25119,71.23,71.00,0.1236,19,93.16,1
580.7112,9151,0.00000,0.52024,-0.02016,75.71,75.00,0.1479,7,93.16,1
580.7715,9152,-0.03876,0.58776,-0.18084,81.33,81.00,0.1310,12,93.16,1
580.8340,9153,-0.02411,0.62822,-0.07861,77.75,77.00,0.1417,12,93.16,1
580.9000,9154,0.00000,0.51369,0.00787,74.88,74.00,0.1492,8,93.16,1
580.9635,9155,0.00000,0.21157,0.08164,73.78,73.00,0.1414,7,93.16,1
581.0286,9156,0.00000,0.43681,0.00521,74.92,74.00,0.1495,13,93.75,1
581.1017,9157,-0.03623,0.53625,-0.09578,78.35,78.00,0.1399,11,95.97,1
581.1673,9158,0.00000,0.65371,0.08640,73.70,73.00,0.1409,11,95.97,1
581.2365,9159,0.07572,0.39762,0.29497,70.58,70.00,0.1190,10,95.97,1
581.3052,9160,0.08492,0.12119,0.26441,71.03,71.00,0.1222,8,95.97,1
581.3758,9161,0.00000,-0.32253,-0.06674,77.34,77.00,0.1430,12,95.17,1
581.4501,9162,0.00000,-0.55807,-0.08399,77.94,77.00,0.0000,1,95.17,0
581.5140,9163,-0.03248,-0.20858,-0.14002,79.90,79.00,0.1353,7,95.17,1
581.5798,9164,0.00000,-0.31260,0.00820,74.88,74.00,0.1491,9,96.83,1
581.6517,9165,0.07272,-0.54020,0.23026,71.55,71.00,0.1258,7,96.83,1
581.7162,9166,0.08762,-0.48711,0.23505,71.47,71.00,0.1253,7,102.65,1
581.7811,9167,-0.04307,0.18313,-0.25884,84.06,79.00,0.1228,5,102.65,1
581.8416,9168,-0.05264,-0.02301,-0.22740,82.96,82.00,0.1261,6,102.65,1
581.9045,9169,0.00000,-0.40187,0.04770,74.28,74.00,0.1450,7,95.78,1
581.9707,9170,0.00000,-0.60131,-0.04170,76.46,76.00,0.1456,7,95.78,1
582.0330,9171,-0.15630,-0.31270,-0.53116,93.59,84.00,0.0942,3,95.78,1
582.0942,9172,-0.06028,-0.29392,-0.08507,77.98,77.00,0.1411,4,95.78,1
582.1539,9173,0.00000,-0.08504,0.12444,73.13,73.00,0.1369,12,95.78,1
582.2148,9174,0.02221,-0.35850,0.17562,72.37,72.00,0.1316,8,96.91,1
582.2773,9175,0.00000,-0.49603,0.09498,73.58,73.00,0.1400,7,96.91,1
582.3396,9176,0.00000,-0.32921,-0.00861,75.30,75.00,0.1491,9,96.91,1
582.3999,9177,0.04104,-0.44874,0.17007,72.45,72.00,0.1321,9,96.91,1
582.4583,9178,0.00000,-0.35231,0.04019,74.40,74.00,0.1458,12,96.91,1
582.5173,9179,-0.03363,-0.48475,-0.13944,79.88,79.00,0.1354,10,96.91,1
582.5770,9180,0.00000,-0.65391,-0.00196,75.07,75.00,0.1498,7,96.91,1
582.6355,9181,-0.04261,-0.77039,-0.13891,79.86,79.00,0.1354,9,96.91,1
582.6969,9182,0.00000,-0.60299,0.04115,74.38,74.00,0.1457,7,96.91,1
582.7573,9183,-0.02601,-0.49820,-0.06296,77.20,77.00,0.1434,9,96.91,1
582.8220,9184,-0.02029,-0.17514,-0.03120,76.09,76.00,0.1467,9,97.72,1
582.8846,9185,0.00000,0.03726,0.05506,74.17,74.00,0.1442,11,98.04,1
582.9471,9186,0.02515,0.16093,0.11382,73.29,73.00,0.1380,10,98.04,1
583.0073,9187,0.00000,0.25266,0.04578,74.31,74.00,0.1452,9,98.34,1
583.0647,9188,0.00000,-0.08130,-0.03929,76.38,76.00,0.1459,9,96.81,1
583.1233,9189,-0.02406,0.09603,-0.08618,78.02,78.00,0.1410,9,96.81,1
583.1830,9190,0.00000,0.08127,-0.00587,75.21,75.00,0.1494,9,96.81,1
583.2402,9191,0.04517,-0.09472,0.17753,72.34,72.00,0.1314,7,96.81,1
583.2965,9192,0.03428,-0.00045,0.10218,73.47,73.00,0.1393,9,96.81,1
583.3568,9193,0.02834,0.06614,0.06095,74.09,74.00,0.1436,9,97.22,1
583.4224,9194,0.04465,-0.22202,0.10777,73.38,73.00,0.1387,8,97.22,1
583.4817,9195,0.02474,-0.08631,0.02043,74.69,74.00,0.1479,7,97.22,1
583.5412,9196,0.03009,0.03440,0.04077,74.39,74.00,0.1457,8,97.22,1
583.5975,9197,0.08409,-0.19003,0.22809,71.58,71.00,0.1261,8,97.22,1
583.6544,9198,0.07141,-0.05476,0.14378,72.84,72.00,0.1349,8,97.22,1
583.7114,9199,0.04149,0.04955,0.01830,74.73,74.00,0.1481,7,97.22,1
583.7689,9200,0.00000,0.07884,-0.09061,78.17,78.00,0.1405,5,97.22,1
583.8318,9201,0.02348,0.01723,-0.00815,75.29,75.00,0.1491,7,97.22,1
583.8921,9202,0.07182,-0.14014,0.17263,72.41,72.00,0.1319,5,97.22,1
583.9498,9203,0.07517,-0.34106,0.15770,72.63,72.00,0.1334,9,97.22,1
584.0098,9204,0.11978,-0.57621,0.29246,70.61,70.00,0.1193,9,97.22,1
584.0686,9205,0.16902,-0.59753,0.41863,68.72,68.00,0.1060,8,97.22,1
584.1288,9206,0.08672,-0.30188,0.05859,74.12,74.00,0.1438,5,97.22,1
584.1855,9207,0.09035,-0.32131,0.08268,73.76,73.00,0.1413,7,97.22,1
584.2426,9208,0.10234,-0.29130,0.13128,73.03,73.00,0.1362,5,97.22,1
584.3016,9209,0.04876,-0.10540,-0.06184,77.16,77.00,0.1435,8,97.22,1
584.3615,9210,0.00000,0.05237,-0.17719,81.20,81.00,0.1314,6,97.22,1
584.4200,9211,0.00000,0.09528,-0.18518,81.48,81.00,0.1306,7,97.22,1
584.4808,9212,0.00000,0.05662,-0.12579,79.40,79.00,0.1368,7,97.22,1
584.5365,9213,-0.04581,-0.09334,-0.19909,81.97,81.00,0.1291,8,98.10,1
584.5965,9214,-0.02300,-0.38818,-0.06647,77.33,77.00,0.1430,7,98.10,1
584.6573,9215,0.00000,-0.63558,0.04865,74.27,74.00,0.1449,7,98.99,1
584.7151,9216,0.03551,-0.77746,0.15219,72.72,72.00,0.1340,8,98.99,1
584.7713,9217,0.06162,-0.69984,0.21843,71.72,71.00,0.1271,7,101.09,1
584.8324,9218,0.05882,-0.76192,0.16822,72.48,72.00,0.1323,8,101.09,1
584.8927,9219,0.02312,-0.34224,0.01737,74.74,74.00,0.1482,9,101.09,1
584.9556,9220,0.02142,-0.24995,0.02068,74.69,74.00,0.1478,7,101.09,1
585.0137,9221,0.03264,-0.11944,0.06735,73.99,73.00,0.1429,5,101.09,1
585.0694,9222,0.03890,-0.02263,0.08697,73.70,73.00,0.1409,7,101.09,1
585.1259,9223,0.04477,0.03520,0.10170,73.47,73.00,0.1393,7,101.09,1
585.1809,9224,0.04107,0.08034,0.08048,73.79,73.00,0.1415,7,101.09,1
585.2358,9225,0.02619,0.06055,0.02421,74.64,74.00,0.1475,8,101.09,1
585.2899,9226,0.00000,0.00595,-0.01799,75.63,75.00,0.1481,7,101.09,1
585.3433,9227,0.00000,-0.09170,-0.03384,76.18,76.00,0.1464,6,101.09,1
585.3985,9228,0.00000,-0.14739,-0.01908,75.67,75.00,0.1480,7,101.09,1
585.4536,9229,0.00000,-0.19586,0.00029,75.00,74.00,0.1500,7,101.09,1
585.5118,9230,0.00000,-0.18820,0.01164,74.83,74.00,0.1488,7,101.09,1
585.5644,9231,0.00000,-0.16112,0.01203,74.82,74.00,0.1487,8,101.09,1
585.6168,9232,0.00000,-0.15521,0.01838,74.72,74.00,0.1481,7,101.09,1
585.6698,9233,-0.02728,-0.06594,-0.09336,78.27,78.00,0.1402,10,101.09,1
585.7241,9234,0.00000,-0.04527,0.04964,74.26,74.00,0.1448,8,101.09,1
585.7773,9235,0.00000,-0.06653,0.05200,74.22,74.00,0.1445,7,101.09,1
585.8310,9236,0.00000,0.09671,0.00454,74.93,74.00,0.1495,11,101.09,1
585.8869,9237,0.00000,0.14733,0.05313,74.20,74.00,0.1444,8,101.09,1
585.9433,9238,0.00000,0.30046,-0.02120,75.74,75.00,0.1478,7,101.09,1
585.9997,9239,-0.04353,0.18251,-0.11988,79.20,79.00,0.1374,10,101.08,1
586.0553,9240,-0.03490,0.16472,-0.05953,77.08,77.00,0.1437,6,101.08,1
586.1117,9241,-0.04510,-0.06272,-0.08053,77.82,77.00,0.1415,8,101.08,1
586.1736,9242,-0.03410,0.00240,-0.02152,75.75,75.00,0.1477,8,101.08,1
586.2317,9243,-0.02053,0.09612,0.03102,74.53,74.00,0.1467,7,101.08,1
586.2867,9244,0.00000,0.13732,0.05142,74.23,74.00,0.1446,7,101.08,1
586.3398,9245,-0.05068,0.12406,-0.08876,78.11,78.00,0.1407,7,101.08,1
586.3957,9246,-0.04824,0.21726,-0.06172,77.16,77.00,0.1435,9,101.08,1
586.4513,9247,-0.06648,0.20992,-0.11544,79.04,79.00,0.1379,8,101.08,1
586.5057,9248,-0.04939,0.21048,-0.03380,76.18,76.00,0.1465,7,101.08,1
586.5609,9249,-0.04908,0.25320,-0.02989,76.05,76.00,0.1469,8,101.08,1
586.6148,9250,-0.03008,0.21844,0.03957,74.41,74.00,0.1458,9,101.08,1
586.6722,9251,0.00000,0.20877,0.10572,73.41,73.00,0.1389,8,101.08,1
586.7279,9252,0.00000,0.17594,0.12411,73.14,73.00,0.1370,9,101.08,1
586.7829,9253,0.03418,0.08756,0.20497,71.93,71.00,0.1285,9,101.08,1
586.8472,9254,0.00000,0.12395,0.02702,74.59,74.00,0.1472,9,101.08,1
586.9050,9255,0.00000,0.44721,0.00221,74.97,74.00,0.1498,7,101.08,1
586.9658,9256,0.00000,0.13373,-0.00398,75.14,75.00,0.1496,7,101.08,1
587.0257,9257,0.00000,0.04976,0.06651,74.00,74.00,0.1430,7,101.08,1
587.0841,9258,0.04997,0.05051,0.21087,71.84,71.00,0.1279,7,101.08,1
587.1408,9259,0.06785,-0.00173,0.23499,71.48,71.00,0.1253,7,101.08,1
587.1969,9260,0.07741,-0.05087,0.22881,71.57,71.00,0.1260,8,101.08,1
587.2521,9261,0.05551,-0.08859,0.11570,73.26,73.00,0.1379,8,101.08,1
587.3060,9262,0.05645,-0.08477,0.10917,73.36,73.00,0.1385,5,101.08,1
587.3621,9263,0.00000,-0.07244,-0.05808,77.03,77.00,0.1439,9,101.08,1
587.4176,9264,-0.02935,-0.03824,-0.18173,81.36,81.00,0.1309,7,101.08,1
587.4725,9265,-0.04118,-0.15090,-0.17517,81.13,81.00,0.1316,5,101.08,1
587.5307,9266,0.00000,-0.13240,-0.00171,75.06,75.00,0.1498,8,98.27,1
587.5875,9267,-0.03574,-0.22392,-0.10134,78.55,78.00,0.1394,8,98.27,1
587.6463,9268,-0.05511,-0.39911,-0.14355,80.02,80.00,0.1349,5,98.27,1
587.7046,9269,-0.09555,-0.62548,-0.25335,83.87,83.00,0.1234,6,98.27,1
587.7649,9270,-0.05498,-0.57331,-0.05610,76.96,76.00,0.1441,9,98.27,1
587.8237,9271,-0.03083,-0.79976,0.03628,74.46,74.00,0.1462,5,98.27,1
587.8838,9272,-0.02926,-0.65009,0.02898,74.57,74.00,0.1470,11,93.84,1
587.9405,9273,-0.05467,-0.61325,-0.07038,77.46,77.00,0.1426,10,93.84,1
588.0005,9274,-0.08073,-0.52182,-0.15110,80.29,80.00,0.1341,9,93.84,1
588.0589,9275,-0.03301,-0.63152,0.04316,74.35,74.00,0.1455,9,93.84,1
588.1214,9276,0.04871,-0.55612,0.31322,70.30,70.00,0.1171,9,93.84,1
588.1828,9277,-0.12023,-0.57037,-0.35160,87.31,78.00,0.1131,6,93.84,1
588.2433,9278,0.05795,-0.76095,0.34504,69.82,70.00,0.1138,3,93.84,1
588.3058,9279,0.05205,-0.90012,0.24167,71.37,71.00,0.1246,5,93.84,1
588.3682,9280,0.03425,-0.17239,0.12777,73.08,73.00,0.1366,8,86.56,1
588.4316,9281,-0.06971,0.18859,-0.25741,84.01,81.00,0.1230,7,86.56,1
588.4956,9282,-0.13369,0.53901,-0.41647,89.58,89.00,0.1063,8,86.56,1
588.5624,9283,-0.23018,0.76113,-0.65433,97.90,97.00,0.0813,3,86.56,1
588.6248,9284,-0.07760,0.08703,0.00436,74.93,89.00,0.1495,3,86.56,1
588.6837,9285,0.03044,0.29156,0.36022,69.60,81.00,0.1122,3,80.40,1
588.7452,9286,0.05602,0.11781,0.35451,69.68,73.00,0.1128,8,76.96,1
588.8027,9287,0.05988,0.17179,0.28737,70.69,70.00,0.1198,8,76.96,1
588.8619,9288,-0.05168,0.40888,-0.16879,80.91,78.00,0.1323,8,71.06,1
588.9210,9289,0.02647,-0.02824,0.14329,72.85,72.00,0.1350,4,71.06,1
588.9825,9290,-0.07259,0.04354,-0.23776,83.32,80.00,0.1250,5,71.06,1
589.0433,9291,-0.16073,0.22404,-0.49534,92.34,88.00,0.0980,4,66.16,1
589.1032,9292,-0.20018,0.25177,-0.49659,92.38,92.00,0.0000,1,66.16,0
589.1606,9293,-0.10335,0.13376,-0.10327,78.61,84.00,0.1392,8,66.16,1
589.2206,9294,0.00000,-0.34363,0.19290,72.11,76.00,0.1297,3,66.16,1
589.2806,9295,0.08514,0.19955,0.47080,67.94,68.00,0.1006,6,61.84,1
589.3388,9296,0.12750,0.24793,0.46754,67.99,67.00,0.0000,2,61.84,0
589.3938,9297,0.16339,0.28890,0.46242,68.06,68.00,0.0000,1,61.84,0
589.4538,9298,-0.16113,-0.57484,-0.58386,95.44,76.00,0.0887,3,61.84,1
589.5134,9299,-0.20921,-0.74376,-0.57730,95.21,84.00,0.0000,2,61.84,0
589.5727,9300,-0.25226,-0.83294,-0.57433,95.10,92.00,0.0000,0,61.84,0
589.6356,9301,-0.19394,0.02938,-0.34088,86.93,86.00,0.1142,7,65.96,1
589.6971,9302,-0.28983,0.51296,-0.58947,95.63,94.00,0.0881,3,65.96,1
589.7591,9303,-0.32717,0.71790,-0.57758,95.22,95.00,0.0000,1,65.96,0
589.8164,9304,-0.35815,0.80381,-0.57435,95.10,95.00,0.0000,1,65.96,0
589.8745,9305,-0.18081,-0.34184,-0.00321,75.11,87.00,0.1497,4,65.96,1
589.9322,9306,-0.04526,0.26996,0.37293,69.41,79.00,0.1108,8,65.96,1
589.9885,9307,0.00000,0.26689,0.37475,69.38,71.00,0.0000,0,65.96,0
590.0445,9308,0.03565,0.26417,0.36780,69.48,69.00,0.0000,0,65.96,0
590.0998,9309,-0.15492,0.64083,-0.27007,84.45,77.00,0.1216,6,65.96,1
590.1556,9310,-0.13530,0.35775,-0.18216,81.38,81.00,0.1309,4,65.96,1
590.2119,9311,-0.26079,0.10583,-0.58415,95.45,89.00,0.0887,3,65.96,1
590.2681,9312,-0.29673,0.04087,-0.56888,94.91,94.00,0.0000,2,65.96,0
590.3247,9313,-0.15641,-0.09259,-0.03448,76.21,86.00,0.1464,3,65.96,1
590.3813,9314,-0.02537,0.04801,0.37220,69.42,78.00,0.1109,4,65.96,1
590.4385,9315,0.00000,0.02506,0.35784,69.63,70.00,0.0000,2,65.96,0
590.4954,9316,0.05346,0.00463,0.36782,69.48,69.00,0.0000,2,65.96,0
590.5528,9317,0.00000,-0.68892,0.10676,73.40,73.00,0.1388,3,65.96,1
590.6114,9318,-0.02026,-0.93242,0.05263,74.21,74.00,0.1445,9,67.86,1
590.6693,9319,-0.07484,-0.63735,-0.14425,80.05,80.00,0.1349,8,67.86,1
590.7281,9320,0.00000,-0.83410,0.14113,72.88,72.00,0.1352,3,67.86,1
590.7888,9321,-0.06980,-0.56059,-0.15447,80.41,80.00,0.1338,7,67.86,1
590.8490,9322,-0.13486,-0.36696,-0.35960,87.59,87.00,0.1122,6,67.86,1
590.9133,9323,-0.07325,-0.61917,-0.07283,77.55,79.00,0.1424,3,67.86,1
590.9837,9324,-0.15026,-0.63008,-0.34139,86.95,86.00,0.1142,8,70.28,1
591.0480,9325,-0.10830,-0.81594,-0.14033,79.91,79.00,0.1353,5,70.28,1
591.1094,9326,-0.04631,-0.93827,0.08082,73.79,73.00,0.1415,10,70.28,1
591.1762,9327,0.04882,-1.01640,0.36617,69.51,69.00,0.1116,3,70.28,1
591.2391,9328,0.00000,-0.84380,0.07330,73.90,73.00,0.1423,9,73.85,1
591.3120,9329,0.07269,-0.75919,0.31909,70.21,70.00,0.1165,8,72.36,1
591.3777,9330,0.03695,0.07885,0.11647,73.25,73.00,0.1378,3,72.36,1
591.4394,9331,0.04775,0.33157,0.12762,73.09,73.00,0.0000,2,72.36,0
591.5016,9332,0.10090,0.48081,0.27604,70.86,70.00,0.1210,6,72.36,1
591.5651,9333,0.07888,0.19080,0.15653,72.65,72.00,0.1336,3,75.03,1
591.6255,9334,0.08825,0.19251,0.15198,72.72,72.00,0.0000,2,75.03,0
591.6870,9335,-0.19158,-0.26113,-0.74806,101.18,80.00,0.0715,5,75.03,1
591.7520,9336,-0.21429,-0.52773,-0.66501,98.28,88.00,0.0802,4,75.32,1
591.8180,9337,-0.27051,-0.68982,-0.65667,97.98,96.00,0.0000,2,75.32,0
591.8825,9338,-0.32081,-0.78742,-0.65721,98.00,98.00,0.0000,2,75.32,0
591.9458,9339,-0.36494,-0.87308,-0.65673,97.99,97.00,0.0000,2,75.32,0
592.0070,9340,0.16895,-0.27035,0.82156,62.68,89.00,0.0637,8,75.32,1
592.0673,9341,0.24283,-0.21157,0.81377,62.79,81.00,0.0000,2,75.32,0
592.1255,9342,0.30732,-0.16025,0.80838,62.87,73.00,0.0000,1,75.32,0
592.1853,9343,0.11685,0.33889,0.19267,72.11,72.00,0.1298,5,75.32,1
592.2464,9344,0.12707,0.48232,0.18996,72.15,72.00,0.0000,0,75.32,0
592.3053,9345,0.13580,0.57102,0.18931,72.16,72.00,0.0000,1,75.32,0
592.3628,9346,0.14345,0.64877,0.18855,72.17,72.00,0.0000,0,75.32,0
592.4203,9347,0.15031,0.71845,0.18785,72.18,72.00,0.0000,0,75.32,0
592.4769,9348,0.15640,0.78035,0.18714,72.19,72.00,0.0000,0,75.32,0
592.5323,9349,0.16179,0.83506,0.18643,72.20,72.00,0.0000,0,75.32,0
592.5909,9350,0.16687,0.88677,0.18599,72.21,72.00,0.0000,0,75.32,0
592.6487,9351,0.17140,0.93273,0.18554,72.22,72.00,0.0000,0,75.32,0
592.7055,9352,0.17541,0.97350,0.18509,72.22,72.00,0.0000,0,75.32,0
592.7625,9353,0.17904,1.01040,0.18471,72.23,72.00,0.0000,0,75.32,0
592.8184,9354,0.18222,1.04275,0.18429,72.24,72.00,0.0000,0,75.32,0
592.8737,9355,0.18508,1.07183,0.18391,72.24,72.00,0.0000,1,75.32,0
592.9296,9356,0.18763,1.09767,0.18354,72.25,72.00,0.0000,0,75.32,0
592.9861,9357,0.19002,1.12200,0.18329,72.25,72.00,0.0000,0,75.32,0
593.0424,9358,0.19213,1.14344,0.18303,72.25,72.00,0.0000,0,75.32,0
593.1010,9359,0.19411,1.16352,0.18287,72.26,72.00,0.0000,0,75.32,0
593.1574,9360,0.19582,1.18098,0.18267,72.26,72.00,0.0000,0,75.32,0
593.2198,9361,0.19751,1.19807,0.18260,72.26,72.00,0.0000,0,75.32,0
593.2852,9362,0.19912,1.21449,0.18263,72.26,72.00,0.0000,0,75.32,0
593.3462,9363,0.20048,1.22831,0.18258,72.26,72.00,0.0000,0,75.32,0
593.4052,9364,0.20166,1.24028,0.18249,72.26,72.00,0.0000,0,75.32,0
593.4655,9365,0.20274,1.25126,0.18243,72.26,72.00,0.0000,0,75.32,0
593.5248,9366,0.20370,1.26101,0.18236,72.26,72.00,0.0000,0,75.32,0
593.5831,9367,0.20455,1.26963,0.18229,72.27,72.00,0.0000,0,75.32,0
593.6405,9368,0.20530,1.27727,0.18221,72.27,72.00,0.0000,0,75.32,0
593.6957,9369,0.00000,0.00000,0.00000,75.00,75.00,0.0000,0,75.32,0
593.7490,9370,0.00000,0.00000,0.00000,75.00,75.00,0.0000,0,75.32,0
593.8075,9371,0.00000,0.00000,0.00000,75.00,75.00,0.0000,0,75.32,0
593.8688,9372,0.44044,0.18438,0.40280,68.96,68.00,0.1077,7,75.32,1
593.9288,9373,0.44224,0.18514,0.39319,69.10,69.00,0.0000,1,75.32,0
593.9925,9374,0.12909,-0.02359,-0.50169,92.56,77.00,0.0973,12,75.32,1
594.0629,9375,0.00000,-0.17824,-0.76173,101.66,85.00,0.0700,18,75.32,1
594.1250,9376,-0.05820,-0.06240,-0.71587,100.06,93.00,0.0748,14,75.32,1
594.1882,9377,-0.13474,-0.07852,-0.71626,100.07,100.00,0.0000,2,75.32,0
594.2536,9378,-0.07246,0.39406,-0.34132,86.95,92.00,0.1142,8,75.32,1
594.3168,9379,-0.10437,0.51430,-0.33916,86.87,86.00,0.0000,2,75.32,0
594.3867,9380,-0.06104,0.30990,-0.14435,80.05,80.00,0.1348,7,71.13,1
594.4493,9381,-0.04538,0.33966,-0.07424,77.60,77.00,0.1422,13,69.56,1
594.5153,9382,0.06367,-0.11291,0.29220,70.62,70.00,0.1193,14,67.98,1
594.5844,9383,0.02544,0.00258,0.08816,73.68,73.00,0.1407,9,67.98,1
594.6460,9384,-0.10304,-0.30378,-0.37470,88.11,81.00,0.1107,12,69.46,1
594.7100,9385,-0.07555,0.21633,-0.19514,81.83,81.00,0.1295,7,67.86,1
594.7717,9386,0.00000,-0.29789,0.09974,73.50,73.00,0.1395,4,67.86,1
594.8361,9387,-0.05328,0.23948,-0.11360,78.98,78.00,0.1381,3,67.86,1
594.9071,9388,-0.06135,0.33974,-0.10862,78.80,78.00,0.0000,2,67.86,0
594.9719,9389,-0.29837,0.04753,-0.84732,104.66,86.00,0.0610,3,67.86,1
595.0334,9390,-0.25843,0.14865,-0.57335,95.07,94.00,0.0898,5,67.86,1
595.0943,9391,-0.23179,-0.01551,-0.39935,88.98,88.00,0.1081,4,67.86,1
595.1558,9392,-0.07910,-0.41716,0.17087,72.44,80.00,0.1321,7,67.86,1
595.2160,9393,0.03994,-0.46653,0.51050,67.34,72.00,0.0964,5,67.86,1
595.2720,9394,0.09043,-0.57055,0.52284,67.16,67.00,0.0000,1,67.86,0
595.3276,9395,0.03473,-0.68531,0.23101,71.53,71.00,0.1257,3,67.86,1
595.3840,9396,0.05532,-0.77783,0.22789,71.58,71.00,0.0000,1,67.86,0
595.4406,9397,0.07394,-0.86147,0.22577,71.61,71.00,0.0000,0,67.86,0
595.4947,9398,0.08992,-0.93329,0.22320,71.65,71.00,0.0000,0,67.86,0
595.5516,9399,-0.20746,-1.00010,-0.60934,96.33,79.00,0.0860,3,67.86,1
595.6058,9400,-0.25008,-1.06553,-0.59887,95.96,87.00,0.0000,0,67.86,0
595.6608,9401,-0.28864,-1.12473,-0.59340,95.77,95.00,0.0000,0,67.86,0
595.7178,9402,-0.32434,-1.17954,-0.58932,95.63,95.00,0.0000,0,67.86,0
595.7760,9403,-0.35721,-1.23001,-0.58629,95.52,95.00,0.0000,0,67.86,0
595.8335,9404,-0.38677,-1.27539,-0.58354,95.42,95.00,0.0000,0,67.86,0
595.8927,9405,-0.41395,-1.31712,-0.58156,95.35,95.00,0.0000,0,67.86,0
595.9478,9406,-0.43666,-1.35199,-0.57828,95.24,95.00,0.0000,1,67.86,0
596.0047,9407,-0.45782,-1.38448,-0.57594,95.16,95.00,0.0000,1,67.86,0
596.0636,9408,-0.47730,-1.41438,-0.57421,95.10,95.00,0.0000,0,67.86,0
596.1243,9409,-0.49557,-1.44244,-0.57329,95.07,95.00,0.0000,1,67.86,0
596.1845,9410,-0.51194,-1.46758,-0.57240,95.03,95.00,0.0000,2,67.86,0
596.2440,9411,-0.52646,-1.48986,-0.57141,95.00,94.00,0.0000,1,67.86,0
596.3041,9412,-0.53973,-1.50000,-0.57068,94.97,94.00,0.0000,2,67.86,0
596.3643,9413,-0.55161,-1.50000,-0.56999,94.95,94.00,0.0000,2,67.86,0
596.4231,9414,-0.56209,-1.50000,-0.56918,94.92,94.00,0.0000,1,67.86,0
596.4841,9415,-0.57182,-1.50000,-0.56871,94.90,94.00,0.0000,2,67.86,0
596.5439,9416,0.00000,-0.98919,0.31161,70.33,86.00,0.1173,3,67.86,1
596.6046,9417,0.00000,-0.96253,0.28045,70.79,78.00,0.0000,0,67.86,0
596.6688,9418,0.05221,-0.93736,0.29709,70.54,70.00,0.0000,1,67.86,0
596.7375,9419,0.08384,-0.91294,0.29893,70.52,70.00,0.0000,0,67.86,0
596.8057,9420,0.11198,-0.89122,0.30030,70.50,70.00,0.0000,0,67.86,0
596.8662,9421,0.13444,-0.87389,0.29908,70.51,70.00,0.0000,1,67.86,0
596.9232,9422,0.15351,-0.85917,0.29700,70.54,70.00,0.0000,0,67.86,0
596.9805,9423,0.17077,-0.84584,0.29522,70.57,70.00,0.0000,1,67.86,0
597.0392,9424,0.18672,-0.83353,0.29397,70.59,70.00,0.0000,0,67.86,0
597.0955,9425,0.20037,-0.82299,0.29224,70.62,70.00,0.0000,1,67.86,0
597.1543,9426,0.21328,-0.81303,0.29122,70.63,70.00,0.0000,1,67.86,0
597.2126,9427,0.22482,-0.80412,0.29023,70.65,70.00,0.0000,0,67.86,0
597.2742,9428,0.23582,-0.79563,0.28987,70.65,70.00,0.0000,1,67.86,0
597.3409,9429,0.24647,-0.78741,0.29018,70.65,70.00,0.0000,2,67.86,0
597.3995,9430,0.25484,-0.78095,0.28943,70.66,70.00,0.0000,0,67.86,0
597.4575,9431,0.26245,-0.77508,0.28881,70.67,70.00,0.0000,0,67.86,0
597.5140,9432,0.26904,-0.76999,0.28804,70.68,70.00,0.0000,0,67.86,0
597.5705,9433,-0.35085,-0.25924,-0.66119,98.14,78.00,0.0806,3,67.86,1
597.6266,9434,-0.38707,-0.22059,-0.64972,97.74,86.00,0.0000,2,67.86,0
597.6825,9435,-0.35623,-0.25529,-0.50266,92.59,92.00,0.0972,8,69.58,1
597.7413,9436,-0.26558,-0.21233,-0.14464,80.06,84.00,0.1348,7,69.58,1
597.7967,9437,-0.12210,-0.57509,0.35507,69.67,76.00,0.1127,7,76.92,1
597.8540,9438,-0.10595,-0.30486,0.27179,70.92,70.00,0.1215,7,77.96,1
597.9098,9439,-0.14921,0.08006,0.00110,74.98,74.00,0.1499,7,77.96,1
597.9677,9440,-0.17789,0.41437,-0.14882,80.21,80.00,0.1344,5,77.96,1
598.0235,9441,-0.17509,0.59540,-0.12905,79.52,79.00,0.0000,0,77.96,0
598.0802,9442,-0.17253,0.68050,-0.12540,79.39,79.00,0.0000,0,77.96,0
598.1385,9443,-0.17017,0.75927,-0.12561,79.40,79.00,0.0000,0,77.96,0
598.1966,9444,-0.16805,0.82979,-0.12580,79.40,79.00,0.0000,1,77.96,0
598.2533,9445,-0.16618,0.89209,-0.12600,79.41,79.00,0.0000,0,77.96,0
598.3109,9446,-0.16448,0.94870,-0.12617,79.42,79.00,0.0000,0,77.96,0
598.3696,9447,-0.16292,1.00070,-0.12630,79.42,79.00,0.0000,0,77.96,0
598.4267,9448,-0.16155,1.04630,-0.12645,79.43,79.00,0.0000,0,77.96,0
598.4832,9449,-0.16035,1.08651,-0.12660,79.43,79.00,0.0000,0,77.96,0
598.5418,9450,-0.15921,1.12440,-0.12669,79.43,79.00,0.0000,0,77.96,0
598.6008,9451,-0.15817,1.15890,-0.12676,79.44,79.00,0.0000,2,77.96,0
598.6598,9452,-0.15726,1.18919,-0.12685,79.44,79.00,0.0000,0,77.96,0
598.7178,9453,-0.15644,1.21669,-0.12692,79.44,79.00,0.0000,0,77.96,0
598.7734,9454,-0.15573,1.24048,-0.12701,79.45,79.00,0.0000,0,77.96,0
598.8285,9455,-0.15509,1.26148,-0.12710,79.45,79.00,0.0000,0,77.96,0
598.8863,9456,-0.15450,1.28134,-0.12715,79.45,79.00,0.0000,0,77.96,0
598.9423,9457,-0.15398,1.29867,-0.12722,79.45,79.00,0.0000,0,77.96,0
598.9996,9458,-0.15350,1.31458,-0.12727,79.45,79.00,0.0000,0,77.96,0
599.0557,9459,-0.15308,1.32855,-0.12732,79.46,79.00,0.0000,0,77.96,0
599.1126,9460,-0.15270,1.34135,-0.12736,79.46,79.00,0.0000,1,77.96,0
599.1720,9461,-0.15234,1.35339,-0.12739,79.46,79.00,0.0000,0,77.96,0
599.2317,9462,-0.15201,1.36417,-0.12741,79.46,79.00,0.0000,2,77.96,0
599.2890,9463,-0.15173,1.37369,-0.12744,79.46,79.00,0.0000,1,77.96,0
599.3487,9464,-0.15146,1.38246,-0.12746,79.46,79.00,0.0000,1,77.96,0
599.4083,9465,-0.15122,1.39044,-0.12747,79.46,79.00,0.0000,2,77.96,0
599.4689,9466,0.00000,0.00000,0.00000,75.00,75.00,0.0000,0,77.96,0
599.5265,9467,0.00000,0.00000,0.00000,75.00,75.00,0.0000,0,77.96,0
599.5841,9468,0.00000,0.00000,0.00000,75.00,75.00,0.0000,0,77.96,0
599.6409,9469,0.00000,0.00000,0.00000,75.00,75.00,0.0000,0,77.96,0
599.7001,9470,0.00000,0.00000,0.00000,75.00,75.00,0.0000,0,77.96,0
599.7591,9471,0.00000,0.00000,0.00000,75.00,75.00,0.0000,0,77.96,0
599.8204,9472,0.00000,0.00000,0.00000,75.00,75.00,0.0000,0,77.96,0
599.8803,9473,0.00000,0.00000,0.00000,75.00,75.00,0.0000,0,77.96,0
599.9404,9474,0.00000,0.00000,0.00000,75.00,75.00,0.0000,0,77.96,0
600.0006,9475,0.00000,0.00000,0.00000,75.00,75.00,0.0000,0,77.96,0
600.0641,9476,0.00000,0.00000,0.00000,75.00,75.00,0.0000,0,77.96,0
600.1353,9477,0.00000,0.00000,0.00000,75.00,75.00,0.0000,0,77.96,0
600.1989,9478,0.00000,0.00000,0.00000,75.00,75.00,0.0000,1,77.96,0
600.2637,9479,0.00000,0.00000,0.00000,75.00,75.00,0.0000,2,77.96,0
600.3287,9480,0.22992,0.05141,0.21153,71.83,71.00,0.1278,5,78.27,1
600.3937,9481,0.13005,0.50496,-0.01759,75.62,75.00,0.1482,8,78.74,1
600.4582,9482,0.04836,0.29435,-0.26853,84.40,83.00,0.1218,5,81.81,1
600.5303,9483,0.04616,0.29866,-0.14952,80.23,80.00,0.1343,5,82.78,1
600.5937,9484,-0.06522,0.65197,-0.49994,92.50,88.00,0.0975,5,80.10,1
600.6583,9485,0.02270,0.88069,-0.04248,76.49,80.00,0.1455,3,78.04,1
600.7248,9486,0.00000,1.03949,-0.06454,77.26,77.00,0.0000,2,81.94,0
600.7972,9487,0.00000,1.14781,-0.05809,77.03,77.00,0.0000,1,81.94,0
600.8607,9488,0.00000,1.23379,-0.05228,76.83,76.00,0.0000,0,81.94,0
600.9242,9489,0.04043,-0.03807,0.06605,74.01,74.00,0.1431,3,81.94,1
600.9891,9490,0.00000,-0.28711,-0.03786,76.33,76.00,0.1460,3,81.94,1
601.0573,9491,-0.05878,-0.45513,-0.23224,83.13,83.00,0.1256,4,81.94,1
601.1193,9492,-0.15880,-0.36591,-0.52054,93.22,91.00,0.0953,5,81.94,1
601.1845,9493,-0.26911,-0.28056,-0.79149,102.70,99.00,0.0669,4,81.94,1
601.2528,9494,-0.30180,0.29654,-0.73432,100.70,100.00,0.0729,4,81.94,1
601.3155,9495,-0.38939,0.42750,-0.90973,106.84,106.00,0.0545,4,81.94,1
601.3757,9496,-0.45488,0.15498,-0.99036,109.66,109.00,0.0460,3,81.94,1
601.4407,9497,-0.52108,0.17210,-0.96736,108.86,108.00,0.0000,0,81.94,0
601.5165,9498,-0.59187,0.19041,-0.96387,108.74,108.00,0.0000,0,81.94,0
601.5837,9499,-0.08433,-0.26025,0.58650,66.20,100.00,0.0884,3,81.94,1
601.6501,9500,0.00000,-0.36014,0.59460,66.08,92.00,0.0000,2,81.94,0
601.7126,9501,0.10464,0.51210,0.76549,63.52,84.00,0.0696,3,81.94,1
601.7779,9502,0.18497,0.65236,0.76455,63.53,76.00,0.0000,1,81.94,0
601.8377,9503,0.25100,0.74222,0.76045,63.59,68.00,0.0000,1,81.94,0
601.8979,9504,0.31066,0.82341,0.75696,63.65,63.00,0.0000,2,81.94,0
601.9561,9505,0.36225,0.89362,0.75202,63.72,63.00,0.0000,1,81.94,0
602.0205,9506,0.41429,0.96444,0.75237,63.71,63.00,0.0000,0,81.94,0
602.0837,9507,0.45950,1.02597,0.75130,63.73,63.00,0.0000,0,81.94,0
602.1416,9508,0.49772,1.07798,0.74821,63.78,63.00,0.0000,0,81.94,0
602.2006,9509,0.53213,1.12481,0.74545,63.82,63.00,0.0000,0,81.94,0
602.2590,9510,0.56309,1.16695,0.74296,63.86,63.00,0.0000,0,81.94,0
602.3163,9511,0.59013,1.20375,0.74001,63.90,63.00,0.0000,0,81.94,0
602.3758,9512,0.61531,1.23800,0.73808,63.93,63.00,0.0000,0,81.94,0
602.4365,9513,0.63885,1.27005,0.73709,63.94,63.00,0.0000,0,81.94,0
602.4971,9514,0.65988,1.29867,0.73607,63.96,63.00,0.0000,0,81.94,0
602.5557,9515,0.67809,1.32344,0.73453,63.98,63.00,0.0000,0,81.94,0
602.6241,9516,0.69705,1.34925,0.73536,63.97,63.00,0.0000,0,81.94,0
602.6850,9517,0.71256,1.37036,0.73477,63.98,63.00,0.0000,0,81.94,0
602.7454,9518,0.72624,1.38898,0.73400,63.99,63.00,0.0000,0,81.94,0
602.8050,9519,0.73847,1.40562,0.73323,64.00,64.00,0.0000,0,81.94,0
602.8646,9520,0.74940,1.42050,0.73248,64.01,64.00,0.0000,0,81.94,0
602.9260,9521,0.75962,1.43440,0.73212,64.02,64.00,0.0000,0,81.94,0
602.9880,9522,0.76874,1.44682,0.73174,64.02,64.00,0.0000,0,81.94,0
603.0492,9523,0.77701,1.45806,0.73145,64.03,64.00,0.0000,0,81.94,0
603.1109,9524,0.78443,1.46817,0.73117,64.03,64.00,0.0000,0,81.94,0
603.1772,9525,-0.15804,1.00235,-0.55169,94.31,72.00,0.0921,9,81.94,1
603.2492,9526,-0.21248,0.98186,-0.55328,94.36,80.00,0.0000,0,81.94,0
603.3127,9527,-0.25553,0.96566,-0.55300,94.35,88.00,0.0000,0,81.94,0
603.3761,9528,-0.29361,0.95133,-0.55216,94.33,94.00,0.0000,0,81.94,0
603.4406,9529,-0.32895,0.93803,-0.55234,94.33,94.00,0.0000,0,81.94,0
603.5088,9530,-0.32046,-0.52884,-0.48674,92.04,92.00,0.0989,6,81.94,1
603.5839,9531,-0.29995,-0.84605,-0.38292,88.40,88.00,0.1098,6,81.94,1
603.6458,9532,-0.28548,-0.72696,-0.31322,85.96,85.00,0.1171,3,81.94,1
603.7074,9533,-0.28477,-0.67631,-0.30346,85.62,85.00,0.1181,5,81.94,1
603.7671,9534,-0.27950,-0.62667,-0.28173,84.86,84.00,0.1204,3,81.94,1
603.8312,9535,-0.27408,-0.44480,-0.26643,84.32,84.00,0.1220,3,81.94,1
603.8902,9536,-0.26829,-0.29490,-0.25447,83.91,83.00,0.1233,4,81.94,1
603.9510,9537,-0.26588,-0.23977,-0.23276,83.15,83.00,0.0000,2,81.94,0
604.0101,9538,-0.27006,-0.27449,-0.25709,84.00,83.00,0.1230,4,81.94,1
604.0683,9539,-0.26956,-0.24769,-0.23609,83.26,83.00,0.0000,2,81.94,0
604.1266,9540,-0.26910,-0.22354,-0.22653,82.93,82.00,0.0000,1,81.94,0
604.1845,9541,-0.26870,-0.20200,-0.22656,82.93,82.00,0.0000,1,81.94,0
604.2441,9542,-0.26833,-0.18219,-0.22659,82.93,82.00,0.0000,0,81.94,0
604.3019,9543,-0.26800,-0.16475,-0.22662,82.93,82.00,0.0000,0,81.94,0
604.3604,9544,-0.26771,-0.14887,-0.22665,82.93,82.00,0.0000,1,81.94,0
604.4177,9545,-0.26744,-0.13490,-0.22667,82.93,82.00,0.0000,0,81.94,0
604.4730,9546,-0.26722,-0.12274,-0.22670,82.93,82.00,0.0000,0,81.94,0
604.5316,9547,-0.26700,-0.11122,-0.22672,82.94,82.00,0.0000,0,81.94,0
604.5886,9548,-0.26681,-0.10107,-0.22674,82.94,82.00,0.0000,0,81.94,0
604.6448,9549,-0.26664,-0.09212,-0.22676,82.94,82.00,0.0000,1,81.94,0
604.6995,9550,-0.26649,-0.08422,-0.22679,82.94,82.00,0.0000,0,81.94,0
604.7561,9551,-0.26636,-0.07692,-0.22680,82.94,82.00,0.0000,1,81.94,0
604.8129,9552,-0.26623,-0.07030,-0.22682,82.94,82.00,0.0000,0,81.94,0
604.8706,9553,-0.26612,-0.06428,-0.22683,82.94,82.00,0.0000,0,81.94,0
604.9278,9554,-0.26602,-0.05882,-0.22684,82.94,82.00,0.0000,0,81.94,0
604.9848,9555,-0.26593,-0.05399,-0.22685,82.94,82.00,0.0000,1,81.94,0
605.0442,9556,-0.26584,-0.04946,-0.22685,82.94,82.00,0.0000,1,81.94,0
605.1030,9557,-0.26577,-0.04539,-0.22686,82.94,82.00,0.0000,0,81.94,0
605.1610,9558,-0.26570,-0.04180,-0.22686,82.94,82.00,0.0000,2,81.94,0
605.2188,9559,-0.26564,-0.03860,-0.22687,82.94,82.00,0.0000,1,81.94,0
605.2778,9560,-0.26558,-0.03564,-0.22688,82.94,82.00,0.0000,0,81.94,0
605.3361,9561,-0.26554,-0.03300,-0.22688,82.94,82.00,0.0000,0,81.94,0
605.3951,9562,-0.26549,-0.03060,-0.22688,82.94,82.00,0.0000,1,81.94,0
605.4532,9563,-0.26545,-0.02847,-0.22689,82.94,82.00,0.0000,0,81.94,0
605.5115,9564,0.00000,0.00000,0.00000,75.00,75.00,0.0000,0,81.94,0
605.5694,9565,0.00000,0.00000,0.00000,75.00,75.00,0.0000,0,81.94,0
605.6277,9566,0.00000,0.00000,0.00000,75.00,75.00,0.0000,0,81.94,0
605.6855,9567,0.00000,0.00000,0.00000,75.00,75.00,0.0000,0,81.94,0
605.7442,9568,0.00000,0.00000,0.00000,75.00,75.00,0.0000,0,81.94,0
605.8002,9569,0.00000,0.00000,0.00000,75.00,75.00,0.0000,0,81.94,0
605.8561,9570,0.00000,0.00000,0.00000,75.00,75.00,0.0000,0,81.94,0
605.9142,9571,0.00000,0.00000,0.00000,75.00,75.00,0.0000,0,81.94,0
605.9714,9572,0.00000,0.00000,0.00000,75.00,75.00,0.0000,0,81.94,0
606.0295,9573,0.00000,0.00000,0.00000,75.00,75.00,0.0000,0,81.94,0
606.0858,9574,0.00000,0.00000,0.00000,75.00,75.00,0.0000,0,81.94,0
606.1485,9575,0.00000,0.00000,0.00000,75.00,75.00,0.0000,0,81.94,0
606.2102,9576,0.00000,0.00000,0.00000,75.00,75.00,0.0000,0,81.94,0
606.2695,9577,0.00000,0.00000,0.00000,75.00,75.00,0.0000,0,81.94,0
606.3312,9578,0.00000,0.00000,0.00000,75.00,75.00,0.0000,1,81.94,0
606.3912,9579,0.00000,0.00000,0.00000,75.00,75.00,0.0000,0,81.94,0
606.4513,9580,0.00000,0.00000,0.00000,75.00,75.00,0.0000,0,81.94,0
606.5122,9581,0.00000,0.00000,0.00000,75.00,75.00,0.0000,0,81.94,0
606.5730,9582,0.00000,0.00000,0.00000,75.00,75.00,0.0000,1,81.94,0
606.6357,9583,0.00000,0.00000,0.00000,75.00,75.00,0.0000,0,81.94,0
606.6956,9584,0.00000,0.00000,0.00000,75.00,75.00,0.0000,0,81.94,0
606.7566,9585,0.00000,0.00000,0.00000,75.00,75.00,0.0000,1,81.94,0
606.8212,9586,0.00000,0.00000,0.00000,75.00,75.00,0.0000,0,81.94,0
606.8837,9587,0.00000,0.00000,0.00000,75.00,75.00,0.0000,0,81.94,0
606.9448,9588,0.00000,0.00000,0.00000,75.00,75.00,0.0000,2,81.94,0
607.0062,9589,0.12910,-0.15185,0.11821,73.23,73.00,0.1376,4,81.94,1
607.0688,9590,0.00000,-0.28061,-0.16549,80.79,80.00,0.1326,7,81.35,1
607.1367,9591,0.05854,-0.64239,0.09350,73.60,73.00,0.1402,6,82.71,1
607.1979,9592,0.08996,0.09601,0.20549,71.92,71.00,0.1284,3,82.71,1
607.2602,9593,0.00000,-0.35906,-0.20211,82.07,79.00,0.1288,5,82.71,1
607.3221,9594,-0.03187,-0.39683,-0.21481,82.52,82.00,0.0000,2,82.71,0
607.3850,9595,0.00000,-0.79191,-0.03063,76.07,76.00,0.1468,4,82.71,1
607.4482,9596,0.00000,-0.92498,-0.02757,75.96,75.00,0.0000,1,82.71,0
607.5119,9597,0.02663,-1.00738,0.04154,74.38,74.00,0.1456,3,82.71,1
607.5784,9598,0.03691,-0.73416,0.06925,73.96,73.00,0.1427,4,82.71,1
607.6503,9599,0.04165,-0.73048,0.06820,73.98,73.00,0.0000,2,82.71,0
607.7173,9600,0.13840,0.06129,0.35800,69.63,69.00,0.1124,3,88.44,1
607.7837,9601,0.14894,0.30721,0.32999,70.05,70.00,0.1154,6,84.90,1
607.8461,9602,-0.05165,0.38002,-0.38513,88.48,78.00,0.1096,7,82.91,1
607.9105,9603,-0.09236,0.55657,-0.39100,88.69,86.00,0.0000,2,82.91,0
607.9724,9604,-0.12739,0.64923,-0.38980,88.64,88.00,0.0000,0,82.91,0
608.0394,9605,-0.16174,0.74008,-0.39113,88.69,88.00,0.0000,1,82.91,0
608.1124,9606,-0.19521,0.82859,-0.39451,88.81,88.00,0.0000,2,82.91,0
608.1785,9607,-0.22195,0.89932,-0.39466,88.81,88.00,0.0000,0,82.91,0
608.2400,9608,-0.24547,0.96150,-0.39432,88.80,88.00,0.0000,0,82.91,0
608.3058,9609,-0.26743,1.01959,-0.39470,88.81,88.00,0.0000,0,82.91,0
608.3681,9610,-0.28625,1.06936,-0.39423,88.80,88.00,0.0000,1,82.91,0
608.4278,9611,-0.30248,1.11230,-0.39321,88.76,88.00,0.0000,0,82.91,0
608.4903,9612,0.03914,0.15976,0.25400,71.19,80.00,0.1233,19,82.91,1
608.5512,9613,0.14965,0.00059,0.49373,67.59,72.00,0.0982,21,82.91,1
608.6144,9614,0.19999,0.43333,0.56265,66.56,66.00,0.0909,7,82.91,1
608.6776,9615,0.16343,0.00605,0.31355,70.30,70.00,0.1171,7,82.91,1
608.7381,9616,0.13842,-0.13778,0.17553,72.37,72.00,0.1316,14,82.91,1
608.7983,9617,0.04730,0.17040,-0.16397,80.74,80.00,0.1328,11,82.91,1
608.8584,9618,-0.07227,0.55971,-0.52438,93.35,88.00,0.0949,7,82.91,1
608.9183,9619,-0.15308,0.23906,-0.67293,98.55,96.00,0.0793,13,82.91,1
608.9798,9620,-0.21545,0.23587,-0.68257,98.89,98.00,0.0000,0,82.91,0
609.0372,9621,-0.26738,0.23321,-0.67721,98.70,98.00,0.0000,0,82.91,0
609.0954,9622,-0.31462,0.23079,-0.67281,98.55,98.00,0.0000,0,82.91,0
609.1520,9623,-0.10082,0.15513,-0.01210,75.42,90.00,0.1487,19,84.78,1
609.2103,9624,-0.09274,0.13829,-0.01076,75.38,82.00,0.0000,1,84.78,0
609.2702,9625,-0.10761,-0.02535,-0.06998,77.45,77.00,0.1427,4,89.90,1
609.3291,9626,-0.14998,-0.07504,-0.20844,82.30,82.00,0.1281,5,89.90,1
609.3931,9627,-0.10428,-0.22588,-0.03840,76.34,76.00,0.1460,9,89.90,1
609.4536,9628,0.00000,-0.19787,0.34231,69.87,69.00,0.1141,5,89.90,1
609.5137,9629,0.09455,0.31271,0.53635,66.95,66.00,0.0937,3,89.90,1
609.5716,9630,0.14349,0.42501,0.53797,66.93,66.00,0.0000,1,89.90,0
609.6303,9631,0.18775,0.51296,0.53434,66.98,66.00,0.0000,2,89.90,0
609.6864,9632,0.22586,0.58870,0.52960,67.06,67.00,0.0000,2,89.90,0
609.7472,9633,0.26269,0.66190,0.52751,67.09,67.00,0.0000,1,89.90,0
609.8075,9634,0.29576,0.72762,0.52555,67.12,67.00,0.0000,1,89.90,0
609.8688,9635,0.32649,0.78868,0.52461,67.13,67.00,0.0000,1,89.90,0
609.9313,9636,0.35431,0.84396,0.52392,67.14,67.00,0.0000,1,89.90,0
609.9933,9637,0.37927,0.89356,0.52322,67.15,67.00,0.0000,1,89.90,0
610.0569,9638,0.40190,0.93853,0.52273,67.16,67.00,0.0000,0,89.90,0
610.1213,9639,0.42307,0.98060,0.52298,67.16,67.00,0.0000,2,89.90,0
610.1931,9640,0.27069,0.26981,0.23472,71.48,71.00,0.1254,3,89.90,1
610.2560,9641,0.27025,0.22476,0.22778,71.58,71.00,0.0000,1,89.90,0
610.3200,9642,0.26983,0.18335,0.22779,71.58,71.00,0.0000,1,89.90,0
610.3834,9643,0.26946,0.14607,0.22779,71.58,71.00,0.0000,1,89.90,0
610.4460,9644,0.26914,0.11334,0.22780,71.58,71.00,0.0000,1,89.90,0
610.5042,9645,0.26886,0.08550,0.22782,71.58,71.00,0.0000,0,89.90,0
610.5649,9646,0.26860,0.05970,0.22783,71.58,71.00,0.0000,1,89.90,0
610.6245,9647,0.26838,0.03708,0.22785,71.58,71.00,0.0000,1,89.90,0
610.6839,9648,0.26817,0.01648,0.22786,71.58,71.00,0.0000,0,89.90,0
610.7443,9649,0.26799,-0.00197,0.22787,71.58,71.00,0.0000,1,89.90,0
610.8050,9650,0.26782,-0.01905,0.22788,71.58,71.00,0.0000,1,89.90,0
610.8675,9651,0.26766,-0.03473,0.22788,71.58,71.00,0.0000,0,89.90,0
610.9254,9652,0.26753,-0.04790,0.22789,71.58,71.00,0.0000,0,89.90,0
610.9838,9653,0.26741,-0.05977,0.22790,71.58,71.00,0.0000,0,89.90,0
611.0393,9654,0.26731,-0.06995,0.22792,71.58,71.00,0.0000,1,89.90,0
611.0949,9655,0.26722,-0.07904,0.22793,71.58,71.00,0.0000,0,89.90,0
611.1516,9656,0.26714,-0.08749,0.22794,71.58,71.00,0.0000,0,89.90,0
611.2101,9657,0.26706,-0.09523,0.22795,71.58,71.00,0.0000,0,89.90,0
611.2699,9658,0.26699,-0.10246,0.22795,71.58,71.00,0.0000,0,89.90,0
611.3291,9659,0.26693,-0.10884,0.22796,71.58,71.00,0.0000,0,89.90,0
611.3879,9660,0.26687,-0.11457,0.22796,71.58,71.00,0.0000,0,89.90,0
611.4463,9661,0.26682,-0.11968,0.22796,71.58,71.00,0.0000,0,89.90,0
611.5049,9662,0.26677,-0.12428,0.22797,71.58,71.00,0.0000,0,89.90,0
611.5633,9663,0.26673,-0.12841,0.22797,71.58,71.00,0.0000,0,89.90,0
611.6206,9664,0.26669,-0.13209,0.22798,71.58,71.00,0.0000,0,89.90,0
611.6791,9665,0.26666,-0.13544,0.22798,71.58,71.00,0.0000,0,89.90,0
611.7373,9666,0.00000,0.00000,0.00000,75.00,75.00,0.0000,0,89.90,0
611.7949,9667,0.00000,0.00000,0.00000,75.00,75.00,0.0000,0,89.90,0
611.8523,9668,0.00000,0.00000,0.00000,75.00,75.00,0.0000,0,89.90,0
611.9086,9669,0.00000,0.00000,0.00000,75.00,75.00,0.0000,0,89.90,0
611.9670,9670,0.00000,0.00000,0.00000,75.00,75.00,0.0000,1,89.90,0
612.0246,9671,0.00000,0.00000,0.00000,75.00,75.00,0.0000,0,89.90,0
612.0837,9672,0.00000,0.00000,0.00000,75.00,75.00,0.0000,0,89.90,0
612.1416,9673,0.00000,0.00000,0.00000,75.00,75.00,0.0000,2,89.90,0
612.2004,9674,0.00000,0.00000,0.00000,75.00,75.00,0.0000,2,89.90,0
612.2598,9675,-0.18450,0.97098,-0.16861,80.90,80.00,0.1323,4,89.90,1
612.3166,9676,0.06924,0.58916,0.37755,69.34,72.00,0.1104,3,89.90,1
612.3753,9677,0.10352,0.53991,0.37735,69.34,69.00,0.0000,1,89.90,0
612.4332,9678,0.13402,0.49610,0.37458,69.38,69.00,0.0000,2,89.90,0
612.4944,9679,0.16287,0.45467,0.37329,69.40,69.00,0.0000,2,89.90,0
612.5534,9680,0.18794,0.41866,0.37136,69.43,69.00,0.0000,1,89.90,0
612.6176,9681,0.21243,0.38347,0.37128,69.43,69.00,0.0000,0,89.90,0
612.6857,9682,0.18546,0.01540,0.27667,70.85,70.00,0.1209,3,89.90,1
612.7457,9683,0.19792,-0.07007,0.27147,70.93,70.00,0.0000,1,89.90,0
612.8087,9684,0.20951,-0.14957,0.27119,70.93,70.00,0.0000,2,89.90,0
612.8690,9685,0.21965,-0.21913,0.27068,70.94,70.00,0.0000,2,89.90,0
612.9313,9686,0.04116,-0.02213,-0.18861,81.60,78.00,0.1302,3,89.90,1
612.9937,9687,-0.03688,0.25571,-0.35921,87.57,86.00,0.1123,3,89.90,1
613.0558,9688,-0.06118,0.42696,-0.35219,87.33,87.00,0.1130,6,89.90,1
613.1201,9689,-0.09641,0.51279,-0.35122,87.29,87.00,0.0000,2,89.90,0
613.1830,9690,0.04354,0.40441,0.17460,72.38,79.00,0.1317,3,89.90,1
613.2451,9691,0.02621,0.51883,0.08197,73.77,73.00,0.1414,5,89.90,1
613.3080,9692,-0.04704,0.50318,-0.18042,81.31,81.00,0.1311,6,89.90,1
613.3684,9693,-0.06271,0.53365,-0.18028,81.31,81.00,0.0000,1,89.90,0
613.4283,9694,-0.07658,0.56059,-0.17949,81.28,81.00,0.0000,2,89.90,0
613.4924,9695,-0.08972,0.58614,-0.17934,81.28,81.00,0.0000,1,89.90,0
613.5606,9696,-0.04259,0.71626,-0.03199,76.12,76.00,0.1466,3,89.90,1
613.6227,9697,-0.09726,0.89188,-0.19112,81.69,81.00,0.1299,3,89.90,1
613.6865,9698,-0.10938,0.96734,-0.18780,81.57,81.00,0.0000,1,89.90,0
613.7490,9699,-0.12011,1.03421,-0.18757,81.57,81.00,0.0000,2,89.90,0
613.8113,9700,-0.12966,1.09365,-0.18727,81.55,81.00,0.0000,2,89.90,0
613.8725,9701,-0.13820,1.14686,-0.18695,81.54,81.00,0.0000,0,89.90,0
613.9368,9702,-0.14618,1.19659,-0.18692,81.54,81.00,0.0000,2,89.90,0
614.0071,9703,-0.02972,0.85972,0.08877,73.67,73.00,0.1407,4,89.90,1
614.0848,9704,-0.04772,0.89073,0.00932,74.86,74.00,0.1490,5,89.90,1
614.1506,9705,-0.03355,0.94093,0.03871,74.42,74.00,0.1459,4,89.90,1
614.2153,9706,0.00000,0.77037,0.14103,72.88,72.00,0.1352,4,92.81,1
614.2793,9707,0.06168,0.75469,0.30558,70.42,70.00,0.1179,3,92.81,1
614.3447,9708,0.09206,0.71749,0.30762,70.39,70.00,0.0000,2,92.81,0
614.4041,9709,0.08814,0.49012,0.23834,71.42,71.00,0.1250,4,92.81,1
614.4640,9710,0.00000,0.45827,-0.08144,77.85,77.00,0.1414,4,92.81,1
614.5256,9711,0.03508,0.65345,0.05217,74.22,74.00,0.1445,3,92.81,1
614.5836,9712,0.05585,0.80914,0.11901,73.21,73.00,0.1375,3,92.81,1
614.6431,9713,0.07022,0.80378,0.15146,72.73,72.00,0.1341,4,92.81,1
614.7009,9714,0.08761,0.71883,0.19026,72.15,72.00,0.1300,3,92.81,1
614.7593,9715,0.07496,0.63381,0.11677,73.25,73.00,0.1377,6,92.81,1
614.8162,9716,0.09817,0.53419,0.18844,72.17,72.00,0.1302,4,92.81,1
614.8742,9717,0.09194,0.50020,0.14211,72.87,72.00,0.1351,3,92.81,1
614.9324,9718,0.02706,0.69287,-0.09988,78.50,78.00,0.1395,4,92.81,1
614.9923,9719,0.00000,0.84104,-0.16318,80.71,80.00,0.1329,3,92.81,1
615.0525,9720,-0.02222,0.90122,-0.17778,81.22,81.00,0.0000,1,92.81,0
615.1123,9721,0.00000,0.63236,-0.06769,77.37,77.00,0.1429,4,92.81,1
615.1727,9722,0.00000,0.60200,-0.06092,77.13,77.00,0.0000,1,92.81,0
615.2329,9723,-0.05468,0.44746,-0.19507,81.83,81.00,0.1295,5,92.81,1
615.2956,9724,-0.03115,0.65910,-0.08394,77.94,77.00,0.1412,3,92.81,1
615.3561,9725,-0.03725,0.66912,-0.08173,77.86,77.00,0.0000,2,92.81,0
615.4189,9726,0.00000,0.21438,0.07903,73.81,73.00,0.1417,6,92.81,1
615.4811,9727,0.03531,-0.45264,0.13926,72.91,72.00,0.1354,4,92.81,1
615.5416,9728,0.03729,-0.84043,0.11726,73.24,73.00,0.1377,5,92.81,1
615.6020,9729,0.09018,-0.25885,0.27696,70.85,70.00,0.1209,5,92.81,1
615.6617,9730,0.09665,0.27711,0.24564,71.32,71.00,0.1242,3,92.81,1
615.7220,9731,0.11396,0.40267,0.23908,71.41,71.00,0.0000,1,92.81,0
615.7825,9732,0.09467,0.41268,0.14138,72.88,72.00,0.1352,6,92.81,1
615.8430,9733,0.11377,0.48420,0.19058,72.14,72.00,0.1300,4,92.81,1
615.9041,9734,0.00000,0.76149,-0.17501,81.13,80.00,0.1316,4,92.81,1
615.9684,9735,0.09651,0.31268,0.17044,72.44,72.00,0.1321,3,92.81,1
616.0407,9736,0.08501,-0.18272,0.10609,73.41,73.00,0.1389,3,92.81,1
616.1057,9737,0.08791,-0.36026,0.09717,73.54,73.00,0.0000,1,92.81,0
616.1698,9738,0.00000,-0.02276,-0.21013,82.35,81.00,0.1279,6,92.81,1
616.2337,9739,0.00000,0.33764,-0.16073,80.63,80.00,0.1331,5,92.81,1
616.3008,9740,0.00000,0.50186,-0.03262,76.14,76.00,0.1466,4,92.81,1
616.3660,9741,0.06535,0.36667,0.14998,72.75,72.00,0.1343,3,92.81,1
616.4287,9742,0.00000,-0.23229,-0.07280,77.55,77.00,0.1424,4,92.81,1
616.4936,9743,0.02916,-0.16463,0.02253,74.66,74.00,0.1476,5,92.81,1
616.5556,9744,0.07086,0.01393,0.16968,72.45,72.00,0.1322,6,92.81,1
616.6203,9745,0.06806,0.27187,0.12949,73.06,73.00,0.1364,3,98.33,1
616.6911,9746,0.07646,0.35532,0.12472,73.13,73.00,0.0000,2,99.10,0
616.7519,9747,0.08183,0.77312,0.12822,73.08,73.00,0.1365,3,99.10,1
616.8154,9748,0.07168,0.74403,0.08251,73.76,73.00,0.1413,6,101.09,1
616.8847,9749,-0.06720,0.93124,-0.38044,88.32,81.00,0.1101,3,101.09,1
616.9502,9750,0.07012,0.31491,0.17967,72.30,73.00,0.1311,4,101.09,1
617.0178,9751,0.08327,0.22132,0.18984,72.15,72.00,0.1301,5,101.09,1
617.0888,9752,0.18227,-0.41556,0.49444,67.58,67.00,0.0981,4,101.09,1
617.1532,9753,0.15462,-0.22679,0.30630,70.41,70.00,0.1178,4,101.09,1
617.2179,9754,0.14775,-0.14485,0.23757,71.44,71.00,0.1251,6,101.09,1
617.2839,9755,0.17553,-0.17125,0.30792,70.38,70.00,0.1177,6,101.09,1
617.3555,9756,0.19332,-0.22506,0.28822,70.68,70.00,0.0000,2,101.09,0
617.4210,9757,0.08248,-0.53733,-0.09032,78.16,78.00,0.1405,5,101.09,1
617.4832,9758,0.08827,-0.47538,-0.02729,75.96,75.00,0.1471,4,101.09,1
617.5452,9759,0.09215,0.18064,0.01670,74.75,74.00,0.1482,4,101.09,1
617.6085,9760,0.12663,0.31059,0.15646,72.65,72.00,0.1336,6,101.09,1
617.6745,9761,0.11984,-0.21802,0.12370,73.14,73.00,0.1370,5,103.68,1
617.7454,9762,0.15288,-0.32493,0.23780,71.43,71.00,0.1250,5,103.68,1
617.8262,9763,0.09982,0.03700,0.02858,74.57,74.00,0.1470,6,103.68,1
617.8927,9764,0.07799,-0.03407,-0.02003,75.70,75.00,0.1479,7,103.68,1
617.9567,9765,0.11604,-0.06657,0.14299,72.86,72.00,0.1350,8,96.36,1
618.0190,9766,0.05344,-0.28907,-0.07587,77.66,77.00,0.1420,10,90.97,1
618.0832,9767,0.05426,-0.37876,-0.02784,75.97,75.00,0.1471,10,87.31,1
618.1501,9768,0.04932,-0.65671,-0.01224,75.43,75.00,0.1487,13,84.32,1
618.2236,9769,0.04690,-0.82379,0.00839,74.87,74.00,0.1491,10,81.04,1
618.2891,9770,0.00000,-0.73716,-0.08684,78.04,78.00,0.1409,7,75.88,1
618.3525,9771,0.07564,-0.38797,0.16063,72.59,72.00,0.1331,14,75.36,1
618.4207,9772,0.09364,-0.29720,0.20346,71.95,71.00,0.1286,16,74.89,1
618.4928,9773,0.11398,-0.00072,0.24522,71.32,71.00,0.1243,10,72.77,1
618.5597,9774,0.13488,0.18804,0.28453,70.73,70.00,0.1201,9,71.65,1
618.6237,9775,0.11741,0.15726,0.18866,72.17,72.00,0.1302,14,70.05,1
618.6896,9776,0.11054,0.08019,0.15327,72.70,72.00,0.1339,12,69.06,1
618.7524,9777,0.10653,0.01405,0.13747,72.94,72.00,0.1356,13,68.34,1
618.8179,9778,0.10425,-0.21526,0.13199,73.02,73.00,0.1361,13,68.13,1
618.8845,9779,0.09647,-0.45521,0.10938,73.36,73.00,0.1385,11,67.61,1
618.9551,9780,0.07017,-0.68288,0.02930,74.56,74.00,0.1469,14,67.16,1
619.0190,9781,0.07705,-0.50709,0.07920,73.81,73.00,0.1417,13,66.52,1
619.0874,9782,0.08174,-0.36377,0.11023,73.35,73.00,0.1384,13,66.08,1
619.1541,9783,0.08595,-0.26644,0.13159,73.03,73.00,0.1362,13,65.58,1
619.2239,9784,0.09352,-0.17708,0.15980,72.60,72.00,0.1332,13,65.15,1
619.2842,9785,0.09577,-0.14771,0.16422,72.54,72.00,0.1328,13,64.74,1
619.3466,9786,0.09686,-0.13246,0.16442,72.53,72.00,0.1327,13,64.36,1
619.4074,9787,0.09628,-0.11680,0.15977,72.60,72.00,0.1332,13,64.14,1
619.4705,9788,0.09293,-0.12702,0.14715,72.79,72.00,0.1345,14,63.85,1
619.5388,9789,0.09834,-0.13901,0.16870,72.47,72.00,0.1323,14,64.00,1
619.6105,9790,0.08465,-0.27848,0.11991,73.20,73.00,0.1374,15,63.69,1
619.6742,9791,0.08454,-0.24719,0.12928,73.06,73.00,0.1364,13,63.55,1
619.7356,9792,0.08436,-0.22397,0.13591,72.96,72.00,0.1357,13,63.42,1
619.7997,9793,0.08472,-0.20648,0.14327,72.85,72.00,0.1350,14,63.22,1
619.8711,9794,0.08336,-0.25778,0.14368,72.84,72.00,0.1349,13,63.19,1
619.9388,9795,0.06865,-0.26149,0.09819,73.53,73.00,0.1397,14,63.10,1
620.0062,9796,0.09740,0.01653,0.21199,71.82,71.00,0.1277,12,62.59,1
620.0712,9797,0.10192,-0.08998,0.21681,71.75,71.00,0.1272,10,61.53,1
620.1409,9798,0.09237,-0.42180,0.17319,72.40,72.00,0.1318,7,59.64,1
620.2015,9799,0.03571,-0.72896,-0.02096,75.73,75.00,0.1478,4,59.64,1
620.2637,9800,0.00000,-0.87765,-0.05976,77.09,77.00,0.0000,2,59.64,0
620.3323,9801,0.00000,-0.98086,-0.07169,77.51,77.00,0.0000,0,59.64,0
620.3916,9802,0.00000,-1.05961,-0.08113,77.84,77.00,0.0000,0,59.64,0
620.4509,9803,-0.02020,-1.13265,-0.10965,78.84,78.00,0.0000,1,59.64,0
620.5105,9804,-0.03034,-1.19781,-0.11024,78.86,78.00,0.0000,0,59.64,0
620.5697,9805,-0.03945,-1.25630,-0.10961,78.84,78.00,0.0000,1,59.64,0
620.6290,9806,-0.04761,-1.30873,-0.10901,78.82,78.00,0.0000,1,59.64,0
620.6905,9807,-0.05515,-1.35716,-0.10864,78.80,78.00,0.0000,0,59.64,0
620.7492,9808,-0.06175,-1.39958,-0.10815,78.79,78.00,0.0000,2,59.64,0
620.8089,9809,-0.06779,-1.43834,-0.10778,78.77,78.00,0.0000,1,59.64,0
620.8723,9810,-0.21765,0.75430,-0.37992,88.30,86.00,0.1101,5,59.64,1
620.9335,9811,-0.20985,0.22954,-0.33022,86.56,86.00,0.1153,5,59.64,1
620.9947,9812,-0.12491,-0.26478,-0.01730,75.61,78.00,0.1482,5,59.64,1
621.0564,9813,-0.08836,-0.35513,0.08181,73.77,73.00,0.1414,5,59.64,1
621.1151,9814,-0.04832,-0.15396,0.17634,72.35,72.00,0.1315,6,59.64,1
621.1721,9815,-0.10060,0.37319,-0.08321,77.91,77.00,0.1413,3,59.64,1
621.2326,9816,-0.11195,-0.08076,-0.13222,79.63,79.00,0.1361,3,64.57,1
621.2886,9817,-0.11365,-0.09944,-0.11222,78.93,78.00,0.0000,2,64.57,0
621.3523,9818,-0.12021,0.35586,-0.13213,79.62,79.00,0.1361,6,64.57,1
621.4221,9819,0.00000,0.32824,0.25419,71.19,71.00,0.1233,4,64.57,1
621.4832,9820,-0.02351,0.68109,0.11476,73.28,73.00,0.1380,3,68.92,1
621.5455,9821,0.00000,0.67925,0.19897,72.02,72.00,0.1291,6,68.92,1
621.6129,9822,0.05799,0.88855,0.29084,70.64,70.00,0.1195,4,68.92,1
621.6783,9823,0.15971,0.63105,0.56967,66.45,66.00,0.0902,8,68.92,1
621.7400,9824,0.02364,0.43563,-0.02454,75.86,74.00,0.1474,12,69.12,1
621.8086,9825,-0.07337,-0.02811,-0.34449,87.06,82.00,0.1138,5,69.12,1
621.8735,9826,-0.05971,0.04218,-0.21359,82.48,82.00,0.1276,8,67.71,1
621.9413,9827,-0.04521,0.10804,-0.11417,79.00,78.00,0.1380,7,64.64,1
622.0078,9828,-0.08736,-0.27035,-0.23731,83.31,83.00,0.1251,8,61.58,1
622.0681,9829,-0.06202,-0.31314,-0.10696,78.74,78.00,0.1388,11,60.89,1
622.1288,9830,-0.05909,-0.68191,-0.08417,77.95,77.00,0.1412,9,59.61,1
622.1886,9831,-0.08560,-0.27583,-0.17045,80.97,80.00,0.1321,6,56.45,1
622.2478,9832,-0.03512,-0.55574,0.03010,74.55,74.00,0.1468,13,58.45,1
622.3082,9833,0.00000,-0.33724,0.17188,72.42,72.00,0.1320,13,59.34,1
622.3722,9834,0.05982,-0.27138,0.28719,70.69,70.00,0.1198,12,59.82,1
622.4327,9835,0.08287,-0.19870,0.29870,70.52,70.00,0.1186,13,60.34,1
622.4936,9836,0.09202,-0.37636,0.26475,71.03,71.00,0.1222,13,61.96,1
622.5542,9837,0.08036,-0.47889,0.17120,72.43,72.00,0.1320,13,63.03,1
622.6149,9838,0.05464,-0.26913,0.05262,74.21,74.00,0.1445,12,64.39,1
622.6751,9839,0.00000,-0.31747,-0.11640,79.07,79.00,0.1378,12,65.50,1
622.7347,9840,-0.04104,0.24288,-0.25095,83.78,83.00,0.1237,11,66.75,1
622.7997,9841,-0.10064,0.51358,-0.39396,88.79,88.00,0.1086,11,68.12,1
622.8593,9842,-0.10695,0.54449,-0.33233,86.63,86.00,0.1151,12,68.91,1
622.9208,9843,-0.13741,0.55523,-0.37245,88.04,88.00,0.1109,13,69.98,1
622.9852,9844,-0.14849,0.38472,-0.33921,86.87,86.00,0.1144,12,70.49,1
623.0550,9845,-0.11907,0.57707,-0.17631,81.17,81.00,0.1315,12,71.11,1
623.1229,9846,-0.07522,0.17633,-0.01029,75.36,75.00,0.1489,17,73.11,1
623.1863,9847,-0.04224,0.16970,0.08015,73.80,73.00,0.1416,12,73.54,1
623.2482,9848,-0.06568,-0.01731,-0.04109,76.44,76.00,0.1457,19,74.88,1
623.3075,9849,-0.03975,0.02968,0.03790,74.43,74.00,0.1460,14,76.25,1
623.3717,9850,-0.03582,-0.10961,0.02240,74.66,74.00,0.1476,13,76.64,1
623.4339,9851,0.00000,-0.12431,0.10839,73.37,73.00,0.1386,16,78.00,1
623.5014,9852,-0.04383,-0.24817,-0.06942,77.43,77.00,0.1427,20,80.01,1
623.5686,9853,-0.02108,-0.37727,0.01076,74.84,74.00,0.1489,18,80.52,1
623.6310,9854,-0.02019,-0.46156,-0.00178,75.06,75.00,0.1498,17,81.08,1
623.6926,9855,0.00000,-0.25234,0.02234,74.66,74.00,0.1477,15,81.91,1
623.7564,9856,0.00000,-0.13357,0.03857,74.42,74.00,0.1460,18,82.59,1
623.8233,9857,0.00000,-0.28927,0.06921,73.96,73.00,0.1427,19,83.13,1
623.8887,9858,0.04203,-0.27437,0.13952,72.91,72.00,0.1354,19,83.73,1
623.9473,9859,0.04862,-0.32990,0.12815,73.08,73.00,0.1365,20,83.54,1
624.0077,9860,0.04062,-0.47816,0.07020,73.95,73.00,0.1426,17,82.40,1
624.0693,9861,0.04087,-0.50080,0.05540,74.17,74.00,0.1442,20,82.36,1
624.1338,9862,0.00000,-0.43216,-0.07533,77.64,77.00,0.1421,21,80.92,1
624.2015,9863,0.00000,-0.33952,-0.09857,78.45,78.00,0.1397,22,80.98,1
624.2657,9864,-0.02269,-0.22829,-0.13600,79.76,79.00,0.1357,22,76.93,1
624.3284,9865,0.00000,-0.10857,-0.07800,77.73,77.00,0.1418,20,73.71,1
624.3919,9866,0.00000,-0.08561,-0.03180,76.11,76.00,0.1467,20,72.06,1
624.4606,9867,0.00000,-0.00937,-0.01940,75.68,75.00,0.1480,19,70.12,1
624.5223,9868,0.00000,-0.02144,-0.05119,76.79,76.00,0.1446,20,68.02,1
624.5854,9869,0.00000,0.05874,-0.05198,76.82,76.00,0.1445,20,66.80,1
624.6473,9870,-0.02836,0.03116,-0.08947,78.13,78.00,0.1406,20,65.14,1
624.7078,9871,0.00000,-0.06563,0.00915,74.86,74.00,0.1490,19,65.26,1
624.7743,9872,0.00000,-0.05281,-0.02526,75.88,75.00,0.1473,22,64.16,1
624.8477,9873,-0.02348,0.02520,-0.06818,77.39,77.00,0.1428,19,63.30,1
624.9125,9874,-0.02784,0.12343,-0.07584,77.65,77.00,0.1420,18,62.23,1
624.9770,9875,-0.03909,0.11983,-0.10628,78.72,78.00,0.1388,22,62.24,1
625.0416,9876,-0.03256,0.17258,-0.06985,77.44,77.00,0.1427,21,61.80,1
625.1122,9877,-0.03770,0.24214,-0.08256,77.89,77.00,0.1413,19,61.66,1
625.1921,9878,-0.06307,0.29974,-0.16069,80.62,80.00,0.1331,19,61.51,1
625.2607,9879,-0.03617,0.31169,-0.04650,76.63,76.00,0.1451,19,61.61,1
625.3289,9880,-0.02738,0.19181,-0.02145,75.75,75.00,0.1477,18,61.78,1
625.4048,9881,0.00000,0.16910,0.03069,74.54,74.00,0.1468,19,62.07,1
625.4854,9882,-0.02896,0.10978,-0.05913,77.07,77.00,0.1438,21,62.81,1
625.5532,9883,0.02010,-0.17246,0.10647,73.40,73.00,0.1388,19,63.39,1
625.6260,9884,0.03988,-0.50814,0.13466,72.98,72.00,0.1359,16,61.75,1
625.6915,9885,0.05115,-0.19964,0.13607,72.96,72.00,0.1357,17,64.11,1
625.7620,9886,0.07855,-0.16064,0.19136,72.13,72.00,0.1299,19,64.87,1
625.8392,9887,0.10627,-0.32851,0.23552,71.47,71.00,0.1253,21,66.14,1
625.9086,9888,0.12342,-0.46406,0.24370,71.34,71.00,0.1244,19,66.99,1
625.9795,9889,0.12522,-0.36010,0.20203,71.97,71.00,0.1288,21,68.24,1
626.0448,9890,0.08914,-0.28157,0.04896,74.27,74.00,0.1449,17,71.28,1
626.1129,9891,0.04507,-0.27270,-0.09541,78.34,78.00,0.1400,21,74.99,1
626.1929,9892,-0.02535,-0.16400,-0.28862,85.10,85.00,0.1197,22,76.43,1
626.2620,9893,-0.10365,0.21440,-0.47431,91.60,91.00,0.1002,22,78.90,1
626.3276,9894,-0.15937,0.44828,-0.55532,94.44,94.00,0.0917,20,80.37,1
626.3925,9895,-0.19546,0.54242,-0.56237,94.68,94.00,0.0910,19,85.23,1
626.4622,9896,-0.20370,0.51651,-0.47508,91.63,91.00,0.1001,20,86.27,1
626.5283,9897,-0.11963,0.25903,-0.10806,78.78,83.00,0.1387,20,85.89,1
626.6025,9898,0.00000,-0.02504,0.30954,70.36,75.00,0.1175,20,86.13,1
626.6671,9899,0.13103,-0.37620,0.63385,65.49,67.00,0.0834,20,84.43,1
626.7347,9900,0.23887,-0.73752,0.83402,62.49,62.00,0.0624,21,82.66,1
626.8115,9901,0.32083,-0.93469,0.89266,61.61,61.00,0.0563,22,80.39,1
626.8808,9902,0.33625,-0.84283,0.75143,63.73,63.00,0.0711,22,79.63,1
626.9536,9903,0.26848,-0.62491,0.37418,69.39,69.00,0.1107,21,79.45,1
627.0116,9904,0.13667,-0.43223,-0.10863,78.80,77.00,0.1386,21,79.51,1
627.0695,9905,-0.02244,-0.12128,-0.59500,95.83,85.00,0.0875,21,80.87,1
627.1315,9906,0.00000,-0.18047,-0.33888,86.86,86.00,0.1144,13,78.61,1
627.1904,9907,-0.05089,-0.02710,-0.42859,90.00,90.00,0.1050,15,77.70,1
627.2476,9908,-0.02393,-0.15133,-0.22730,82.96,82.00,0.1261,13,76.36,1
627.3110,9909,0.02296,-0.19172,0.00043,74.99,74.00,0.1500,12,75.72,1
627.3724,9910,0.05271,-0.21626,0.11158,73.33,73.00,0.1383,13,74.62,1
627.4326,9911,-0.07934,0.32631,-0.36752,87.86,81.00,0.1114,17,78.40,1
627.4939,9912,-0.13983,0.71491,-0.49280,92.25,89.00,0.0983,14,80.77,1
627.5628,9913,-0.17935,0.74929,-0.51289,92.95,92.00,0.0961,15,82.13,1
627.6274,9914,-0.15607,0.65795,-0.32983,86.54,86.00,0.1154,12,83.22,1
627.6950,9915,-0.20546,0.81612,-0.44458,90.56,90.00,0.1033,20,84.43,1
627.7594,9916,-0.20744,0.77637,-0.38012,88.30,88.00,0.1101,21,85.45,1
627.8229,9917,-0.17757,0.69391,-0.22733,82.96,82.00,0.1261,21,85.53,1
627.8895,9918,-0.10373,0.40892,0.04005,74.40,74.00,0.1458,21,84.77,1
627.9579,9919,0.00000,0.11998,0.33388,69.99,69.00,0.1149,23,82.80,1
628.0197,9920,0.10834,-0.10249,0.61447,65.78,65.00,0.0855,23,80.66,1
628.0805,9921,0.19324,-0.17455,0.75529,63.67,63.00,0.0707,21,78.38,1
628.1392,9922,0.21726,-0.27272,0.67279,64.91,64.00,0.0794,23,76.76,1
628.1994,9923,0.19508,-0.28297,0.45579,68.16,68.00,0.1021,19,75.48,1
628.2612,9924,0.06707,-0.10796,-0.07758,77.72,76.00,0.1419,21,76.41,1
628.3209,9925,-0.02978,0.21047,-0.37979,88.29,84.00,0.1101,21,78.61,1
628.3800,9926,-0.04080,0.00486,-0.32157,86.26,86.00,0.1162,15,79.03,1
628.4406,9927,0.00000,-0.24767,-0.13620,79.77,79.00,0.1357,16,75.18,1
628.5035,9928,0.00000,-0.38137,-0.01249,75.44,75.00,0.1487,15,72.68,1
628.5681,9929,0.05618,-0.48350,0.13526,72.97,72.00,0.1358,16,70.25,1
628.6267,9930,0.08770,-0.62669,0.21970,71.70,71.00,0.1269,16,67.20,1
628.6870,9931,0.09750,-0.76019,0.21235,71.81,71.00,0.1277,14,65.30,1
628.7480,9932,0.11949,-0.71575,0.25258,71.21,71.00,0.1235,15,63.14,1
628.8090,9933,0.12006,-0.85896,0.21304,71.80,71.00,0.1276,17,61.26,1
628.8725,9934,0.12050,-0.83450,0.18429,72.24,72.00,0.1306,18,60.18,1
628.9340,9935,0.14274,-0.73952,0.24170,71.37,71.00,0.1246,18,60.44,1
628.9949,9936,0.14217,-0.69203,0.21012,71.85,71.00,0.1279,22,60.25,1
629.0562,9937,0.10875,-0.51562,0.07358,73.90,73.00,0.1423,19,62.22,1
629.1136,9938,0.09957,-0.63245,0.05234,74.21,74.00,0.1445,12,62.69,1
629.1725,9939,0.05954,-0.45146,-0.07312,77.56,77.00,0.1423,23,63.62,1
629.2333,9940,0.04786,-0.25180,-0.07226,77.53,77.00,0.1424,21,66.22,1
629.2980,9941,0.00000,-0.02923,-0.16323,80.71,80.00,0.1329,20,69.53,1
629.3586,9942,0.00000,0.10024,-0.19091,81.68,81.00,0.1300,21,70.24,1
629.4195,9943,0.00000,0.18793,-0.12851,79.50,79.00,0.1365,19,73.37,1
629.4841,9944,0.00000,0.08844,-0.05377,76.88,76.00,0.1444,17,74.54,1
629.5523,9945,0.03292,-0.02238,0.09366,73.60,73.00,0.1402,21,76.33,1
629.6132,9946,0.07329,-0.16068,0.22021,71.70,71.00,0.1269,22,77.96,1
629.6800,9947,0.08741,-0.24630,0.22753,71.59,71.00,0.1261,21,79.04,1
629.7479,9948,0.07110,-0.28772,0.13168,73.02,73.00,0.1362,23,79.06,1
629.8125,9949,0.04975,-0.18946,0.04532,74.32,74.00,0.1452,22,79.72,1
629.8770,9950,0.00000,-0.10019,-0.11046,78.87,78.00,0.1384,21,77.20,1
629.9466,9951,-0.05501,0.16421,-0.26460,84.26,84.00,0.1222,20,76.33,1
630.0121,9952,-0.11449,0.41804,-0.39713,88.90,88.00,0.1083,20,74.99,1
630.0770,9953,-0.07633,0.56602,-0.17243,81.03,81.00,0.1319,15,74.53,1
630.1429,9954,-0.10882,0.71065,-0.24749,83.66,83.00,0.1240,15,72.41,1
630.2142,9955,-0.05660,0.52351,-0.01502,75.53,75.00,0.1484,15,70.94,1
630.2762,9956,-0.04005,0.68440,0.03496,74.48,74.00,0.1463,14,69.95,1
630.3394,9957,-0.07300,0.76858,-0.09642,78.37,78.00,0.1399,14,68.53,1
630.4060,9958,-0.07686,0.64035,-0.09734,78.41,78.00,0.1398,13,66.77,1
630.4740,9959,-0.05148,0.69676,0.00131,74.98,74.00,0.1499,12,65.98,1
630.5393,9960,-0.05239,0.58351,-0.01429,75.50,75.00,0.1485,14,66.28,1
630.6051,9961,0.03909,0.09038,0.29229,70.62,70.00,0.1193,11,65.65,1
630.6715,9962,0.10620,-0.14489,0.44677,68.30,68.00,0.1031,13,65.22,1
630.7445,9963,0.15009,-0.23407,0.48354,67.75,67.00,0.0992,13,65.70,1
630.8227,9964,0.13231,-0.30054,0.30812,70.38,70.00,0.1176,13,66.75,1
630.8884,9965,0.10112,-0.45711,0.15193,72.72,72.00,0.1340,13,67.08,1
630.9531,9966,0.12790,-0.52602,0.23224,71.52,71.00,0.1256,15,67.74,1
631.0200,9967,0.09616,-0.69566,0.09554,73.57,73.00,0.1400,12,69.86,1
631.0814,9968,0.05996,-0.62601,-0.02373,75.83,75.00,0.1475,14,73.53,1
631.1438,9969,0.03817,-0.62733,-0.06799,77.38,77.00,0.1429,15,78.27,1
631.2058,9970,0.03655,-0.45195,-0.03503,76.23,76.00,0.1463,17,80.73,1
631.2714,9971,0.03564,-0.27896,-0.00784,75.27,75.00,0.1492,18,82.40,1
631.3359,9972,0.03546,-0.10161,0.01292,74.81,74.00,0.1486,18,80.09,1
631.3956,9973,0.00000,0.11755,-0.06719,77.35,77.00,0.1429,17,78.83,1
631.4532,9974,0.02750,0.04601,0.02683,74.60,74.00,0.1472,19,77.95,1
631.5148,9975,0.04031,-0.03010,0.08048,73.79,73.00,0.1415,17,76.35,1
631.5744,9976,0.03290,-0.12013,0.05133,74.23,74.00,0.1446,16,76.25,1
631.6352,9977,0.00000,-0.00099,-0.02397,75.84,75.00,0.1475,17,75.31,1
631.6968,9978,0.00000,-0.06111,-0.00850,75.30,75.00,0.1491,15,75.07,1
631.7558,9979,0.00000,-0.06433,-0.00819,75.29,75.00,0.1491,14,74.97,1
631.8132,9980,0.00000,-0.00150,-0.01844,75.65,75.00,0.1481,16,75.47,1
631.8738,9981,0.02039,0.09213,0.06548,74.02,74.00,0.1431,12,74.92,1
631.9382,9982,0.00000,0.11160,0.01894,74.72,74.00,0.1480,15,75.50,1
632.0090,9983,0.00000,0.13276,-0.04600,76.61,76.00,0.1452,14,77.15,1
632.0727,9984,-0.03681,0.10631,-0.10852,78.80,78.00,0.1386,13,79.26,1
632.1359,9985,-0.06590,0.34068,-0.17767,81.22,81.00,0.1313,12,80.80,1
632.1996,9986,-0.12201,0.52898,-0.32773,86.47,86.00,0.1156,16,81.55,1
632.2611,9987,-0.05687,0.61417,-0.03076,76.08,78.00,0.1468,11,86.00,1
632.3209,9988,-0.04392,0.40746,0.01564,74.77,74.00,0.1484,14,86.15,1
632.3805,9989,-0.02314,0.39711,0.07964,73.81,73.00,0.1416,12,91.13,1
632.4406,9990,-0.04051,0.45880,-0.00315,75.11,75.00,0.1497,13,90.19,1
632.4978,9991,-0.02974,0.46043,0.03199,74.52,74.00,0.1466,12,92.27,1
632.5564,9992,-0.02612,0.47635,0.01044,74.84,74.00,0.0000,1,92.27,0
632.6148,9993,-0.05486,0.78039,-0.09229,78.23,78.00,0.1403,8,92.27,1
632.6750,9994,-0.05711,0.61611,-0.08854,78.10,78.00,0.1407,13,97.44,1
632.7389,9995,-0.09647,0.71550,-0.21066,82.37,82.00,0.1279,11,97.15,1
632.7989,9996,-0.10983,0.54589,-0.22343,82.82,82.00,0.1265,11,99.63,1
632.8584,9997,-0.12345,0.53021,-0.21811,82.63,82.00,0.0000,1,99.63,0
632.9189,9998,-0.10847,0.73975,-0.14273,80.00,79.00,0.1350,10,99.63,1
632.9791,9999,-0.11774,0.71735,-0.16300,80.70,80.00,0.1329,12,99.63,1
633.0414,10000,-0.03241,0.45738,0.13709,72.94,72.00,0.1356,10,100.97,1
633.1067,10001,0.00000,0.46554,0.16527,72.52,72.00,0.1326,10,100.97,1
633.1696,10002,-0.02168,0.06621,0.07014,73.95,73.00,0.1426,11,100.97,1
633.2338,10003,-0.05972,0.26243,-0.09127,78.19,78.00,0.1404,10,100.97,1
633.2961,10004,-0.05604,0.21763,-0.07021,77.46,77.00,0.1426,12,100.97,1
633.3616,10005,-0.05765,0.17346,-0.06148,77.15,77.00,0.0000,1,100.97,0
633.4287,10006,-0.11183,0.23990,-0.23235,83.13,83.00,0.1256,11,100.97,1
633.4896,10007,-0.12767,0.36933,-0.25111,83.79,83.00,0.1236,9,100.97,1
633.5504,10008,-0.18202,0.44825,-0.39789,88.93,88.00,0.1082,10,100.97,1
633.6081,10009,-0.19963,0.50694,-0.39941,88.98,88.00,0.1081,7,100.97,1
633.6678,10010,-0.08870,0.74909,0.04656,74.30,80.00,0.1451,6,100.97,1
633.7274,10011,0.00000,0.03739,0.27118,70.93,72.00,0.1215,8,100.97,1
633.7872,10012,0.00000,0.06684,0.19752,72.04,72.00,0.1293,9,100.97,1
633.8459,10013,0.00000,0.43005,0.22465,71.63,71.00,0.1264,3,100.97,1
633.9064,10014,0.05906,0.20399,0.31318,70.30,70.00,0.1171,10,100.97,1
633.9677,10015,0.04136,0.00257,0.17129,72.43,72.00,0.1320,12,105.87,1
634.0299,10016,0.00000,-0.29374,0.00447,74.93,74.00,0.1495,12,105.87,1
634.0964,10017,0.00000,-0.11089,-0.05243,76.84,76.00,0.1445,12,105.87,1
634.1678,10018,0.00000,0.18622,-0.00159,75.06,75.00,0.1498,12,105.87,1
634.2345,10019,0.00000,0.12915,0.00633,74.91,74.00,0.1493,9,105.87,1
634.3074,10020,0.03338,0.39461,0.09397,73.59,73.00,0.1401,11,105.87,1
634.3736,10021,0.02710,0.18455,0.04974,74.25,74.00,0.1448,9,105.87,1
634.4385,10022,0.00000,0.56605,-0.00439,75.15,75.00,0.1495,6,105.87,1
634.5114,10023,-0.03003,0.46014,-0.15916,80.57,80.00,0.1333,10,105.87,1
634.5771,10024,0.00000,0.17585,-0.02868,76.00,76.00,0.1470,14,108.08,1
634.6513,10025,0.00000,0.24605,-0.01964,75.69,75.00,0.1479,7,108.08,1
634.7175,10026,0.00000,0.01527,0.01861,74.72,74.00,0.1480,12,108.08,1
634.7889,10027,0.12183,-0.09011,0.39181,69.12,69.00,0.1089,8,102.98,1
634.8528,10028,0.10665,-0.27869,0.25468,71.18,71.00,0.1233,6,102.98,1
634.9164,10029,0.12363,-0.40833,0.26501,71.02,71.00,0.1222,6,102.98,1
634.9824,10030,0.10685,-0.29113,0.15966,72.61,72.00,0.1332,12,99.28,1
635.0467,10031,0.03137,-0.05430,-0.12005,79.20,79.00,0.1374,8,91.25,1
635.1100,10032,-0.06276,0.03359,-0.40211,89.07,87.00,0.1078,12,89.53,1
635.1767,10033,-0.14044,0.07460,-0.56375,94.73,94.00,0.0908,8,89.53,1
635.2422,10034,-0.19297,0.12491,-0.55918,94.57,94.00,0.0000,1,83.27,0
635.3052,10035,-0.23768,0.16773,-0.55805,94.53,94.00,0.0000,2,77.55,0
635.3691,10036,-0.13955,-0.36065,-0.19356,81.77,86.00,0.1297,6,77.55,1
635.4394,10037,-0.13699,-0.47464,-0.17018,80.96,80.00,0.1321,5,75.19,1
635.5055,10038,-0.04649,-0.78241,0.13035,73.04,73.00,0.1363,6,69.77,1
635.5757,10039,0.00000,-0.67319,0.27537,70.87,70.00,0.1211,7,69.77,1
635.6452,10040,0.02646,-0.87216,0.22721,71.59,71.00,0.1261,8,68.49,1
635.7198,10041,0.05263,-0.99943,0.24451,71.33,71.00,0.1243,8,68.49,1
635.7990,10042,0.06529,-1.06609,0.21505,71.77,71.00,0.1274,5,77.15,1
635.8648,10043,0.03432,-0.11833,0.06358,74.05,74.00,0.1433,6,77.15,1
635.9322,10044,0.00000,-0.14173,-0.05154,76.80,76.00,0.1446,6,77.15,1
635.9995,10045,0.00000,-0.07681,-0.06985,77.44,77.00,0.1427,7,75.53,1
636.0646,10046,-0.02741,-0.09651,-0.12262,79.29,79.00,0.1371,7,71.08,1
636.1371,10047,-0.05483,0.47424,-0.18529,81.49,81.00,0.1305,5,71.08,1
636.2043,10048,-0.11393,0.25467,-0.34786,87.17,87.00,0.1135,6,71.08,1
636.2719,10049,-0.10844,-0.21599,-0.25591,83.96,83.00,0.1231,8,71.08,1
636.3449,10050,-0.14234,-0.20090,-0.32261,86.29,86.00,0.1161,3,71.08,1
636.4107,10051,-0.12690,-0.40764,-0.21716,82.60,82.00,0.1272,10,71.08,1
636.4819,10052,-0.03595,-0.40066,0.11988,73.20,74.00,0.1374,11,70.97,1
636.5463,10053,0.02043,-0.71365,0.26168,71.07,71.00,0.1225,7,70.97,1
636.6159,10054,0.07271,-0.56941,0.35767,69.63,69.00,0.1124,13,70.97,1
636.6896,10055,0.14079,-0.20300,0.48604,67.71,67.00,0.0990,9,70.27,1
636.7524,10056,0.15783,-0.16969,0.43765,68.44,68.00,0.1040,16,70.27,1
636.8158,10057,0.12299,-0.08882,0.22971,71.55,71.00,0.1259,15,70.27,1
636.8839,10058,0.09185,0.00486,0.08403,73.74,73.00,0.1412,10,70.27,1
636.9572,10059,0.07819,0.23295,0.03663,74.45,74.00,0.1462,8,70.27,1
637.0200,10060,0.03173,0.15513,-0.11215,78.93,78.00,0.1382,6,70.27,1
637.0877,10061,0.13566,-0.06609,0.28858,70.67,70.00,0.1197,11,70.27,1
637.1562,10062,0.04337,-0.07106,-0.07903,77.77,77.00,0.1417,17,70.95,1
637.2325,10063,0.00000,-0.10775,-0.19344,81.77,81.00,0.1297,14,70.95,1
637.2979,10064,0.00000,-0.24486,-0.13024,79.56,79.00,0.1363,21,74.07,1
637.3659,10065,-0.02748,-0.18550,-0.17594,81.16,81.00,0.1315,20,76.73,1
637.4403,10066,0.00000,-0.32708,0.01603,74.76,74.00,0.1483,20,80.96,1
637.5176,10067,0.04099,-0.42479,0.10367,73.44,73.00,0.1391,20,84.06,1
637.5820,10068,0.00000,-0.08844,-0.08992,78.15,78.00,0.1406,19,86.00,1
637.6459,10069,0.03618,-0.06415,0.09907,73.51,73.00,0.1396,23,84.87,1
637.7102,10070,0.22329,-0.28600,0.72608,64.11,65.00,0.0738,24,81.36,1
637.7730,10071,0.08104,-0.08014,0.08310,73.75,73.00,0.1413,23,78.78,1
637.8382,10072,0.08183,-0.04718,0.08713,73.69,73.00,0.1409,20,76.18,1
637.9020,10073,0.11113,-0.21445,0.18975,72.15,72.00,0.1301,18,73.36,1
637.9706,10074,0.07061,-0.33007,0.02768,74.58,74.00,0.1471,17,70.19,1
638.0454,10075,0.03385,-0.44895,-0.07850,77.75,77.00,0.1418,12,66.80,1
638.1130,10076,0.05594,-0.03434,0.03673,74.45,74.00,0.1461,14,71.48,1
638.1811,10077,0.10400,0.22980,0.21178,71.82,71.00,0.1278,20,71.48,1
638.2466,10078,0.05650,0.31725,0.02141,74.68,74.00,0.1478,22,67.68,1
638.3184,10079,0.00000,0.27320,-0.11883,79.16,79.00,0.1375,21,64.20,1
638.3851,10080,0.05559,0.50683,0.08057,73.79,73.00,0.1415,18,61.36,1
638.4461,10081,0.04260,0.67374,0.03501,74.47,74.00,0.1463,21,58.54,1
638.5071,10082,0.00000,0.35928,-0.10539,78.69,78.00,0.1389,19,55.90,1
638.5693,10083,0.00000,0.22281,-0.06655,77.33,77.00,0.1430,16,53.04,1
638.6304,10084,0.00000,0.06767,-0.07528,77.63,77.00,0.1421,16,50.37,1
638.6913,10085,-0.02718,-0.12508,-0.10311,78.61,78.00,0.1392,12,47.90,1
638.7517,10086,-0.02085,-0.12027,-0.05127,76.79,76.00,0.1446,5,45.66,1
638.8136,10087,-0.02751,-0.19764,-0.07344,77.57,77.00,0.0000,2,45.66,0
638.8715,10088,-0.03312,-0.26275,-0.07614,77.66,77.00,0.0000,0,45.66,0
638.9298,10089,-0.03818,-0.32147,-0.07569,77.65,77.00,0.0000,0,45.66,0
638.9891,10090,-0.04277,-0.37483,-0.07532,77.64,77.00,0.0000,0,45.66,0
639.0488,10091,-0.04703,-0.42431,-0.07510,77.63,77.00,0.0000,0,45.66,0
639.1099,10092,-0.05085,-0.46867,-0.07488,77.62,77.00,0.0000,0,45.66,0
639.1710,10093,-0.05434,-0.50914,-0.07473,77.62,77.00,0.0000,1,45.66,0
639.2311,10094,0.00000,-0.73133,0.06360,74.05,74.00,0.1433,6,43.46,1
639.2927,10095,0.00000,-0.91036,0.03340,74.50,74.00,0.1465,6,42.11,1
639.3555,10096,-0.03033,-0.99792,-0.08661,78.03,78.00,0.1409,3,42.11,1
639.4226,10097,0.03339,-0.39024,0.15646,72.65,72.00,0.1336,5,45.20,1
639.4850,10098,0.12422,-0.40858,0.44363,68.35,68.00,0.1034,7,47.98,1
639.5464,10099,0.16171,-0.32952,0.43936,68.41,68.00,0.0000,1,47.98,0
639.6104,10100,0.19683,-0.25546,0.43933,68.41,68.00,0.0000,0,47.98,0
639.6791,10101,0.10367,0.68109,0.10250,73.46,73.00,0.1392,3,47.98,1
639.7444,10102,0.08844,0.98000,0.05629,74.16,74.00,0.1441,4,46.51,1
639.8079,10103,0.08526,0.17116,0.05465,74.18,74.00,0.1443,5,44.86,1
639.8711,10104,0.00000,-0.34300,-0.21082,82.38,82.00,0.1279,9,46.17,1
639.9320,10105,0.00000,-0.50088,-0.15465,80.41,80.00,0.1338,11,49.49,1
639.9969,10106,0.03232,-0.60381,0.00043,74.99,74.00,0.1500,12,52.22,1
640.0636,10107,0.08606,-0.56405,0.19947,72.01,72.00,0.1291,13,54.40,1
640.1274,10108,0.10863,-0.56506,0.24470,71.33,71.00,0.1243,12,57.09,1
640.1901,10109,0.17693,-0.25384,0.44320,68.35,68.00,0.1035,14,58.68,1
640.2512,10110,0.22366,-0.06688,0.52847,67.07,67.00,0.0945,15,58.39,1
640.3104,10111,0.24635,-0.05534,0.52355,67.15,67.00,0.0950,11,58.65,1
640.3729,10112,0.25222,-0.12084,0.46423,68.04,68.00,0.1013,13,58.74,1
640.4323,10113,0.22989,-0.05240,0.33043,70.04,70.00,0.1153,13,58.60,1
640.4982,10114,0.17225,-0.15268,0.10421,73.44,73.00,0.1391,15,58.03,1
640.5624,10115,0.12639,0.03970,-0.02576,75.90,75.00,0.1473,16,57.63,1
640.6230,10116,0.07635,-0.03574,-0.14601,80.11,80.00,0.1347,19,57.25,1
640.6863,10117,0.05861,0.02791,-0.12897,79.51,79.00,0.1365,16,57.41,1
640.7483,10118,0.04407,0.17935,-0.11207,78.92,78.00,0.1382,17,57.81,1
640.8104,10119,0.05940,0.00183,0.00035,74.99,74.00,0.1500,16,57.88,1
640.8763,10120,0.06976,-0.08717,0.06880,73.97,73.00,0.1428,16,57.63,1
640.9379,10121,0.08567,-0.21376,0.13756,72.94,72.00,0.1356,15,57.60,1
640.9971,10122,0.11281,-0.02702,0.23068,71.54,71.00,0.1258,15,57.46,1
641.0569,10123,0.11579,-0.11938,0.22099,71.69,71.00,0.1268,16,57.21,1
641.1170,10124,0.11518,-0.22488,0.20285,71.96,71.00,0.1287,16,57.21,1
641.1763,10125,0.12128,-0.19920,0.21412,71.79,71.00,0.1275,16,56.96,1
641.2408,10126,0.12535,-0.17211,0.21655,71.75,71.00,0.1273,16,56.85,1
641.3053,10127,0.13550,0.01785,0.24143,71.38,71.00,0.1246,15,56.74,1
641.3658,10128,0.14129,0.14948,0.24827,71.28,71.00,0.1239,15,56.59,1
641.4252,10129,0.14965,0.29257,0.26478,71.03,71.00,0.1222,15,57.07,1
641.4919,10130,0.14955,0.33053,0.24846,71.27,71.00,0.1239,15,56.90,1
641.5522,10131,0.14913,0.34272,0.23828,71.43,71.00,0.1250,15,56.81,1
641.6109,10132,0.13861,0.18038,0.19660,72.05,72.00,0.1294,16,56.65,1
641.6683,10133,0.14214,0.22362,0.21373,71.79,71.00,0.1276,16,56.55,1
641.7262,10134,0.13404,0.15983,0.18685,72.20,72.00,0.1304,17,56.41,1
641.7846,10135,0.13781,0.21265,0.20815,71.88,71.00,0.1281,16,56.39,1
641.8401,10136,0.12647,0.06509,0.17157,72.43,72.00,0.1320,16,56.05,1
641.8978,10137,0.11909,-0.01164,0.15715,72.64,72.00,0.1335,16,56.01,1
641.9542,10138,0.11525,-0.07095,0.15771,72.63,72.00,0.1334,16,55.93,1
642.0105,10139,0.11354,-0.09705,0.16535,72.52,72.00,0.1326,16,55.92,1
642.0687,10140,0.12244,0.03030,0.20905,71.86,71.00,0.1280,15,55.90,1
642.1265,10141,0.11505,-0.08933,0.18577,72.21,72.00,0.1305,17,55.78,1
642.1874,10142,0.12827,0.09919,0.24097,71.39,71.00,0.1247,15,56.37,1
642.2426,10143,0.12512,0.03825,0.22697,71.60,71.00,0.1262,16,56.32,1
642.2991,10144,0.12232,-0.01478,0.21774,71.73,71.00,0.1271,16,56.19,1
642.3559,10145,0.11727,-0.10925,0.20306,71.95,71.00,0.1287,17,56.14,1
642.4141,10146,0.11529,-0.12356,0.20288,71.96,71.00,0.1287,18,56.04,1
642.4721,10147,0.11002,-0.18373,0.19117,72.13,72.00,0.1299,17,55.98,1
642.5285,10148,0.11008,-0.16540,0.20068,71.99,71.00,0.1289,16,55.95,1
642.5870,10149,0.11258,-0.14330,0.21704,71.74,71.00,0.1272,16,55.94,1
642.6447,10150,0.11376,-0.17442,0.22544,71.62,71.00,0.1263,16,56.48,1
642.7033,10151,0.11563,-0.17658,0.23491,71.48,71.00,0.1253,15,56.62,1
642.7645,10152,0.11253,-0.37130,0.22544,71.62,71.00,0.1263,14,56.57,1
642.8286,10153,0.04790,-0.54537,0.00356,74.95,74.00,0.1496,7,54.52,1
642.8866,10154,0.02966,-0.63693,-0.01559,75.55,75.00,0.0000,0,54.52,0
642.9475,10155,0.00000,-0.72378,-0.04737,76.66,76.00,0.0000,0,54.52,0
643.0051,10156,0.00000,-0.79771,-0.05413,76.89,76.00,0.0000,0,54.52,0
643.0653,10157,0.00000,-0.86686,-0.06311,77.21,77.00,0.0000,0,54.52,0
643.1216,10158,-0.02784,-0.92556,-0.09595,78.36,78.00,0.0000,0,54.52,0
643.1840,10159,-0.03938,-0.98347,-0.11794,79.13,79.00,0.0000,2,54.52,0
643.2452,10160,-0.04963,-1.03492,-0.12533,79.39,79.00,0.0000,1,54.52,0
643.3075,10161,-0.05899,-1.08192,-0.12506,79.38,79.00,0.0000,0,54.52,0
643.3685,10162,-0.06729,-1.12355,-0.12470,79.36,79.00,0.0000,2,54.52,0
643.4341,10163,-0.07529,-1.16373,-0.12484,79.37,79.00,0.0000,0,54.52,0
643.4934,10164,-0.08179,-1.19632,-0.12436,79.35,79.00,0.0000,1,54.52,0
643.5535,10165,-0.08775,-1.22628,-0.12404,79.34,79.00,0.0000,2,54.52,0
643.6133,10166,-0.09306,-1.25292,-0.12369,79.33,79.00,0.0000,1,54.52,0
643.6701,10167,-0.09760,-1.27570,-0.12317,79.31,79.00,0.0000,1,54.52,0
643.7286,10168,-0.10184,-1.29696,-0.12283,79.30,79.00,0.0000,1,54.52,0
643.7884,10169,-0.10570,-1.31634,-0.12257,79.29,79.00,0.0000,1,54.52,0
643.8473,10170,-0.10915,-1.33367,-0.12232,79.28,79.00,0.0000,1,54.52,0
643.9045,10171,-0.11216,-1.34876,-0.12200,79.27,79.00,0.0000,1,54.52,0
643.9616,10172,-0.11486,-1.36232,-0.12171,79.26,79.00,0.0000,2,54.52,0
644.0201,10173,-0.11734,-1.37478,-0.12150,79.25,79.00,0.0000,1,54.52,0
644.0787,10174,-0.11957,-1.38598,-0.12130,79.25,79.00,0.0000,2,54.52,0
644.1389,10175,-0.12165,-1.39643,-0.12119,79.24,79.00,0.0000,1,54.52,0
644.2030,10176,-0.12363,-1.40635,-0.12118,79.24,79.00,0.0000,1,54.52,0
644.2674,10177,-0.12541,-1.41529,-0.12117,79.24,79.00,0.0000,2,54.52,0
644.3326,10178,-0.12706,-1.42358,-0.12120,79.24,79.00,0.0000,2,54.52,0
644.3925,10179,0.00000,0.00000,0.00000,75.00,75.00,0.0000,0,54.52,0
644.4541,10180,0.00000,0.00000,0.00000,75.00,75.00,0.0000,1,54.52,0
644.5136,10181,0.00000,0.00000,0.00000,75.00,75.00,0.0000,1,54.52,0
644.5744,10182,0.00000,0.00000,0.00000,75.00,75.00,0.0000,1,54.52,0
644.6358,10183,0.00000,0.00000,0.00000,75.00,75.00,0.0000,0,54.52,0
644.6964,10184,0.00000,0.00000,0.00000,75.00,75.00,0.0000,0,54.52,0
644.7564,10185,0.00000,0.00000,0.00000,75.00,75.00,0.0000,1,54.52,0
644.8163,10186,0.00000,0.00000,0.00000,75.00,75.00,0.0000,0,54.52,0
644.8727,10187,0.00000,0.00000,0.00000,75.00,75.00,0.0000,1,54.52,0
644.9289,10188,0.00000,0.00000,0.00000,75.00,75.00,0.0000,1,54.52,0
644.9868,10189,0.00000,0.00000,0.00000,75.00,75.00,0.0000,1,54.52,0
645.0476,10190,0.00000,0.00000,0.00000,75.00,75.00,0.0000,0,54.52,0
645.1077,10191,0.00000,0.00000,0.00000,75.00,75.00,0.0000,1,54.52,0
645.1653,10192,0.00000,0.00000,0.00000,75.00,75.00,0.0000,1,54.52,0
645.2233,10193,0.00000,0.00000,0.00000,75.00,75.00,0.0000,1,54.52,0
645.2811,10194,0.00000,0.00000,0.00000,75.00,75.00,0.0000,1,54.52,0
645.3396,10195,0.00000,0.00000,0.00000,75.00,75.00,0.0000,1,54.52,0
645.3981,10196,0.00000,0.00000,0.00000,75.00,75.00,0.0000,2,54.52,0
645.4578,10197,0.00000,0.00000,0.00000,75.00,75.00,0.0000,2,54.52,0
645.5170,10198,0.00000,0.00000,0.00000,75.00,75.00,0.0000,1,54.52,0
645.5752,10199,0.00000,0.00000,0.00000,75.00,75.00,0.0000,1,54.52,0
645.6358,10200,0.00000,0.00000,0.00000,75.00,75.00,0.0000,0,54.52,0
645.6995,10201,0.00000,0.00000,0.00000,75.00,75.00,0.0000,1,54.52,0
645.7650,10202,0.00000,0.00000,0.00000,75.00,75.00,0.0000,1,54.52,0
645.8273,10203,0.00000,0.00000,0.00000,75.00,75.00,0.0000,2,54.52,0
645.8878,10204,0.00000,0.00000,0.00000,75.00,75.00,0.0000,0,54.52,0
645.9468,10205,0.00000,0.00000,0.00000,75.00,75.00,0.0000,0,54.52,0
646.0038,10206,0.00000,0.00000,0.00000,75.00,75.00,0.0000,0,54.52,0
646.0597,10207,0.00000,0.00000,0.00000,75.00,75.00,0.0000,0,54.52,0
646.1150,10208,0.00000,0.00000,0.00000,75.00,75.00,0.0000,0,54.52,0
646.1687,10209,0.00000,0.00000,0.00000,75.00,75.00,0.0000,0,54.52,0
646.2234,10210,0.00000,0.00000,0.00000,75.00,75.00,0.0000,0,54.52,0
646.2791,10211,0.00000,0.00000,0.00000,75.00,75.00,0.0000,0,54.52,0
646.3334,10212,0.00000,0.00000,0.00000,75.00,75.00,0.0000,0,54.52,0
646.3877,10213,0.00000,0.00000,0.00000,75.00,75.00,0.0000,0,54.52,0
646.4418,10214,0.00000,0.00000,0.00000,75.00,75.00,0.0000,0,54.52,0
646.4992,10215,0.00000,0.00000,0.00000,75.00,75.00,0.0000,0,54.52,0
646.5603,10216,0.00000,0.00000,0.00000,75.00,75.00,0.0000,0,54.52,0
646.6188,10217,0.00000,0.00000,0.00000,75.00,75.00,0.0000,1,54.52,0
646.6754,10218,0.00000,0.00000,0.00000,75.00,75.00,0.0000,0,54.52,0
646.7313,10219,0.00000,0.00000,0.00000,75.00,75.00,0.0000,2,54.52,0
646.7887,10220,0.00000,0.00000,0.00000,75.00,75.00,0.0000,2,54.52,0
646.8521,10221,0.00000,0.00000,0.00000,75.00,75.00,0.0000,1,54.52,0
646.9142,10222,0.00000,0.00000,0.00000,75.00,75.00,0.0000,1,54.52,0
646.9754,10223,0.00000,0.00000,0.00000,75.00,75.00,0.0000,1,54.52,0
647.0368,10224,-0.02996,-0.92986,-0.02744,75.96,75.00,0.1471,5,54.52,1
647.0970,10225,-0.03009,-0.93370,-0.02677,75.94,75.00,0.0000,2,54.52,0
647.1564,10226,0.00000,-0.97626,0.06044,74.09,74.00,0.1437,10,53.23,1
647.2179,10227,-0.06531,-0.68941,-0.19083,81.68,81.00,0.1300,9,50.86,1
647.2804,10228,0.00000,-0.80534,0.04244,74.36,74.00,0.1455,4,50.86,1
647.3424,10229,0.00000,-0.79085,0.03951,74.41,74.00,0.0000,0,50.86,0
647.4027,10230,0.00000,-0.77819,0.03556,74.47,74.00,0.0000,1,50.86,0
647.4621,10231,0.10378,-0.58705,0.35973,69.60,69.00,0.1122,12,51.73,1
647.5241,10232,0.14542,-0.59044,0.42318,68.65,68.00,0.1056,12,52.46,1
647.5840,10233,0.14435,-0.55380,0.34742,69.79,69.00,0.1135,14,53.50,1
647.6438,10234,0.14774,-0.50106,0.30293,70.46,70.00,0.1182,11,54.10,1
647.7051,10235,0.12417,-0.57349,0.17585,72.36,72.00,0.1315,12,54.54,1
647.7675,10236,0.07851,-0.37266,0.00116,74.98,74.00,0.1499,13,53.40,1
647.8334,10237,0.06463,-0.62426,-0.01937,75.68,75.00,0.1480,14,55.09,1
647.9007,10238,0.08850,-0.10477,0.09410,73.59,73.00,0.1401,11,55.54,1
647.9648,10239,0.00000,-0.24558,-0.19207,81.72,81.00,0.1298,11,54.86,1
648.0285,10240,-0.02150,-0.00309,-0.21990,82.70,82.00,0.1269,10,54.69,1
648.0921,10241,0.00000,0.30206,-0.05637,76.97,76.00,0.1441,10,55.98,1
648.1539,10242,0.00000,0.20058,-0.02090,75.73,75.00,0.1478,9,56.99,1
648.2162,10243,0.02311,0.00859,0.03429,74.49,74.00,0.1464,12,58.12,1
648.2812,10244,0.02603,-0.28033,0.04666,74.30,74.00,0.1451,9,58.77,1
648.3441,10245,0.00000,-0.60362,-0.02071,75.73,75.00,0.1478,10,58.95,1
648.4060,10246,0.00000,-0.66836,-0.00597,75.21,75.00,0.1494,9,59.77,1
648.4666,10247,-0.02629,-0.65681,-0.11636,79.07,79.00,0.1378,12,60.33,1
648.5312,10248,0.00000,-0.20044,-0.03636,76.27,76.00,0.1462,12,60.76,1
648.5931,10249,-0.03472,0.15759,-0.09495,78.32,78.00,0.1400,10,61.22,1
648.6533,10250,-0.04364,0.16693,-0.10270,78.59,78.00,0.1392,11,63.38,1
648.7148,10251,-0.05463,0.29903,-0.11759,79.12,79.00,0.1377,12,64.04,1
648.7759,10252,-0.07193,0.29181,-0.15380,80.38,80.00,0.1339,10,64.04,1
648.8363,10253,-0.05126,0.46713,-0.05237,76.83,76.00,0.1445,15,65.80,1
648.9010,10254,-0.06234,0.41306,-0.08516,77.98,77.00,0.1411,10,66.92,1
648.9725,10255,-0.05696,0.51806,-0.05322,76.86,76.00,0.1444,11,68.18,1
649.0440,10256,-0.04832,0.40218,-0.01997,75.70,75.00,0.1479,13,69.00,1
649.1068,10257,-0.03316,0.25332,0.02753,74.59,74.00,0.1471,12,70.14,1
649.1670,10258,-0.02129,0.04340,0.05466,74.18,74.00,0.1443,13,71.66,1
649.2238,10259,0.00000,0.06285,0.07540,73.87,73.00,0.1421,14,72.66,1
649.2852,10260,0.00000,0.30590,0.07625,73.86,73.00,0.1420,11,72.86,1
649.3430,10261,0.00000,0.14187,0.02846,74.57,74.00,0.1470,9,72.06,1
649.4036,10262,-0.02046,0.21895,-0.00441,75.15,75.00,0.1495,12,73.13,1
649.4643,10263,-0.06219,0.10052,-0.15285,80.35,80.00,0.1340,11,72.90,1
649.5229,10264,-0.06881,0.39333,-0.14757,80.16,80.00,0.1345,12,73.43,1
649.5832,10265,-0.08679,0.69610,-0.18491,81.47,81.00,0.1306,11,74.26,1
649.6446,10266,-0.11876,0.76442,-0.26547,84.29,84.00,0.1221,12,74.81,1
649.7048,10267,-0.12396,0.80749,-0.23869,83.35,83.00,0.1249,12,75.06,1
649.7675,10268,-0.15591,0.78520,-0.31460,86.01,86.00,0.1170,12,75.37,1
649.8340,10269,-0.15323,0.75517,-0.25301,83.86,83.00,0.1234,13,76.03,1
649.8953,10270,-0.15164,0.37738,-0.21819,82.64,82.00,0.1271,14,77.34,1
649.9563,10271,-0.11469,0.05112,-0.07101,77.49,77.00,0.1425,15,79.00,1
650.0151,10272,-0.06615,0.15245,0.08445,73.73,73.00,0.1411,14,80.08,1
650.0751,10273,-0.04301,-0.12985,0.11915,73.21,73.00,0.1375,15,80.77,1
650.1350,10274,0.00000,-0.26447,0.21093,71.84,71.00,0.1279,12,80.53,1
650.1952,10275,0.00000,-0.45961,0.20706,71.89,71.00,0.1283,13,80.48,1
650.2560,10276,0.02725,-0.28212,0.18613,72.21,72.00,0.1305,15,80.55,1
650.3207,10277,0.02172,-0.10340,0.11119,73.33,73.00,0.1383,13,81.42,1
650.3895,10278,0.00000,0.27422,0.02780,74.58,74.00,0.1471,14,82.86,1
650.4518,10279,-0.05130,0.52797,-0.18805,81.58,81.00,0.1303,14,83.11,1
650.5128,10280,-0.08664,0.44588,-0.27507,84.63,84.00,0.1211,13,82.21,1
650.5748,10281,-0.12470,0.31871,-0.35608,87.46,87.00,0.1126,13,81.13,1
650.6365,10282,-0.14397,0.20954,-0.35960,87.59,87.00,0.1122,14,78.79,1
650.6967,10283,-0.13646,0.41095,-0.27537,84.64,84.00,0.1211,13,77.35,1
650.7589,10284,-0.12475,0.54986,-0.19887,81.96,81.00,0.1291,14,76.02,1
650.8177,10285,-0.08400,0.39501,-0.04151,76.45,76.00,0.1456,15,76.27,1
650.8759,10286,-0.07970,0.38375,-0.04564,76.60,76.00,0.1452,13,77.75,1
650.9370,10287,-0.04547,0.30599,0.05639,74.15,74.00,0.1441,13,78.85,1
651.0000,10288,0.00000,0.02924,0.14776,72.78,72.00,0.1345,14,80.14,1
651.0612,10289,0.00000,-0.27385,0.15826,72.63,72.00,0.1334,14,80.53,1
651.1225,10290,0.00000,-0.15102,0.08768,73.68,73.00,0.1408,16,80.35,1
651.1848,10291,0.00000,-0.29148,0.07300,73.90,73.00,0.1423,15,81.10,1
651.2449,10292,0.00000,-0.18269,0.04563,74.32,74.00,0.1452,16,82.56,1
651.3111,10293,0.02879,-0.11470,0.07408,73.89,73.00,0.1422,16,83.02,1
651.3713,10294,0.00000,0.06889,-0.08073,77.83,77.00,0.1415,16,83.83,1
651.4294,10295,0.00000,-0.09704,-0.08719,78.05,78.00,0.1408,15,83.06,1
651.4874,10296,-0.04790,0.03620,-0.18951,81.63,81.00,0.1301,14,82.53,1
651.5459,10297,-0.06818,-0.04357,-0.23010,83.05,83.00,0.1258,14,82.52,1
651.6032,10298,-0.09807,0.04724,-0.29974,85.49,85.00,0.1185,14,81.70,1
651.6632,10299,-0.10626,0.21138,-0.27988,84.80,84.00,0.1206,15,81.23,1
651.7247,10300,-0.11037,0.02115,-0.25260,83.84,83.00,0.1235,14,81.01,1
651.7881,10301,-0.10014,0.04832,-0.18474,81.47,81.00,0.1306,15,81.22,1
651.8577,10302,-0.10172,-0.00479,-0.17536,81.14,81.00,0.1316,14,81.40,1
651.9211,10303,-0.07213,0.08983,-0.06383,77.23,77.00,0.1433,13,81.92,1
651.9827,10304,-0.05741,-0.02722,-0.02812,75.98,75.00,0.1470,14,81.96,1
652.0480,10305,-0.02650,-0.08112,0.05520,74.17,74.00,0.1442,16,82.36,1
652.1163,10306,0.00000,-0.15278,0.05562,74.17,74.00,0.1442,14,82.47,1
652.1809,10307,-0.02398,-0.16871,-0.01063,75.37,75.00,0.1489,12,81.90,1
652.2486,10308,-0.02052,-0.04287,-0.01888,75.66,75.00,0.1480,13,81.81,1
652.3121,10309,-0.03510,0.00469,-0.08491,77.97,77.00,0.1411,14,82.46,1
652.3742,10310,-0.05381,-0.04426,-0.15010,80.25,80.00,0.1342,15,83.07,1
652.4423,10311,-0.05597,-0.15525,-0.14322,80.01,80.00,0.1350,14,83.22,1
652.5134,10312,-0.07072,-0.32167,-0.18242,81.38,81.00,0.1308,15,82.57,1
652.5787,10313,-0.10250,-0.17676,-0.27380,84.58,84.00,0.1213,14,82.13,1
652.6457,10314,-0.10463,-0.33046,-0.24449,83.56,83.00,0.1243,15,81.52,1
652.7099,10315,-0.08664,-0.33374,-0.15751,80.51,80.00,0.1335,15,81.42,1
652.7755,10316,-0.07038,0.04682,-0.09787,78.43,78.00,0.1397,13,81.77,1
652.8436,10317,-0.05125,0.01854,-0.04284,76.50,76.00,0.1455,14,81.97,1
652.9170,10318,0.00000,-0.16627,0.11545,73.27,73.00,0.1379,16,82.41,1
652.9937,10319,0.03202,-0.27450,0.15390,72.69,72.00,0.1338,15,83.21,1
653.0624,10320,0.00000,-0.11504,0.01326,74.80,74.00,0.1486,16,83.80,1
653.1375,10321,0.00000,-0.12933,-0.01815,75.64,75.00,0.1481,13,83.38,1
653.2043,10322,0.00000,-0.00638,-0.07000,77.45,77.00,0.1427,15,84.25,1
653.2734,10323,0.00000,-0.12394,-0.10340,78.62,78.00,0.1391,15,84.25,1
653.3415,10324,0.00000,-0.10040,-0.06439,77.25,77.00,0.1432,17,83.82,1
653.4103,10325,0.00000,-0.18260,-0.04019,76.41,76.00,0.1458,17,83.65,1
653.4890,10326,0.00000,-0.21082,-0.06503,77.28,77.00,0.1432,18,82.49,1
653.5587,10327,-0.04822,-0.15555,-0.21948,82.68,82.00,0.1270,15,82.23,1
653.6363,10328,-0.07238,-0.13262,-0.26415,84.25,84.00,0.1223,14,81.30,1
653.7144,10329,-0.08705,-0.15687,-0.26863,84.40,84.00,0.1218,15,80.80,1
653.7820,10330,-0.09540,-0.23947,-0.26167,84.16,84.00,0.1225,15,80.19,1
653.8541,10331,-0.07343,-0.31724,-0.15551,80.44,80.00,0.1337,15,80.06,1
653.9208,10332,-0.04189,-0.43566,-0.04512,76.58,76.00,0.1453,14,80.12,1
653.9840,10333,-0.02550,-0.54942,-0.00973,75.34,75.00,0.1490,15,80.47,1
654.0495,10334,0.00000,-0.33189,0.00221,74.97,74.00,0.1498,15,81.60,1
654.1176,10335,0.00000,-0.20477,0.02616,74.61,74.00,0.1473,15,82.82,1
654.1824,10336,0.00000,0.00370,0.04227,74.37,74.00,0.1456,15,83.94,1
654.2468,10337,0.02706,-0.08017,0.04894,74.27,74.00,0.1449,15,84.39,1
654.3168,10338,0.02458,-0.17424,0.00736,74.89,74.00,0.1492,16,84.86,1
654.3815,10339,0.03027,-0.17782,0.00842,74.87,74.00,0.1491,15,85.05,1
654.4432,10340,0.00000,-0.22622,-0.08175,77.86,77.00,0.1414,15,85.16,1
654.5125,10341,0.00000,-0.15521,-0.11730,79.11,79.00,0.1377,17,85.21,1
654.5859,10342,0.00000,-0.01063,-0.09773,78.42,78.00,0.1397,15,85.17,1
654.6489,10343,0.00000,-0.03573,-0.10390,78.64,78.00,0.1391,15,84.54,1
654.7130,10344,-0.02697,-0.06816,-0.17544,81.14,81.00,0.1316,15,83.31,1
654.7798,10345,-0.03184,-0.22740,-0.16944,80.93,80.00,0.1322,17,83.18,1
654.8469,10346,-0.05122,-0.06364,-0.21690,82.59,82.00,0.1272,14,82.53,1
654.9100,10347,-0.06492,-0.16077,-0.23765,83.32,83.00,0.1250,14,81.80,1
654.9761,10348,-0.06648,-0.23347,-0.21330,82.47,82.00,0.1276,14,81.25,1
655.0400,10349,-0.05264,-0.07485,-0.14480,80.07,80.00,0.1348,15,81.39,1
655.1042,10350,-0.04628,-0.07818,-0.11912,79.17,79.00,0.1375,14,81.91,1
655.1704,10351,0.00000,-0.16618,-0.01094,75.38,75.00,0.1489,15,82.53,1
655.2391,10352,0.00000,-0.39102,0.01372,74.79,74.00,0.1486,17,82.68,1
655.3066,10353,0.02371,-0.58620,0.06498,74.03,74.00,0.1432,17,82.72,1
655.3698,10354,0.02804,-0.48974,0.04238,74.36,74.00,0.1456,16,82.74,1
655.4397,10355,0.03640,-0.50051,0.03887,74.42,74.00,0.1459,16,82.96,1
655.5050,10356,0.00000,-0.54474,-0.07322,77.56,77.00,0.1423,16,83.13,1
655.5694,10357,0.00000,-0.56259,-0.06727,77.35,77.00,0.1429,17,83.58,1
655.6329,10358,0.00000,-0.22465,-0.09398,78.29,78.00,0.1401,14,83.89,1
655.6965,10359,0.04160,-0.25247,0.02711,74.59,74.00,0.1472,16,83.66,1
655.7685,10360,0.04161,-0.10690,0.00370,74.94,74.00,0.1496,15,84.07,1
655.8433,10361,0.00000,0.01390,-0.14695,80.14,80.00,0.1346,16,84.65,1
655.9088,10362,-0.02235,-0.06322,-0.20937,82.33,82.00,0.1280,16,84.43,1
655.9753,10363,-0.03580,0.02634,-0.22254,82.79,82.00,0.1266,16,84.47,1
656.0391,10364,-0.03397,-0.20658,-0.18425,81.45,81.00,0.1307,17,84.30,1
656.1000,10365,0.00000,-0.27521,-0.06775,77.37,77.00,0.1429,18,84.66,1
656.1645,10366,-0.02772,-0.40358,-0.14744,80.16,80.00,0.1345,17,85.00,1
656.2287,10367,-0.03208,-0.30353,-0.15101,80.29,80.00,0.1341,19,85.06,1
656.2899,10368,-0.02498,-0.40535,-0.11563,79.05,79.00,0.1379,20,84.81,1
656.3518,10369,0.00000,-0.51481,-0.03269,76.14,76.00,0.1466,16,84.47,1
656.4095,10370,0.00000,-0.27657,0.00460,74.93,74.00,0.1495,14,84.92,1
656.4699,10371,0.00000,-0.21166,-0.04179,76.46,76.00,0.1456,19,85.02,1
656.5353,10372,0.00000,-0.16883,-0.04403,76.54,76.00,0.1454,16,84.66,1
656.6054,10373,0.00000,-0.21857,-0.07625,77.67,77.00,0.1420,16,83.98,1
656.6692,10374,0.00000,-0.35492,-0.05747,77.01,77.00,0.1440,15,83.30,1
656.7305,10375,0.00000,-0.35595,-0.06546,77.29,77.00,0.1431,16,84.18,1
656.7960,10376,0.00000,-0.35339,-0.10494,78.67,78.00,0.1390,15,84.14,1
656.8583,10377,0.00000,-0.50843,-0.06244,77.19,77.00,0.1434,17,84.19,1
656.9263,10378,0.00000,-0.55586,-0.13216,79.63,79.00,0.1361,16,83.95,1
656.9904,10379,-0.03948,-0.42504,-0.23183,83.11,83.00,0.1257,15,84.47,1
657.0540,10380,-0.03090,-0.37541,-0.16934,80.93,80.00,0.1322,15,84.10,1
657.1150,10381,0.00000,-0.32576,-0.09366,78.28,78.00,0.1402,18,83.80,1
657.1744,10382,0.00000,-0.57087,-0.04713,76.65,76.00,0.1451,15,83.44,1
657.2338,10383,0.00000,-0.60740,-0.02767,75.97,75.00,0.1471,16,83.66,1
657.2949,10384,0.00000,-0.54429,-0.07048,77.47,77.00,0.1426,16,84.03,1
657.3593,10385,0.00000,-0.43976,-0.11765,79.12,79.00,0.1376,16,83.63,1
657.4324,10386,0.00000,-0.40992,-0.07145,77.50,77.00,0.1425,16,84.04,1
657.5006,10387,0.00000,-0.38467,-0.11020,78.86,78.00,0.1384,18,83.68,1
657.5637,10388,-0.02407,-0.33266,-0.14717,80.15,80.00,0.1345,17,83.36,1
657.6292,10389,0.00000,-0.04856,-0.07616,77.67,77.00,0.1420,17,83.62,1
657.6970,10390,0.02145,0.04726,0.01795,74.73,74.00,0.1481,17,84.13,1
657.7639,10391,0.00000,0.21547,-0.05064,76.77,76.00,0.1447,16,83.51,1
657.8256,10392,0.00000,0.52821,-0.06280,77.20,77.00,0.1434,14,83.31,1
657.8921,10393,0.02992,0.63542,0.00378,74.94,74.00,0.1496,15,83.52,1
657.9611,10394,0.02665,0.69084,-0.02723,75.95,75.00,0.1471,14,82.87,1
658.0246,10395,0.00000,0.82440,-0.08993,78.15,78.00,0.1406,14,83.25,1
658.0901,10396,0.00000,0.60867,-0.08832,78.09,78.00,0.1407,13,83.11,1
658.1512,10397,0.04298,0.16198,0.02248,74.66,74.00,0.1476,14,83.64,1
658.2109,10398,0.04144,0.01521,-0.00179,75.06,75.00,0.1498,12,84.49,1
658.2778,10399,0.05656,-0.27827,0.03744,74.44,74.00,0.1461,12,84.85,1
658.3463,10400,0.04358,-0.25199,-0.02875,76.01,76.00,0.1470,11,85.56,1
658.4082,10401,0.07380,-0.54450,0.07235,73.91,73.00,0.1424,13,85.82,1
658.4720,10402,0.06841,-0.60496,0.02905,74.56,74.00,0.1469,12,86.34,1
658.5376,10403,0.04975,-0.61789,-0.04864,76.70,76.00,0.1449,12,87.00,1
658.6001,10404,0.05199,-0.81445,-0.03534,76.24,76.00,0.1463,14,86.51,1
658.6636,10405,0.05592,-0.96914,-0.01903,75.67,75.00,0.1480,14,86.18,1
658.7229,10406,0.06228,-0.91466,0.00241,74.96,74.00,0.1497,16,85.85,1
658.7816,10407,0.06462,-0.99449,0.00588,74.91,74.00,0.1494,14,85.93,1
658.8410,10408,0.15942,-1.04001,0.33426,69.99,69.00,0.1149,8,85.93,1
658.8994,10409,0.12904,-1.06016,0.15632,72.66,72.00,0.1336,13,86.52,1
658.9589,10410,0.13222,-1.06453,0.13874,72.92,72.00,0.1354,11,88.39,1
659.0174,10411,0.11890,-1.05889,0.06974,73.95,73.00,0.1427,15,88.75,1
659.0751,10412,0.17346,-1.04834,0.25700,71.14,71.00,0.1230,8,88.75,1
659.1354,10413,0.18485,-1.03661,0.25325,71.20,71.00,0.1234,11,88.75,1
659.1959,10414,0.19236,-1.02528,0.24120,71.38,71.00,0.1247,11,88.75,1
659.2565,10415,0.16538,-1.01567,0.11451,73.28,73.00,0.1380,13,88.75,1
659.3253,10416,0.14229,-1.00795,0.03272,74.51,74.00,0.1466,13,88.75,1
659.4045,10417,0.11436,-1.00223,-0.04093,76.43,76.00,0.1457,14,93.68,1
659.4680,10418,0.08072,-0.99935,-0.12327,79.31,79.00,0.1371,16,93.68,1
659.5342,10419,0.05685,-0.99781,-0.15500,80.43,80.00,0.1337,14,93.68,1
659.6003,10420,0.03525,-0.99730,-0.17603,81.16,81.00,0.1315,20,93.68,1
659.6760,10421,-0.03372,-0.99735,-0.34986,87.24,87.00,0.1133,14,93.68,1
659.7399,10422,-0.02972,-0.99789,-0.25246,83.84,83.00,0.1235,21,93.68,1
659.8004,10423,-0.02336,-0.99845,-0.17714,81.20,81.00,0.1314,22,93.68,1
659.8614,10424,0.00000,-0.99893,-0.09811,78.43,78.00,0.1397,17,93.68,1
659.9257,10425,0.00000,-0.99934,-0.07755,77.71,77.00,0.1419,23,93.68,1
659.9880,10426,0.07682,-0.99966,0.23803,71.43,71.00,0.1250,11,93.68,1
660.0522,10427,0.08720,-0.99988,0.21495,71.78,71.00,0.1274,19,93.68,1
660.1163,10428,0.12230,-1.00001,0.28566,70.72,70.00,0.1200,15,93.68,1
660.1782,10429,0.14835,-1.00008,0.31757,70.24,70.00,0.1167,9,93.68,1
660.2442,10430,0.00000,-1.00011,-0.28325,84.91,78.00,0.1203,6,93.68,1
660.3171,10431,0.00000,-1.00012,-0.15529,80.44,80.00,0.1337,9,93.68,1
660.3818,10432,-0.11539,-1.00009,-0.52930,93.53,88.00,0.0944,8,93.68,1
660.4479,10433,-0.25890,-0.94693,-0.90239,106.58,96.00,0.0552,5,93.68,1
660.5167,10434,-0.15762,-0.96298,-0.35286,87.35,88.00,0.1129,3,93.68,1
660.5805,10435,-0.08930,-0.92198,-0.06834,77.39,80.00,0.1428,18,93.68,1
660.6410,10436,0.00000,-0.86488,0.18159,72.28,72.00,0.1309,26,91.51,1
660.7003,10437,0.08766,-0.81781,0.46891,67.97,67.00,0.1008,17,91.51,1
660.7601,10438,0.19830,-0.82726,0.73487,63.98,63.00,0.0728,10,91.51,1
660.8190,10439,0.26270,-0.80683,0.75135,63.73,63.00,0.0000,1,91.51,0
660.8801,10440,0.32279,-0.78776,0.76174,63.57,63.00,0.0000,2,91.51,0
660.9403,10441,0.24060,-0.83501,0.41165,68.83,68.00,0.1068,17,91.51,1
660.9992,10442,0.25033,-0.79650,0.39993,69.00,69.00,0.1080,12,91.51,1
661.0593,10443,0.22188,-0.78073,0.26694,71.00,70.00,0.1220,15,91.51,1
661.1197,10444,0.10573,-0.58670,-0.14255,79.99,78.00,0.1350,17,91.51,1
661.1810,10445,0.00000,-0.14136,-0.42332,89.82,86.00,0.1056,7,91.51,1
661.2420,10446,0.00000,0.31167,-0.35192,87.32,87.00,0.1130,3,91.51,1
661.3025,10447,0.18440,0.03042,0.44963,68.26,79.00,0.1028,4,91.51,1
661.3631,10448,0.05026,0.48993,-0.09597,78.36,78.00,0.1399,9,88.66,1
661.4293,10449,-0.06696,0.57496,-0.45276,90.85,86.00,0.1025,15,88.66,1
661.4899,10450,-0.11261,0.73764,-0.47124,91.49,91.00,0.0000,2,88.66,0
661.5516,10451,-0.20186,-0.17247,-0.66261,98.19,98.00,0.0804,7,84.39,1
661.6151,10452,-0.25812,-0.35000,-0.65774,98.02,98.00,0.0000,0,84.39,0
661.6790,10453,-0.27029,-0.46940,-0.59177,95.71,95.00,0.0879,8,84.39,1
661.7395,10454,-0.06028,-0.52976,0.14804,72.78,87.00,0.1345,13,84.39,1
661.8000,10455,0.13875,-0.57769,0.74999,63.75,79.00,0.0713,14,84.39,1
661.8615,10456,0.29973,-0.61600,1.00000,60.00,71.00,0.0450,4,84.39,1
661.9213,10457,0.39436,-0.68125,1.00000,60.00,63.00,0.0000,0,84.39,0
661.9829,10458,0.48157,-0.74137,1.00000,60.00,60.00,0.0000,0,84.39,0
662.0467,10459,0.56269,-0.79729,1.00000,60.00,60.00,0.0000,0,84.39,0
662.1086,10460,0.63355,-0.84614,1.00000,60.00,60.00,0.0000,0,84.39,0
662.1811,10461,0.70845,-0.89778,1.00000,60.00,60.00,0.0000,1,84.39,0
662.2597,10462,0.39490,-0.59515,0.31947,70.21,68.00,0.1165,10,84.39,1
662.3281,10463,0.32960,-0.58247,0.16111,72.58,72.00,0.1331,14,84.39,1
662.3941,10464,0.28070,-0.61110,0.05279,74.21,74.00,0.1445,5,84.39,1
662.4583,10465,0.15451,-0.65985,-0.31236,85.93,82.00,0.1172,4,84.39,1
662.5289,10466,0.00000,-0.56341,-0.68584,99.00,90.00,0.0780,8,84.39,1
662.6088,10467,-0.05978,-0.44250,-0.63397,97.19,97.00,0.0834,8,84.39,1
662.6761,10468,-0.23688,-0.68863,-1.00000,110.00,105.00,0.0450,4,84.39,1
662.7448,10469,-0.34730,-0.73010,-1.00000,110.00,110.00,0.0000,0,84.39,0
662.8129,10470,-0.44404,-0.76643,-1.00000,110.00,110.00,0.0000,0,84.39,0
662.8859,10471,-0.06194,0.54446,0.16446,72.53,102.00,0.1327,3,84.39,1
662.9619,10472,-0.03170,0.86857,0.17005,72.45,94.00,0.0000,1,84.39,0
663.0297,10473,0.00000,0.97002,0.17747,72.34,86.00,0.0000,1,84.39,0
663.0962,10474,0.00000,1.05918,0.15973,72.60,78.00,0.0000,2,84.39,0
663.1681,10475,0.03493,1.14735,0.17365,72.40,72.00,0.0000,1,84.39,0
663.2379,10476,0.05315,1.22358,0.17488,72.38,72.00,0.0000,0,84.39,0
663.3062,10477,0.06923,1.29083,0.17570,72.36,72.00,0.0000,0,84.39,0
663.3748,10478,0.08376,1.35166,0.17650,72.35,72.00,0.0000,1,84.39,0
663.4402,10479,0.09625,1.40389,0.17670,72.35,72.00,0.0000,0,84.39,0
663.5067,10480,0.10765,1.45158,0.17703,72.34,72.00,0.0000,0,84.39,0
663.5795,10481,0.11888,1.49855,0.17815,72.33,72.00,0.0000,0,84.39,0
663.6572,10482,0.12964,1.50000,0.17973,72.30,72.00,0.0000,0,84.39,0
663.7221,10483,0.13775,1.50000,0.17979,72.30,72.00,0.0000,0,84.39,0
663.7862,10484,0.14497,1.50000,0.17979,72.30,72.00,0.0000,0,84.39,0
663.8487,10485,0.15131,1.50000,0.17964,72.31,72.00,0.0000,0,84.39,0
663.9128,10486,0.15714,1.50000,0.17963,72.31,72.00,0.0000,0,84.39,0
663.9770,10487,0.16243,1.50000,0.17964,72.31,72.00,0.0000,0,84.39,0
664.0378,10488,0.16691,1.50000,0.17942,72.31,72.00,0.0000,0,84.39,0
664.1003,10489,0.17107,1.50000,0.17932,72.31,72.00,0.0000,0,84.39,0
664.1660,10490,0.17497,1.50000,0.17937,72.31,72.00,0.0000,0,84.39,0
664.2286,10491,0.17837,1.50000,0.17932,72.31,72.00,0.0000,0,84.39,0
664.2945,10492,0.18155,1.50000,0.17938,72.31,72.00,0.0000,0,84.39,0
664.3541,10493,0.18414,1.50000,0.17920,72.31,72.00,0.0000,0,84.39,0
664.4128,10494,0.18645,1.50000,0.17902,72.31,72.00,0.0000,0,84.39,0
664.4754,10495,0.18866,1.50000,0.17897,72.32,72.00,0.0000,1,84.39,0
664.5378,10496,0.19063,1.50000,0.17891,72.32,72.00,0.0000,0,84.39,0
664.6007,10497,0.00000,0.00000,0.00000,75.00,75.00,0.0000,0,84.39,0
664.6616,10498,0.00000,-0.41037,0.00063,74.99,74.00,0.1499,5,84.39,1
664.7286,10499,0.07093,-0.47313,0.14164,72.88,72.00,0.1351,3,84.39,1
664.8005,10500,0.08139,-0.48687,0.14098,72.89,72.00,0.0000,0,84.39,0
664.8671,10501,-0.05512,-0.55249,-0.35046,87.27,80.00,0.1132,5,84.39,1
664.9311,10502,-0.08855,-0.51955,-0.37680,88.19,88.00,0.1104,5,84.39,1
664.9974,10503,-0.11893,-0.69106,-0.39149,88.70,88.00,0.1089,9,84.39,1
665.0649,10504,-0.08660,-0.56104,-0.19293,81.75,81.00,0.1297,4,84.39,1
665.1372,10505,-0.10121,-0.56172,-0.18610,81.51,81.00,0.0000,0,84.39,0
665.2214,10506,-0.11645,-0.56242,-0.18920,81.62,81.00,0.0000,0,84.39,0
665.2896,10507,-0.12753,-0.56293,-0.18973,81.64,81.00,0.0000,0,84.39,0
665.3568,10508,-0.13734,-0.56339,-0.19007,81.65,81.00,0.0000,0,84.39,0
665.4282,10509,-0.14680,-0.56383,-0.19092,81.68,81.00,0.0000,0,84.39,0
665.5059,10510,-0.15602,-0.56425,-0.19229,81.73,81.00,0.0000,0,84.39,0
665.5722,10511,-0.16308,-0.56458,-0.19245,81.74,81.00,0.0000,0,84.39,0
665.6391,10512,-0.16943,-0.56487,-0.19261,81.74,81.00,0.0000,0,84.39,0
665.7055,10513,-0.17526,-0.56514,-0.19283,81.75,81.00,0.0000,0,84.39,0
665.7724,10514,-0.18045,-0.56538,-0.19300,81.75,81.00,0.0000,1,84.39,0
665.8356,10515,-0.18484,-0.56559,-0.19290,81.75,81.00,0.0000,0,84.39,0
665.8995,10516,-0.18889,-0.56577,-0.19291,81.75,81.00,0.0000,0,84.39,0
665.9596,10517,-0.19232,-0.56593,-0.19272,81.75,81.00,0.0000,1,84.39,0
666.0180,10518,-0.19532,-0.56607,-0.19247,81.74,81.00,0.0000,0,84.39,0
666.0782,10519,-0.19807,-0.56620,-0.19231,81.73,81.00,0.0000,1,84.39,0
666.1421,10520,-0.20072,-0.56632,-0.19229,81.73,81.00,0.0000,1,84.39,0
666.2084,10521,-0.20318,-0.56644,-0.19235,81.73,81.00,0.0000,0,84.39,0
666.2713,10522,-0.20526,-0.56653,-0.19229,81.73,81.00,0.0000,0,84.39,0
666.3314,10523,-0.20708,-0.56662,-0.19219,81.73,81.00,0.0000,0,84.39,0
666.3963,10524,-0.20883,-0.56670,-0.19219,81.73,81.00,0.0000,0,84.39,0
666.4646,10525,-0.21053,-0.56678,-0.19230,81.73,81.00,0.0000,0,84.39,0
666.5365,10526,-0.21208,-0.56685,-0.19243,81.73,81.00,0.0000,1,84.39,0
666.6050,10527,-0.21346,-0.56691,-0.19252,81.74,81.00,0.0000,0,84.39,0
666.6695,10528,-0.21461,-0.56696,-0.19252,81.74,81.00,0.0000,0,84.39,0
666.7353,10529,-0.21566,-0.56701,-0.19254,81.74,81.00,0.0000,0,84.39,0
666.8037,10530,0.00000,0.00000,0.00000,75.00,75.00,0.0000,0,84.39,0
666.8745,10531,0.00000,0.00000,0.00000,75.00,75.00,0.0000,0,84.39,0
666.9404,10532,0.00000,0.00000,0.00000,75.00,75.00,0.0000,0,84.39,0
667.0018,10533,0.00000,0.00000,0.00000,75.00,75.00,0.0000,0,84.39,0
667.0639,10534,-0.27620,-0.82038,-0.25285,83.85,83.00,0.1235,5,84.39,1
667.1190,10535,-0.27726,-0.82353,-0.24665,83.63,83.00,0.0000,1,84.39,0
667.1800,10536,-0.27829,-0.82660,-0.24661,83.63,83.00,0.0000,0,84.39,0
667.2404,10537,-0.27921,-0.82934,-0.24656,83.63,83.00,0.0000,0,84.39,0
667.3042,10538,-0.28009,-0.83194,-0.24655,83.63,83.00,0.0000,0,84.39,0
667.3687,10539,-0.28089,-0.83431,-0.24656,83.63,83.00,0.0000,2,84.39,0
667.4280,10540,-0.05135,-0.38047,0.29933,70.51,75.00,0.1186,6,84.39,1
667.4908,10541,0.00000,-0.30323,0.30993,70.35,70.00,0.0000,1,84.39,0
667.5532,10542,0.02343,-0.23373,0.29899,70.52,70.00,0.0000,2,84.39,0
667.6133,10543,0.00000,-0.51659,0.20843,71.87,71.00,0.1281,3,84.39,1
667.6758,10544,-0.03859,0.00340,0.01170,74.82,74.00,0.1488,13,84.39,1
667.7385,10545,-0.08108,0.54358,-0.14220,79.98,79.00,0.1351,19,85.35,1
667.8054,10546,-0.11352,0.86448,-0.23484,83.22,83.00,0.1253,20,81.82,1
667.8680,10547,-0.12444,1.06465,-0.23593,83.26,83.00,0.1252,19,81.82,1
667.9283,10548,-0.11451,1.16011,-0.16846,80.90,80.00,0.1323,19,78.64,1
667.9902,10549,-0.13363,1.18956,-0.22048,82.72,82.00,0.1268,24,78.22,1
668.0521,10550,-0.19429,1.04176,-0.40861,89.30,89.00,0.1071,27,76.77,1
668.1161,10551,-0.22550,0.77668,-0.45396,90.89,90.00,0.1023,27,76.83,1
668.1766,10552,-0.21277,0.29614,-0.34623,87.12,87.00,0.1136,27,75.98,1
668.2404,10553,-0.16108,0.03066,-0.13004,79.55,79.00,0.1363,27,76.00,1
668.3051,10554,-0.11808,-0.09470,0.00352,74.95,74.00,0.1496,27,76.10,1
668.3673,10555,-0.05889,-0.09559,0.16571,72.51,72.00,0.1326,27,75.87,1
668.4283,10556,0.03384,-0.08529,0.41428,68.79,68.00,0.1065,27,74.64,1
668.4903,10557,0.10958,-0.29133,0.55586,66.66,66.00,0.0916,25,72.84,1
668.5501,10558,0.16574,-0.45985,0.61323,65.80,65.00,0.0856,24,71.28,1
668.6085,10559,0.18822,-0.51832,0.55592,66.66,66.00,0.0916,23,69.25,1
668.6700,10560,0.16100,-0.52322,0.34102,69.88,69.00,0.1142,22,66.70,1
668.7314,10561,0.10416,-0.40509,0.07945,73.81,73.00,0.1417,20,63.36,1
668.7916,10562,0.05498,-0.35021,-0.09324,78.26,78.00,0.1402,20,59.56,1
668.8547,10563,0.02960,-0.31126,-0.14400,80.04,80.00,0.1349,17,57.12,1
668.9156,10564,0.00000,-0.18731,-0.17208,81.02,81.00,0.1319,16,54.57,1
668.9779,10565,0.00000,-0.31649,-0.16154,80.65,80.00,0.1330,14,51.62,1
669.0424,10566,0.00000,0.27874,-0.15757,80.51,80.00,0.1335,10,48.92,1
669.1035,10567,0.02561,-0.11433,0.01641,74.75,74.00,0.1483,10,46.55,1
669.1644,10568,0.03688,-0.12916,0.05304,74.20,74.00,0.1444,10,45.22,1
669.2281,10569,0.05383,-0.11655,0.10180,73.47,73.00,0.1393,9,43.58,1
669.2926,10570,0.03169,-0.40769,0.00458,74.93,74.00,0.1495,11,42.30,1
669.3561,10571,0.00000,-0.42862,-0.12763,79.47,79.00,0.1366,16,41.25,1
669.4186,10572,-0.02366,-0.59917,-0.15077,80.28,80.00,0.1342,14,39.16,1
669.4805,10573,-0.05247,-0.46624,-0.21748,82.61,82.00,0.1272,15,45.34,1
669.5468,10574,-0.19577,-0.63624,-0.66782,98.37,90.00,0.0799,11,45.91,1
669.6092,10575,-0.30360,-0.53222,-0.90395,106.64,98.00,0.0551,8,45.91,1
669.6725,10576,-0.22242,0.04909,-0.44449,90.56,90.00,0.1033,5,45.91,1
669.7328,10577,-0.14822,-0.03807,-0.12797,79.48,82.00,0.1366,7,45.91,1
669.7979,10578,-0.16358,-0.27273,-0.19545,81.84,81.00,0.1295,12,47.72,1
669.8608,10579,0.00000,-0.60794,0.38432,69.24,73.00,0.1096,3,47.72,1
669.9272,10580,-0.08370,-0.29270,-0.04822,76.69,76.00,0.1449,5,47.72,1
669.9937,10581,-0.03621,-0.11607,0.09366,73.60,73.00,0.1402,6,48.85,1
670.0606,10582,-0.05147,-0.01024,-0.01168,75.41,75.00,0.1488,9,47.06,1
670.1366,10583,0.00000,0.10551,0.17130,72.43,72.00,0.1320,8,50.41,1
670.2047,10584,-0.07994,0.18712,-0.20236,82.08,80.00,0.1288,6,50.41,1
670.2752,10585,-0.09140,0.27851,-0.17771,81.22,81.00,0.0000,1,50.41,0
670.3457,10586,-0.10651,0.50797,-0.20431,82.15,82.00,0.1285,4,50.41,1
670.4104,10587,-0.15956,0.23843,-0.34997,87.25,87.00,0.1133,11,50.41,1
670.4746,10588,-0.18144,0.24938,-0.32683,86.44,86.00,0.0000,2,50.41,0
670.5374,10589,0.18744,-0.09913,0.86260,62.06,78.00,0.0594,9,50.41,1
670.6036,10590,0.00000,0.11777,0.03584,74.46,74.00,0.1462,7,50.41,1
670.6744,10591,0.16795,-0.09115,0.62341,65.65,66.00,0.0845,9,50.41,1
670.7456,10592,0.26594,0.29252,0.80554,62.92,62.00,0.0654,7,50.41,1
670.8099,10593,0.22706,-0.27659,0.51039,67.34,67.00,0.0964,12,50.41,1
670.8726,10594,0.24414,-0.36573,0.48700,67.70,67.00,0.0989,11,50.41,1
670.9355,10595,0.21952,-0.71461,0.33103,70.03,70.00,0.1152,8,50.41,1
671.0010,10596,0.14237,-0.49596,0.03270,74.51,74.00,0.1466,7,48.67,1
671.0752,10597,0.02633,-0.33366,-0.32091,86.23,82.00,0.1163,4,48.67,1
671.1398,10598,-0.03806,0.29778,-0.42847,90.00,89.00,0.1050,3,48.67,1
671.2047,10599,-0.17721,0.61924,-0.77777,102.22,97.00,0.0683,3,48.67,1
671.2672,10600,-0.26165,0.27318,-0.88191,105.87,105.00,0.0574,8,48.67,1
671.3297,10601,-0.22110,-0.17045,-0.54741,94.16,97.00,0.0925,9,49.90,1
671.3939,10602,-0.21586,-0.42828,-0.42390,89.84,89.00,0.1055,8,50.21,1
671.4602,10603,-0.15480,-0.69109,-0.13684,79.79,81.00,0.1356,12,51.09,1
671.5289,10604,-0.08569,-0.89440,0.10114,73.48,73.00,0.1394,12,52.48,1
671.5931,10605,0.00000,-0.96502,0.32526,70.12,70.00,0.1158,13,52.73,1
671.6598,10606,-0.05782,-0.97906,0.04481,74.33,74.00,0.1453,13,52.73,1
671.7220,10607,-0.07230,-1.04449,-0.03268,76.14,76.00,0.1466,5,52.73,1
671.7887,10608,-0.06913,-1.14110,-0.03516,76.23,76.00,0.0000,2,52.73,0
671.8560,10609,-0.09344,-0.42551,-0.12108,79.24,79.00,0.1373,9,57.66,1
671.9178,10610,-0.13718,-0.54034,-0.25310,83.86,83.00,0.1234,8,63.34,1
671.9784,10611,-0.07580,-0.62797,-0.01722,75.60,75.00,0.1482,10,66.71,1
672.0428,10612,-0.03703,-0.22109,0.09748,73.54,73.00,0.1398,5,66.71,1
672.1139,10613,-0.03187,-0.07451,0.06898,73.97,73.00,0.1428,6,63.64,1
672.1772,10614,-0.07557,0.08520,-0.11397,78.99,78.00,0.1380,5,62.57,1
672.2406,10615,0.05501,0.26767,0.34814,69.78,70.00,0.1134,7,62.57,1
672.3051,10616,-0.12502,0.15261,-0.36882,87.91,78.00,0.1113,3,62.57,1
672.3719,10617,-0.09757,-0.17400,-0.19935,81.98,81.00,0.1291,7,62.57,1
672.4366,10618,-0.11861,-0.32857,-0.24343,83.52,83.00,0.1244,8,62.57,1
672.5018,10619,-0.04507,-0.68310,0.04584,74.31,75.00,0.1452,7,66.32,1
672.5656,10620,-0.06501,-0.69030,-0.05481,76.92,76.00,0.1442,14,66.18,1
672.6343,10621,-0.11323,-0.69416,-0.22922,83.02,83.00,0.1259,11,66.18,1
672.7027,10622,-0.06017,-0.69199,-0.01515,75.53,75.00,0.1484,10,66.18,1
672.7656,10623,0.02208,-0.86131,0.24920,71.26,71.00,0.1238,6,67.67,1
672.8257,10624,0.02268,-0.57039,0.17847,72.32,72.00,0.1313,7,69.10,1
672.8844,10625,0.13400,-0.44045,0.51679,67.25,67.00,0.0957,8,69.10,1
672.9443,10626,0.22565,-0.13777,0.72011,64.20,64.00,0.0744,10,69.29,1
673.0070,10627,0.22860,0.20140,0.57324,66.40,66.00,0.0898,16,69.40,1
673.0690,10628,0.19011,0.25384,0.32914,70.06,70.00,0.1154,15,68.73,1
673.1317,10629,0.14684,0.23094,0.13115,73.03,73.00,0.1362,18,68.60,1
673.1937,10630,0.09996,0.17175,-0.03131,76.10,76.00,0.1467,20,69.51,1
673.2534,10631,0.07153,0.19484,-0.09538,78.34,78.00,0.1400,20,71.50,1
673.3138,10632,0.07676,0.09409,-0.02991,76.05,76.00,0.1469,22,72.50,1
673.3728,10633,0.08126,0.00269,0.01525,74.77,74.00,0.1484,24,72.73,1
673.4310,10634,0.08619,0.01068,0.05068,74.24,74.00,0.1447,22,72.68,1
673.4920,10635,0.07942,0.02501,0.03740,74.44,74.00,0.1461,22,74.18,1
673.5512,10636,0.06983,-0.02737,0.01632,74.76,74.00,0.1483,24,75.35,1
673.6144,10637,0.08038,-0.02346,0.07102,73.93,73.00,0.1425,21,75.50,1
673.6773,10638,0.10862,-0.06636,0.17415,72.39,72.00,0.1317,22,75.06,1
673.7391,10639,0.09908,-0.01891,0.12357,73.15,73.00,0.1370,24,75.20,1
673.8044,10640,0.10185,-0.05414,0.12852,73.07,73.00,0.1365,22,75.49,1
673.8775,10641,0.06774,-0.01950,0.00616,74.91,74.00,0.1494,21,75.75,1
673.9407,10642,0.06999,-0.02914,0.03654,74.45,74.00,0.1462,23,75.21,1
674.0066,10643,0.06336,-0.03369,0.02920,74.56,74.00,0.1469,21,74.96,1
674.0723,10644,0.05332,-0.10240,0.01104,74.83,74.00,0.1488,19,75.12,1
674.1360,10645,0.09165,-0.02681,0.16216,72.57,72.00,0.1330,21,75.05,1
674.2015,10646,0.06759,-0.05620,0.06353,74.05,74.00,0.1433,18,75.77,1
674.2663,10647,0.06648,-0.03428,0.06813,73.98,73.00,0.1428,22,76.38,1
674.3297,10648,0.08066,0.00213,0.12431,73.14,73.00,0.1369,20,76.24,1
674.3956,10649,0.07500,0.09429,0.09938,73.51,73.00,0.1396,23,75.53,1
674.4594,10650,0.08962,0.01753,0.15121,72.73,72.00,0.1341,20,74.98,1
674.5263,10651,0.06686,-0.06432,0.06242,74.06,74.00,0.1434,20,76.11,1
674.6020,10652,0.04710,-0.18201,0.00788,74.88,74.00,0.1492,21,75.64,1
674.6714,10653,0.07020,-0.10862,0.10994,73.35,73.00,0.1385,19,75.71,1
674.7406,10654,0.07299,0.00515,0.11809,73.23,73.00,0.1376,23,76.92,1
674.8163,10655,0.04794,0.05120,0.03054,74.54,74.00,0.1468,24,77.11,1
674.8896,10656,0.03617,0.17194,0.00996,74.85,74.00,0.1490,21,78.55,1
674.9620,10657,0.00000,-0.01738,-0.05576,76.95,76.00,0.1441,19,80.46,1
675.0360,10658,0.00000,-0.06616,-0.05375,76.88,76.00,0.1444,22,81.37,1
675.1040,10659,0.00000,-0.06520,0.01255,74.81,74.00,0.1487,19,82.22,1
675.1740,10660,0.05182,-0.21844,0.16044,72.59,72.00,0.1332,22,82.01,1
675.2388,10661,0.04746,-0.02284,0.12562,73.12,73.00,0.1368,20,82.83,1
675.3089,10662,0.06237,0.07338,0.16547,72.52,72.00,0.1326,16,84.33,1
675.3752,10663,0.05518,0.12425,0.12277,73.16,73.00,0.1371,20,85.01,1
675.4406,10664,0.00000,0.24494,-0.08277,77.90,77.00,0.1413,19,86.75,1
675.5091,10665,0.00000,0.34447,-0.06555,77.29,77.00,0.1431,21,86.63,1
675.5811,10666,0.00000,0.39157,0.02014,74.70,74.00,0.1479,19,85.44,1
675.6458,10667,-0.02589,0.36354,-0.07302,77.56,77.00,0.1423,19,86.90,1
675.7122,10668,0.00000,0.37835,0.03252,74.51,74.00,0.1466,18,88.41,1
675.7732,10669,-0.02070,0.26625,-0.02091,75.73,75.00,0.1478,18,89.19,1
675.8335,10670,0.00000,0.30461,0.07533,73.87,73.00,0.1421,16,90.11,1
675.8922,10671,-0.02032,0.48969,-0.01329,75.47,75.00,0.1486,15,91.60,1
675.9517,10672,-0.06198,0.42023,-0.14767,80.17,80.00,0.1345,17,92.39,1
676.0119,10673,-0.02885,0.38481,0.00855,74.87,74.00,0.1491,14,93.85,1
676.0707,10674,0.00000,0.37211,0.11650,73.25,73.00,0.1378,16,92.97,1
676.1313,10675,-0.08139,0.48874,-0.19359,81.78,81.00,0.1297,14,95.30,1
676.1966,10676,-0.07433,0.41029,-0.11864,79.15,79.00,0.1375,17,96.32,1
676.2610,10677,-0.06713,0.50157,-0.06561,77.30,77.00,0.1431,14,95.59,1
676.3223,10678,-0.05467,0.54539,-0.00965,75.34,75.00,0.1490,18,95.99,1
676.3873,10679,-0.04281,0.56994,0.03111,74.53,74.00,0.1467,19,98.24,1
676.4539,10680,-0.07486,0.57550,-0.08987,78.15,78.00,0.1406,15,98.00,1
676.5155,10681,-0.07430,0.58961,-0.07139,77.50,77.00,0.1425,15,98.82,1
676.5758,10682,-0.07844,0.62213,-0.07495,77.62,77.00,0.1421,17,100.12,1
676.6380,10683,-0.06956,0.52998,-0.03352,76.17,76.00,0.1465,19,97.64,1
676.7028,10684,-0.06453,0.42380,-0.01576,75.55,75.00,0.1483,16,98.23,1
676.7645,10685,0.00000,0.46511,0.15436,72.68,72.00,0.1338,15,99.46,1
676.8287,10686,0.00000,0.51176,0.18154,72.28,72.00,0.1309,12,96.46,1
676.8902,10687,0.00000,0.40387,0.14296,72.86,72.00,0.1350,14,94.88,1
676.9490,10688,-0.02022,0.45235,0.02105,74.68,74.00,0.1478,16,96.16,1
677.0073,10689,0.04240,0.55091,0.23809,71.43,71.00,0.1250,12,96.30,1
677.0702,10690,0.06104,0.40355,0.25297,71.21,71.00,0.1234,13,96.32,1
677.1323,10691,0.00000,0.51244,-0.01515,75.53,75.00,0.1484,14,97.14,1
677.1935,10692,-0.02665,0.50444,-0.08830,78.09,78.00,0.1407,16,97.40,1
677.2543,10693,-0.03119,0.50690,-0.07690,77.69,77.00,0.1419,16,98.54,1
677.3129,10694,-0.04154,0.39475,-0.09069,78.17,78.00,0.1405,13,99.88,1
677.3718,10695,-0.08274,0.30082,-0.21229,82.43,82.00,0.1277,15,101.08,1
677.4311,10696,-0.11106,0.33751,-0.26561,84.30,84.00,0.1221,14,100.63,1
677.4923,10697,-0.10409,0.32580,-0.18543,81.49,81.00,0.1305,16,101.29,1
677.5563,10698,-0.10089,0.43806,-0.13993,79.90,79.00,0.1353,14,99.16,1
677.6189,10699,-0.06632,0.47063,0.00051,74.99,74.00,0.1499,10,99.55,1
677.6807,10700,0.00000,0.20866,0.18621,72.21,72.00,0.1304,14,98.52,1
677.7411,10701,0.02596,-0.06892,0.26155,71.08,71.00,0.1225,15,99.74,1
677.8068,10702,0.03971,0.34679,0.24279,71.36,71.00,0.1245,7,94.47,1
677.8645,10703,0.07655,0.20831,0.32014,70.20,70.00,0.1164,9,98.12,1
677.9242,10704,0.06540,-0.03324,0.21720,71.74,71.00,0.1272,13,98.33,1
677.9837,10705,0.06394,-0.14523,0.17436,72.38,72.00,0.1317,9,97.00,1
678.0446,10706,0.07126,-0.46010,0.17413,72.39,72.00,0.1317,10,91.20,1
678.1071,10707,0.06702,-0.53844,0.13554,72.97,72.00,0.1358,10,92.50,1
678.1662,10708,0.03330,-0.47881,0.00492,74.93,74.00,0.1495,10,89.45,1
678.2242,10709,0.03119,-0.50735,0.01296,74.81,74.00,0.1486,11,89.96,1
678.2827,10710,0.02109,-0.39219,-0.00952,75.33,75.00,0.1490,9,89.96,1
678.3442,10711,0.00000,-0.52480,-0.01867,75.65,75.00,0.1480,12,89.33,1
678.4039,10712,0.02530,-0.46966,0.03710,74.44,74.00,0.1461,8,91.59,1
678.4637,10713,-0.02556,-0.20101,-0.13637,79.77,79.00,0.1357,10,89.28,1
678.5236,10714,0.04689,-0.17531,0.15901,72.61,72.00,0.1333,11,87.70,1
678.5844,10715,0.05370,-0.18174,0.15852,72.62,72.00,0.1334,14,86.36,1
678.6448,10716,0.10799,-0.10466,0.32704,70.09,70.00,0.1157,10,88.32,1
678.7085,10717,0.12115,-0.02142,0.31511,70.27,70.00,0.1169,13,87.46,1
678.7758,10718,0.11008,-0.12959,0.22486,71.63,71.00,0.1264,11,83.31,1
678.8380,10719,0.10457,-0.25941,0.18200,72.27,72.00,0.1309,12,85.78,1
678.8982,10720,0.13453,-0.25651,0.27442,70.88,70.00,0.1212,13,87.55,1
678.9610,10721,0.14202,-0.31273,0.26998,70.95,70.00,0.1217,10,90.80,1
679.0241,10722,0.13135,-0.31474,0.20638,71.90,71.00,0.1283,13,93.92,1
679.0885,10723,0.13152,-0.31922,0.19723,72.04,72.00,0.1293,9,94.53,1
679.1610,10724,0.11172,-0.26244,0.12260,73.16,73.00,0.1371,15,88.27,1
679.2251,10725,0.10434,-0.25784,0.10921,73.36,73.00,0.1385,12,87.98,1
679.2899,10726,0.09412,-0.26346,0.08874,73.67,73.00,0.1407,10,91.88,1
679.3523,10727,0.10003,-0.18729,0.12739,73.09,73.00,0.1366,11,91.16,1
679.4174,10728,0.06304,-0.38024,0.00872,74.87,74.00,0.1491,10,89.14,1
679.4835,10729,0.11527,-0.42584,0.22552,71.62,71.00,0.1263,11,89.13,1
679.5490,10730,0.15400,-0.44252,0.34436,69.83,69.00,0.1138,12,88.52,1
679.6080,10731,0.14646,-0.39692,0.28249,70.76,70.00,0.1203,11,92.53,1
679.6682,10732,0.14922,-0.33971,0.27223,70.92,70.00,0.1214,9,93.38,1
679.7273,10733,0.08380,-0.24343,0.02760,74.59,74.00,0.1471,10,93.94,1
679.7874,10734,0.13816,-0.24879,0.25662,71.15,71.00,0.1231,9,93.05,1
679.8510,10735,0.20348,-0.21535,0.47227,67.92,67.00,0.1004,8,93.74,1
679.9216,10736,0.20353,-0.19310,0.40807,68.88,68.00,0.1072,10,93.74,1
679.9820,10737,0.13480,-0.05249,0.13545,72.97,72.00,0.1358,8,93.12,1
680.0457,10738,0.07621,-0.15099,-0.04150,76.45,76.00,0.1456,12,96.81,1
680.1059,10739,0.06886,-0.27835,-0.00717,75.25,75.00,0.1492,10,91.03,1
680.1675,10740,0.09167,-0.08550,0.12275,73.16,73.00,0.1371,7,91.32,1
680.2305,10741,0.09849,-0.12088,0.16589,72.51,72.00,0.1326,10,87.44,1
680.2933,10742,0.06689,0.16750,0.06476,74.03,74.00,0.1432,8,83.70,1
680.3607,10743,0.02392,0.07724,-0.05158,76.81,76.00,0.1446,11,83.46,1
680.4304,10744,0.00000,0.02538,-0.09197,78.22,78.00,0.1403,8,83.46,1
680.4926,10745,0.00000,-0.06477,0.02525,74.62,74.00,0.1473,9,83.48,1
680.5568,10746,0.06441,-0.06138,0.22851,71.57,71.00,0.1260,10,84.23,1
680.6194,10747,0.07520,-0.14676,0.24793,71.28,71.00,0.1240,11,86.64,1
680.6843,10748,0.05459,-0.15577,0.15567,72.67,72.00,0.1337,8,87.08,1
680.7544,10749,0.02051,-0.30040,0.04015,74.40,74.00,0.1458,9,87.08,1
680.8168,10750,0.02043,-0.30416,0.06606,74.01,74.00,0.1431,12,88.12,1
680.8813,10751,0.05440,-0.39452,0.20306,71.95,71.00,0.1287,11,85.86,1
680.9450,10752,0.02295,-0.32104,0.08243,73.76,73.00,0.1413,12,86.47,1
681.0157,10753,0.04183,-0.28022,0.16470,72.53,72.00,0.1327,10,86.26,1
681.0792,10754,0.02927,-0.30404,0.11818,73.23,73.00,0.1376,7,87.48,1
681.1435,10755,0.00000,-0.38181,0.04022,74.40,74.00,0.1458,8,85.33,1
681.2055,10756,0.00000,-0.34968,0.07151,73.93,73.00,0.1425,11,86.40,1
681.2759,10757,0.05046,-0.42963,0.23518,71.47,71.00,0.1253,12,89.06,1
681.3386,10758,0.13048,0.21360,0.48997,67.65,67.00,0.0986,6,90.49,1
681.4038,10759,0.10820,0.38787,0.33776,69.93,69.00,0.1145,10,93.51,1
681.4720,10760,0.08088,0.50721,0.20695,71.90,71.00,0.1283,12,97.66,1
681.5445,10761,0.04446,0.13592,0.07991,73.80,73.00,0.1416,11,99.70,1
681.6205,10762,0.00000,-0.16055,-0.00505,75.18,75.00,0.1495,8,101.73,1
681.6898,10763,0.02092,0.01124,0.07120,73.93,73.00,0.1425,13,100.37,1
681.7545,10764,0.08090,0.13359,0.29743,70.54,70.00,0.1188,10,101.74,1
681.8211,10765,0.06613,0.33611,0.21779,71.73,71.00,0.1271,9,103.31,1
681.8942,10766,0.05783,-0.04493,0.18040,72.29,72.00,0.1311,12,104.21,1
681.9766,10767,0.00000,-0.16923,0.00012,75.00,74.00,0.1500,15,105.50,1
682.0448,10768,0.00000,-0.00705,0.00103,74.98,74.00,0.1499,11,105.95,1
682.1094,10769,0.00000,0.18141,0.05785,74.13,74.00,0.1439,16,106.66,1
682.1743,10770,0.00000,-0.11779,0.06534,74.02,74.00,0.1431,12,108.39,1
682.2375,10771,0.00000,0.04479,0.06280,74.06,74.00,0.1434,10,109.88,1
682.3022,10772,0.00000,-0.36826,0.14724,72.79,72.00,0.1345,10,109.79,1
682.3720,10773,-0.02302,-0.56248,0.04394,74.34,74.00,0.1454,11,108.54,1
682.4368,10774,-0.07474,-0.56709,-0.11436,79.00,79.00,0.1380,13,109.50,1
682.5008,10775,-0.06357,-0.32973,-0.02427,75.85,75.00,0.1475,14,110.07,1
682.5664,10776,0.00000,0.02693,0.21799,71.73,71.00,0.1271,11,110.31,1
682.6303,10777,0.00000,0.16119,0.23477,71.48,71.00,0.1253,13,108.31,1
682.6935,10778,0.04599,0.29890,0.32354,70.15,70.00,0.1160,13,108.20,1
682.7606,10779,0.00000,0.11352,0.13268,73.01,73.00,0.1361,11,108.98,1
682.8264,10780,0.00000,0.14060,0.11135,73.33,73.00,0.1383,15,108.36,1
682.8922,10781,0.02766,0.10862,0.21561,71.77,71.00,0.1274,10,107.99,1
682.9608,10782,0.03471,-0.14188,0.22025,71.70,71.00,0.1269,8,108.89,1
683.0245,10783,-0.02392,-0.19798,0.00141,74.98,74.00,0.1499,9,103.25,1
683.0941,10784,0.00000,0.10633,0.15110,72.73,72.00,0.1341,6,107.03,1
683.1578,10785,-0.03401,0.54557,-0.00585,75.20,75.00,0.1494,4,105.23,1
683.2207,10786,0.07189,0.10163,0.39007,69.15,69.00,0.1090,6,105.23,1
683.2807,10787,0.09159,0.06209,0.40372,68.94,68.00,0.1076,7,105.23,1
683.3474,10788,0.13847,-0.05592,0.50820,67.38,67.00,0.0966,5,105.23,1
683.4121,10789,0.24342,-0.51870,0.79802,63.03,63.00,0.0662,5,105.23,1
683.4745,10790,0.29339,-0.68703,0.77386,63.39,63.00,0.0000,1,105.23,0
683.5337,10791,0.23147,-0.78273,0.47572,67.86,67.00,0.1000,8,105.23,1
683.5939,10792,0.24428,-0.72382,0.48248,67.76,67.00,0.0993,10,105.23,1
683.6553,10793,0.24525,-0.21300,0.45178,68.22,68.00,0.1026,9,103.30,1
683.7163,10794,0.19269,0.25601,0.24582,71.31,71.00,0.1242,10,103.30,1
683.7757,10795,0.20226,0.28140,0.29989,70.50,70.00,0.1185,5,103.30,1
683.8356,10796,0.20048,0.43322,0.27840,70.82,70.00,0.0000,2,103.30,0
683.8967,10797,0.19884,0.52498,0.25645,71.15,71.00,0.0000,2,103.30,0
683.9609,10798,0.20920,0.03547,0.29497,70.58,70.00,0.1190,6,103.30,1
684.0218,10799,0.12271,-0.04287,0.03312,74.50,74.00,0.1465,9,103.30,1
684.0836,10800,0.21300,0.41775,0.37610,69.36,69.00,0.1105,4,103.30,1
684.1475,10801,0.19622,0.39074,0.29972,70.50,70.00,0.1185,8,103.30,1
684.2065,10802,0.12312,0.34838,0.04448,74.33,74.00,0.1453,9,103.30,1
684.2652,10803,0.10616,0.02224,0.03797,74.43,74.00,0.1460,6,98.77,1
684.3239,10804,0.20179,-0.09194,0.42836,68.57,68.00,0.1050,6,98.77,1
684.3822,10805,0.23537,-0.42857,0.51467,67.28,67.00,0.0960,6,98.77,1
684.4424,10806,0.19450,-0.44388,0.32232,70.17,70.00,0.1162,6,93.80,1
684.5017,10807,0.18567,-0.66244,0.28931,70.66,70.00,0.1196,9,92.82,1
684.5595,10808,0.27248,-0.36307,0.60101,65.98,65.00,0.0869,3,92.82,1
684.6245,10809,0.22891,-0.10498,0.37934,69.31,69.00,0.1102,6,92.82,1
684.6855,10810,0.28650,-0.43555,0.56777,66.48,66.00,0.0904,4,92.82,1
684.7450,10811,0.30591,-0.48739,0.54501,66.82,66.00,0.0000,2,92.82,0
684.8053,10812,0.32353,-0.53447,0.52231,67.17,67.00,0.0000,2,92.82,0
684.8652,10813,0.27014,-0.86963,0.33721,69.94,69.00,0.1146,4,92.82,1
684.9225,10814,0.25740,-0.77904,0.30396,70.44,70.00,0.1181,6,92.82,1
684.9794,10815,0.17460,-0.52397,0.04635,74.30,74.00,0.1451,6,92.82,1
685.0359,10816,0.00000,-0.23853,-0.45521,90.93,82.00,0.1022,7,94.63,1
685.0950,10817,-0.16897,0.25919,-0.92791,107.48,90.00,0.0526,3,94.63,1
685.1533,10818,-0.15634,0.43156,-0.63075,97.08,97.00,0.0838,5,94.63,1
685.2145,10819,-0.10864,0.56319,-0.28545,84.99,89.00,0.1200,3,91.87,1
685.2724,10820,-0.14008,0.73683,-0.30335,85.62,85.00,0.0000,2,91.87,0
685.3343,10821,-0.17003,0.82878,-0.32419,86.35,86.00,0.0000,2,91.87,0
685.3952,10822,0.04388,0.25216,0.36738,69.49,78.00,0.1114,6,91.87,1
685.4630,10823,0.05016,0.23715,0.31649,70.25,70.00,0.1168,8,93.08,1
685.5264,10824,0.07616,0.09689,0.34497,69.83,69.00,0.1138,6,93.08,1
685.5906,10825,0.05042,0.16320,0.19743,72.04,72.00,0.1293,8,93.08,1
685.6590,10826,0.03382,-0.13169,0.11391,73.29,73.00,0.1380,9,93.08,1
685.7252,10827,0.03643,0.04563,0.11883,73.22,73.00,0.1375,4,93.08,1
685.7917,10828,0.00000,0.27288,-0.05356,76.87,76.00,0.1444,6,93.08,1
685.8665,10829,0.04261,-0.25061,0.17611,72.36,72.00,0.1315,3,93.08,1
685.9352,10830,0.00000,-0.50335,-0.02269,75.79,75.00,0.1476,5,93.08,1
686.0067,10831,0.02008,-0.38476,0.10959,73.36,73.00,0.1385,8,93.08,1
686.0729,10832,0.06828,-0.10222,0.26787,70.98,70.00,0.1219,6,93.08,1
686.1442,10833,0.09291,0.18655,0.30911,70.36,70.00,0.1175,4,93.08,1
686.2082,10834,0.11095,0.29488,0.28596,70.71,70.00,0.0000,2,96.78,0
686.2757,10835,0.10178,0.24596,0.22120,71.68,71.00,0.1268,6,96.78,1
686.3479,10836,0.11972,0.08143,0.25692,71.15,71.00,0.1230,7,96.78,1
686.4116,10837,0.09375,-0.00411,0.14751,72.79,72.00,0.1345,8,95.50,1
686.4765,10838,0.07879,-0.01482,0.09683,73.55,73.00,0.1398,7,95.85,1
686.5403,10839,0.09184,-0.21891,0.15340,72.70,72.00,0.1339,6,95.85,1
686.6078,10840,0.09285,-0.39533,0.15573,72.66,72.00,0.1336,4,95.85,1
686.6794,10841,0.12260,-0.17568,0.25721,71.14,71.00,0.1230,5,95.85,1
686.7469,10842,0.08849,-0.24741,0.11767,73.23,73.00,0.1376,7,99.46,1
686.8132,10843,0.00000,-0.28669,-0.13723,79.80,79.00,0.1356,7,102.12,1
686.8859,10844,0.03392,-0.36763,0.01150,74.83,74.00,0.1488,6,105.26,1
686.9529,10845,0.03005,-0.44756,0.02688,74.60,74.00,0.1472,10,105.26,1
687.0219,10846,0.00000,-0.34797,-0.07667,77.68,77.00,0.1420,9,105.26,1
687.0865,10847,0.00000,-0.23266,-0.00943,75.33,75.00,0.1490,9,105.26,1
687.1514,10848,0.00000,-0.25479,0.04147,74.38,74.00,0.1456,7,105.26,1
687.2166,10849,0.00000,-0.16743,0.01199,74.82,74.00,0.1487,10,105.26,1
687.2883,10850,0.00000,-0.45364,0.06310,74.05,74.00,0.1434,6,107.73,1
687.3541,10851,-0.03185,-0.42329,-0.05805,77.03,77.00,0.1439,6,107.73,1
687.4175,10852,0.02005,-0.70699,0.15021,72.75,72.00,0.1342,5,107.73,1
687.4883,10853,0.00000,-0.50531,0.06698,74.00,73.00,0.1430,9,107.73,1
687.5558,10854,0.05637,-0.05057,0.25728,71.14,71.00,0.1230,6,107.73,1
687.6372,10855,0.00000,0.19637,0.04958,74.26,74.00,0.1448,5,99.26,1
687.7051,10856,0.03531,0.52594,0.14445,72.83,72.00,0.1348,6,99.26,1
687.7687,10857,0.00000,0.39220,0.05069,74.24,74.00,0.1447,9,103.73,1
687.8324,10858,0.12842,0.08566,0.46196,68.07,68.00,0.1015,9,103.73,1
687.8997,10859,0.12371,-0.06091,0.36321,69.55,69.00,0.1119,11,96.86,1
687.9653,10860,0.07084,-0.47974,0.12910,73.06,73.00,0.1364,4,96.86,1
688.0325,10861,0.16820,-0.56847,0.47086,67.94,67.00,0.1006,6,94.67,1
688.0950,10862,0.17932,-0.66486,0.44232,68.37,68.00,0.1036,6,94.67,1
688.1567,10863,0.19095,-0.61608,0.42913,68.56,68.00,0.1049,3,88.81,1
688.2208,10864,0.20745,-0.43932,0.43927,68.41,68.00,0.1039,6,88.81,1
688.2841,10865,0.23235,-0.34920,0.48250,67.76,67.00,0.0993,6,88.81,1
688.3470,10866,0.18286,0.12111,0.26267,71.06,71.00,0.1224,5,88.81,1
688.4111,10867,0.13495,0.08990,0.10148,73.48,73.00,0.1393,8,88.17,1
688.4718,10868,0.10996,0.21531,0.05385,74.19,74.00,0.1443,12,87.36,1
688.5352,10869,0.05390,0.12635,-0.09254,78.24,78.00,0.1403,8,85.37,1
688.5990,10870,0.07953,0.17623,0.07397,73.89,73.00,0.1422,3,85.37,1
688.6619,10871,0.09442,0.10046,0.16140,72.58,72.00,0.1331,3,85.37,1
688.7264,10872,0.08587,0.17953,0.14591,72.81,72.00,0.1347,9,86.43,1
688.7939,10873,0.12861,-0.05993,0.31140,70.33,70.00,0.1173,8,92.29,1
688.8572,10874,0.11246,-0.49566,0.23607,71.46,71.00,0.1252,7,92.29,1
688.9271,10875,0.08419,-0.34761,0.13771,72.93,72.00,0.1355,7,92.29,1
688.9911,10876,0.07751,-0.38656,0.13572,72.96,72.00,0.1357,7,93.86,1
689.0578,10877,0.08466,-0.22016,0.18147,72.28,72.00,0.1309,6,95.48,1
689.1322,10878,0.06327,-0.26954,0.11900,73.22,73.00,0.1375,14,97.43,1
689.2155,10879,0.10575,-0.07837,0.29022,70.65,70.00,0.1195,8,97.43,1
689.2807,10880,0.08646,-0.02240,0.20999,71.85,71.00,0.1280,11,97.43,1
689.3452,10881,0.08658,-0.03153,0.21379,71.79,71.00,0.1276,10,97.43,1
689.4088,10882,0.02876,0.04644,0.01786,74.73,74.00,0.1481,7,100.99,1
689.4774,10883,0.00000,0.04891,-0.03100,76.08,76.00,0.1467,6,103.99,1
689.5407,10884,0.00000,-0.29492,-0.00682,75.24,75.00,0.1493,6,101.99,1
689.6095,10885,-0.02298,-0.32234,-0.01181,75.41,75.00,0.1488,9,101.99,1
689.6732,10886,0.07202,-0.30331,0.35462,69.68,69.00,0.1128,10,101.99,1
689.7354,10887,0.08896,-0.34082,0.33171,70.02,70.00,0.0000,2,101.99,0
689.7963,10888,0.07403,-0.74346,0.25099,71.24,71.00,0.1236,4,101.99,1
689.8616,10889,0.09316,-0.49446,0.29649,70.55,70.00,0.1189,4,101.99,1
689.9213,10890,0.05565,-0.36239,0.14921,72.76,72.00,0.1343,5,101.99,1
689.9812,10891,0.05312,-0.05477,0.14868,72.77,72.00,0.1344,5,101.99,1
690.0442,10892,0.02789,-0.15150,0.06913,73.96,73.00,0.1427,5,101.99,1
690.1037,10893,0.06427,-0.03587,0.22108,71.68,71.00,0.1268,3,101.99,1
690.1634,10894,0.09469,0.03281,0.31907,70.21,70.00,0.1165,6,101.99,1
690.2263,10895,0.06607,-0.04314,0.18875,72.17,72.00,0.1302,4,100.79,1
690.2954,10896,0.03336,-0.37650,0.07699,73.85,73.00,0.1419,4,100.79,1
690.3598,10897,0.04656,0.07530,0.14889,72.77,72.00,0.1344,5,100.79,1
690.4215,10898,0.03855,-0.01099,0.12992,73.05,73.00,0.1364,6,100.79,1
690.4818,10899,0.09714,-0.39834,0.34537,69.82,69.00,0.1137,5,100.01,1
690.5417,10900,0.06843,-0.53799,0.21182,71.82,71.00,0.1278,4,99.31,1
690.6044,10901,0.09617,-0.70717,0.30630,70.41,70.00,0.1178,6,99.31,1
690.6666,10902,0.02779,-0.84463,0.04527,74.32,74.00,0.1452,5,99.31,1
690.7284,10903,0.03494,-0.71329,0.10625,73.41,73.00,0.1388,5,99.31,1
690.7915,10904,0.08827,-0.25805,0.31183,70.32,70.00,0.1173,5,99.31,1
690.8526,10905,0.09544,-0.17173,0.30955,70.36,70.00,0.1175,11,102.88,1
690.9138,10906,0.02852,-0.07207,0.05326,74.20,74.00,0.1444,9,102.88,1
690.9744,10907,0.00000,0.18131,0.03238,74.51,74.00,0.1466,5,102.88,1
691.0350,10908,0.02333,0.15997,0.10081,73.49,73.00,0.1394,10,102.88,1
691.1002,10909,0.05452,0.16355,0.22846,71.57,71.00,0.1260,10,102.88,1
691.1661,10910,0.07864,0.05426,0.29984,70.50,70.00,0.1185,6,102.88,1
691.2259,10911,0.10428,-0.01338,0.36331,69.55,69.00,0.1119,7,102.88,1
691.2844,10912,0.09674,-0.45389,0.30088,70.49,70.00,0.1184,5,102.88,1
691.3429,10913,0.07998,-0.15171,0.22178,71.67,71.00,0.1267,7,102.88,1
691.4003,10914,0.09286,-0.18541,0.26432,71.04,71.00,0.1222,8,102.88,1
691.4586,10915,0.08184,-0.19934,0.21414,71.79,71.00,0.1275,9,102.88,1
691.5171,10916,0.05255,-0.42437,0.11120,73.33,73.00,0.1383,8,106.79,1
691.5760,10917,0.04992,-0.40330,0.12413,73.14,73.00,0.1370,9,109.81,1
691.6350,10918,0.08165,-0.39497,0.25309,71.20,71.00,0.1234,13,109.81,1
691.6950,10919,0.06152,-0.67878,0.17133,72.43,72.00,0.1320,5,109.81,1
691.7562,10920,0.07569,-0.67040,0.22824,71.58,71.00,0.1260,10,109.81,1
691.8197,10921,0.11418,-0.56237,0.35605,69.66,69.00,0.1126,11,109.81,1
691.8820,10922,0.09393,-0.35716,0.25231,71.22,71.00,0.1235,12,109.81,1
691.9431,10923,0.09727,-0.11425,0.25581,71.16,71.00,0.1231,10,109.81,1
692.0044,10924,0.05258,-0.20077,0.09249,73.61,73.00,0.1403,10,109.81,1
692.0645,10925,0.02562,-0.40584,0.02652,74.60,74.00,0.1472,12,109.81,1
692.1272,10926,0.05108,-0.64703,0.15632,72.66,72.00,0.1336,8,109.81,1
692.1911,10927,0.04286,-0.81166,0.13738,72.94,72.00,0.1356,8,109.81,1
692.2501,10928,0.00000,-0.60911,0.01956,74.71,74.00,0.1479,11,109.81,1
692.3095,10929,0.00000,-0.64385,0.07400,73.89,73.00,0.1422,11,109.81,1
692.3686,10930,0.02712,-0.53798,0.15031,72.75,72.00,0.1342,13,109.81,1
692.4279,10931,0.08467,-0.73333,0.35644,69.65,69.00,0.1126,9,109.81,1
692.4868,10932,0.06834,-0.67954,0.25967,71.10,71.00,0.1227,8,109.81,1
692.5461,10933,0.11319,-0.70905,0.40028,69.00,68.00,0.1080,10,109.81,1
692.6107,10934,0.09913,-0.26592,0.30230,70.47,70.00,0.1183,8,109.81,1
692.6694,10935,0.02045,-0.21749,0.00814,74.88,74.00,0.1491,9,109.81,1
692.7284,10936,0.03590,-0.18671,0.10508,73.42,73.00,0.1390,9,114.53,1
692.7883,10937,0.05256,-0.32243,0.18319,72.25,72.00,0.1308,7,116.88,1
692.8523,10938,0.10015,-0.34954,0.35050,69.74,69.00,0.1132,11,116.24,1
692.9164,10939,0.00000,-0.20646,-0.03168,76.11,76.00,0.1467,10,114.72,1
692.9769,10940,-0.08419,-0.12036,-0.27525,84.63,84.00,0.1211,10,114.72,1
693.0360,10941,0.00000,-0.23132,0.08229,73.77,76.00,0.1414,17,110.33,1
693.0948,10942,0.12596,-0.43270,0.57196,66.42,68.00,0.0899,21,106.69,1
693.1525,10943,0.16231,-0.46523,0.61002,65.85,65.00,0.0859,24,103.47,1
693.2116,10944,0.09954,-0.37665,0.29701,70.54,70.00,0.1188,27,103.10,1
693.2703,10945,0.00000,0.03330,-0.04882,76.71,76.00,0.1449,25,100.98,1
693.3282,10946,-0.02798,0.17758,-0.11621,79.07,79.00,0.1378,24,98.47,1
693.3872,10947,0.04168,-0.15206,0.19544,72.07,72.00,0.1295,26,96.92,1
693.4459,10948,0.06632,-0.08992,0.27733,70.84,70.00,0.1209,27,96.29,1
693.5046,10949,0.06008,0.22352,0.23379,71.49,71.00,0.1255,27,95.14,1
693.5632,10950,0.00000,0.45488,-0.03567,76.25,76.00,0.1463,27,93.62,1
693.6233,10951,-0.11116,0.61440,-0.32763,86.47,84.00,0.1156,27,91.68,1
693.6830,10952,-0.18372,0.71377,-0.47764,91.72,91.00,0.0998,27,89.56,1
693.7425,10953,-0.23287,0.75596,-0.52325,93.31,93.00,0.0951,27,87.55,1
693.8017,10954,-0.25625,0.77579,-0.48074,91.83,91.00,0.0995,27,85.63,1
693.8661,10955,-0.21882,0.76834,-0.23627,83.27,83.00,0.1252,27,83.99,1
693.9269,10956,-0.16407,0.67199,-0.00066,75.02,75.00,0.1499,27,82.73,1
693.9886,10957,-0.09619,0.43282,0.22636,71.60,71.00,0.1262,27,81.63,1
694.0482,10958,-0.03530,0.19263,0.38279,69.26,69.00,0.1098,27,80.51,1
694.1132,10959,0.02066,0.02133,0.48524,67.72,67.00,0.0991,27,79.23,1
694.1774,10960,0.06671,-0.22408,0.53941,66.91,66.00,0.0934,27,77.95,1
694.2489,10961,0.10034,-0.46192,0.53555,66.97,66.00,0.0938,27,76.66,1
694.3147,10962,0.10506,-0.59541,0.45442,68.18,68.00,0.1023,27,76.10,1
